#"Step","Time (ps)","Potential Energy (kJ/mole)","Total Energy (kJ/mole)","Temperature (K)","Speed (ns/day)","Time Remaining"
112500,450.00000000069247,-3627603.5530989356,-3090774.7336995876,300.04585039903077,0,--
125000,500.0000000009312,-3628098.163131533,-3089616.677662774,300.96956309533675,138,17:20:28
137500,550.00000000117,-3628966.7364192884,-3091177.237724685,300.58279593118056,138,17:20:39
150000,600.0000000014087,-3628561.9772459194,-3090735.9932986666,300.60318836963114,138,17:19:48
162500,650.0000000016474,-3628853.07060316,-3089091.192165125,301.68520387956505,138,17:17:55
175000,700.0000000018862,-3626083.484802518,-3088031.5838874825,300.7294585069048,138,17:17:43
187500,750.0000000021249,-3626306.4843782913,-3088975.897826704,300.32629948532303,138,17:15:29
200000,800.0000000023637,-3627825.8513390757,-3090767.761899976,300.1739946445749,138,17:14:34
212500,850.0000000026024,-3628303.703368753,-3090135.240947844,300.79460738656576,138,17:14:26
225000,900.0000000028411,-3632116.493045848,-3093206.8795669964,301.2088535883687,138,17:13:05
237500,950.0000000030799,-3625209.3289129008,-3085015.1473133108,301.92682795981466,138,17:12:49
250000,1000.0000000033186,-3627323.730091665,-3088671.788688488,301.06483479825164,138,17:12:44
262500,1050.0000000028183,-3629303.831336705,-3089342.191196938,301.7968552431047,138,17:12:02
275000,1100.000000001636,-3628772.498342743,-3091534.2308487883,300.2747002619687,138,17:11:26
287500,1150.0000000004536,-3627599.398162201,-3089726.1719808546,300.62959312994064,138,17:11:34
300000,1199.9999999992713,-3631747.0153211374,-3094168.916030851,300.464639990683,138,17:11:20
312500,1249.999999998089,-3630404.103472935,-3090694.750538572,301.65584617959166,138,17:11:04
325000,1299.9999999969066,-3629150.0774940047,-3092062.6428069696,300.190396371818,138,17:10:19
337500,1349.9999999957242,-3629464.0135141816,-3091971.384761174,300.4168685612906,138,17:09:43
350000,1399.999999994542,-3630221.759832781,-3090325.818338585,301.7601347741802,138,17:09:29
362500,1449.9999999933596,-3627633.308278203,-3088022.6734949676,301.60067035717964,138,17:09:21
375000,1499.9999999921772,-3629051.854456883,-3090274.026929382,301.13519541948006,138,17:08:25
387500,1549.9999999909949,-3627172.150496347,-3088836.9386127284,300.88780745804905,138,17:07:36
400000,1599.9999999898125,-3630441.2131108753,-3093518.2624337617,300.0984625134808,138,17:07:20
412500,1649.9999999886302,-3631919.3205269277,-3093761.730674007,300.788530460756,138,17:06:31
425000,1699.9999999874478,-3627723.5212161522,-3087414.0216939184,301.9912817724932,138,17:05:33
437500,1749.9999999862655,-3627242.196901789,-3087824.424798874,301.4928750137929,138,17:05:09
450000,1799.9999999850832,-3624735.51345711,-3086586.5520419315,300.783707830438,138,17:04:30
462500,1849.9999999839008,-3630318.9013636224,-3090658.6374919405,301.62840918473387,138,17:04:01
475000,1899.9999999827185,-3628819.479040671,-3087961.083890993,302.29807203666167,138,17:03:29
487500,1949.9999999815361,-3633550.1521326005,-3096447.521809539,300.1988895587878,138,17:02:55
500000,1999.9999999803538,-3628256.2683333736,-3092079.958738117,299.6811478123079,138,17:02:13
512500,2049.9999999791717,-3627534.0612344183,-3087745.641714924,301.70003829431545,138,17:01:43
525000,2099.9999999779893,-3625666.3538048137,-3086750.918935851,301.21210729585084,138,17:01:02
537500,2149.999999976807,-3627735.5764728636,-3089978.567518318,300.56463667569204,138,17:00:37
550000,2199.9999999756246,-3626648.772386873,-3087140.541172619,301.54343467081475,138,17:00:32
562500,2249.9999999744423,-3628863.782325588,-3090310.573631519,301.0096508390527,138,17:00:02
575000,2299.99999997326,-3629524.141523272,-3089082.7639766373,302.06499140310615,138,16:59:28
587500,2349.9999999720776,-3628726.621183859,-3088780.8727422636,301.7879730111532,138,16:58:45
600000,2399.9999999708953,-3625211.880534187,-3085382.744788266,301.72279552034684,138,16:58:23
612500,2449.999999969713,-3628592.08405577,-3089915.6401887764,301.0785297831836,138,16:58:03
625000,2499.9999999685306,-3629905.4976082575,-3091820.3443342857,300.7480440074485,138,16:57:44
637500,2549.9999999673482,-3630173.305885561,-3094566.325845782,299.36293656049435,138,16:57:19
650000,2599.999999966166,-3626017.287537791,-3086182.848665376,301.7257595584927,138,16:56:57
662500,2649.9999999649835,-3627808.0966911744,-3090999.0243774382,300.03481330325445,138,16:56:29
675000,2699.999999963801,-3628007.3405175265,-3090432.850007404,300.46262296128,138,16:55:55
687500,2749.999999962619,-3631646.939237654,-3095208.6887322874,299.8275525511895,138,16:55:26
700000,2799.9999999614365,-3628763.2116329204,-3090619.6417529266,300.78069437866156,138,16:55:00
712500,2849.999999960254,-3628549.8388172574,-3090126.517118314,300.93705404003623,138,16:54:22
725000,2899.999999959072,-3629638.1899152994,-3090363.9807360326,301.4126344269334,138,16:53:47
737500,2949.9999999578895,-3627503.748893611,-3089396.235245824,300.76054172950484,138,16:53:11
750000,2999.999999956707,-3630119.863456767,-3090375.081611995,301.6756482043122,138,16:52:49
762500,3049.999999955525,-3628209.327636948,-3088416.3696868243,301.70257492653116,138,16:52:14
775000,3099.9999999543425,-3627634.1971789654,-3089965.924252526,300.51504008912315,138,16:51:43
787500,3149.99999995316,-3629045.224207945,-3088927.0531428065,301.8843439414003,138,16:51:20
800000,3199.9999999519778,-3628477.1816611104,-3091709.277305501,300.01180359409005,138,16:50:40
812500,3249.9999999507954,-3629340.8241510745,-3089465.7836847855,301.7484527137807,138,16:49:59
825000,3299.999999949613,-3631020.5011416636,-3090313.22651244,302.2136073368656,138,16:49:29
837500,3349.9999999484307,-3630528.655420959,-3092111.630269327,300.93353475637554,138,16:49:00
850000,3399.9999999472484,-3629414.3643757366,-3089618.2633850193,301.7043316434839,138,16:48:27
862500,3449.999999946066,-3630160.6025198884,-3090654.7321547274,301.54211513850146,138,16:47:57
875000,3499.9999999448837,-3631357.448502604,-3093538.655184589,300.5991693632244,138,16:47:26
887500,3549.9999999437014,-3627101.9434915334,-3090152.677853879,300.1131705441013,138,16:47:04
900000,3599.999999942519,-3630160.2778615635,-3092494.9407510096,300.513399194778,138,16:46:40
912500,3649.9999999413367,-3626635.3394522686,-3087811.6081989156,301.16085205705605,138,16:46:07
925000,3699.9999999401543,-3625114.6156949997,-3084027.0922289197,302.4261370697988,138,16:45:28
937500,3749.999999938972,-3627936.884142045,-3089087.0766757876,301.1754266461865,138,16:45:02
950000,3799.9999999377897,-3631981.737936761,-3096352.7599329776,299.37523172345584,138,16:44:30
962500,3849.9999999366073,-3629399.277109757,-3092452.3049946595,300.1118886421222,138,16:43:49
975000,3899.999999935425,-3627078.9238661192,-3089055.8067899607,300.71337056396743,138,16:43:20
987500,3949.9999999342426,-3629185.7117188033,-3091156.6263551316,300.71670637575244,138,16:42:48
1000000,3999.9999999330603,-3625190.2470572144,-3086297.4596338994,301.1994491228111,138,16:42:12
1012500,4049.999999931878,-3626158.4899924994,-3086583.704830517,301.58063318758906,138,16:41:46
1025000,4099.999999930696,-3630411.5074817166,-3091342.397589698,301.29799976531535,138,16:41:14
1037500,4149.999999929513,-3628525.487820275,-3088603.778524286,301.7745369853182,138,16:40:45
1050000,4199.999999928331,-3631278.222394027,-3092442.742132793,301.1674188450778,138,16:40:10
1062500,4249.999999927149,-3630801.2029473,-3093344.4171077795,300.39683514082316,138,16:39:42
1075000,4299.999999925966,-3627123.5625273976,-3089199.4907029164,300.6580119176102,138,16:39:08
1087500,4349.999999924784,-3626898.23341964,-3088613.8359889365,300.8594061033032,138,16:38:31
1100000,4399.9999999236015,-3628950.9302962907,-3091386.309383716,300.4571066184864,138,16:38:06
1112500,4449.999999922419,-3629550.4268918224,-3089018.8114834344,302.1154273986965,138,16:37:31
1125000,4499.999999921237,-3627097.9137437977,-3088324.715310814,301.1326081131529,138,16:37:04
1137500,4549.9999999200545,-3628127.0735675376,-3088087.8044864484,301.84024382596925,138,16:36:37
1150000,4599.999999918872,-3624318.3758064415,-3086165.8577951565,300.78569569298327,138,16:36:05
1162500,4649.99999991769,-3627228.806374684,-3091447.667692273,299.46027779133874,138,16:35:29
1175000,4699.9999999165075,-3629991.989745304,-3091072.246171796,301.2145155289275,138,16:34:59
1187500,4749.999999915325,-3630681.9875829834,-3090747.6778137907,301.7815796766962,138,16:34:23
1200000,4799.999999914143,-3628558.4107928704,-3090117.376471621,300.9469540279478,138,16:33:46
1212500,4849.99999991296,-3629557.268498296,-3089016.224073247,302.1206974908005,138,16:33:07
1225000,4899.999999911778,-3628769.32157699,-3093231.890262599,299.3240641942967,138,16:32:32
1237500,4949.999999910596,-3629432.7337426525,-3090771.885874616,301.06981282425573,138,16:32:00
1250000,4999.999999909413,-3628041.77734543,-3089696.213503671,300.893593403161,138,16:31:35
1262500,5049.999999908231,-3628583.828867683,-3088441.3780158414,301.8979144670233,138,16:31:07
1275000,5099.999999907049,-3626735.1949179918,-3087483.5962838395,301.3999968784417,138,16:30:35
1287500,5149.999999905866,-3627384.419853637,-3089579.3519996917,300.59149788883605,138,16:30:04
1300000,5199.999999904684,-3625456.353252452,-3086492.306498695,301.23927758512275,138,16:29:38
1312500,5249.999999903502,-3631278.585126424,-3093121.178570447,300.78842801192064,138,16:29:05
1325000,5299.999999902319,-3627821.9224700723,-3089704.384016034,300.7661448219767,138,16:28:38
1337500,5349.999999901137,-3625547.658600487,-3086695.8882644842,301.1765237387803,138,16:28:08
1350000,5399.999999899955,-3625946.202766355,-3085113.118278851,302.2839253312658,138,16:27:33
1362500,5449.999999898772,-3629861.6104226783,-3089453.198520721,302.04656615369004,138,16:27:06
1375000,5499.99999989759,-3628315.933194652,-3090442.6515804743,300.6296241126122,138,16:26:34
1387500,5549.999999896408,-3629350.827780133,-3089370.0799889443,301.807534944553,138,16:26:02
1400000,5599.999999895225,-3630631.071919406,-3091334.012336593,301.4254060377638,138,16:25:32
1412500,5649.999999894043,-3628431.292688556,-3090807.4531958587,300.4902052312846,138,16:24:59
1425000,5699.999999892861,-3626726.214805644,-3089850.723338861,300.0719364802124,138,16:24:27
1437500,5749.999999891678,-3628990.8389461655,-3092217.2793377815,300.01496444363227,138,16:23:53
1450000,5799.999999890496,-3629661.858601231,-3091087.31170843,301.0215772441807,138,16:23:23
1462500,5849.999999889314,-3627762.3661215473,-3086989.4698724267,302.2502847543868,138,16:22:54
1475000,5899.999999888131,-3626243.3470582776,-3086786.7884612223,301.51455366851076,138,16:22:18
1487500,5949.999999886949,-3629228.3739942964,-3091597.7170777367,300.4940156447098,138,16:21:51
1500000,5999.999999885767,-3629308.491252424,-3089344.366955762,301.798243694956,138,16:21:17
1512500,6049.999999884584,-3626834.0873858966,-3088250.856551934,301.02643089662354,138,16:20:41
1525000,6099.999999883402,-3626958.2862486895,-3089872.929511549,300.18923495830825,138,16:20:09
1537500,6149.9999998822195,-3628014.166874932,-3086295.6629083417,302.7788064385424,138,16:19:37
1550000,6199.999999881037,-3634546.9587633256,-3095585.2171475193,301.23798919103587,138,16:19:05
1562500,6249.999999879855,-3628156.5122874305,-3087930.909915684,301.94438974480323,138,16:18:32
1575000,6299.9999998786725,-3630579.4562682174,-3093082.691678978,300.41918017433073,138,16:18:00
1587500,6349.99999987749,-3629778.363795668,-3091209.7198560024,301.0182779492669,138,16:17:29
1600000,6399.999999876308,-3628958.058098832,-3091863.193362512,300.1945491955405,138,16:16:53
1612500,6449.9999998751255,-3625178.0315988455,-3085478.0501822033,301.65060822495434,138,16:16:24
1625000,6499.999999873943,-3630913.2404128145,-3091175.36922534,301.67178568059757,138,16:15:53
1637500,6549.999999872761,-3627717.398489423,-3091015.446902441,299.9749410900033,138,16:15:25
1650000,6599.999999871578,-3629834.1860840376,-3091702.4099135958,300.774102605858,138,16:14:57
1662500,6649.999999870396,-3624999.775301449,-3083320.601039093,302.7568241713343,138,16:14:30
1675000,6699.999999869214,-3630892.640195243,-3093786.83495232,300.2006640937892,138,16:14:00
1687500,6749.999999868031,-3628171.345590735,-3090301.252422309,300.6278420176826,138,16:13:31
1700000,6799.999999866849,-3629960.7918853555,-3091340.5620276346,301.0471104934453,138,16:12:57
1712500,6849.999999865667,-3627797.3043276276,-3089691.9973183637,300.75930838899046,138,16:12:23
1725000,6899.999999864484,-3629352.4838312455,-3091440.051181498,300.65150651783534,138,16:11:50
1737500,6949.999999863302,-3627114.2533865348,-3086261.4361502607,302.2949544138548,138,16:11:19
1750000,6999.99999986212,-3625968.0294501837,-3088508.1964344084,300.39853827701415,138,16:10:52
1762500,7049.999999860937,-3625642.3170666136,-3086915.723965349,301.10655933208244,138,16:10:20
1775000,7099.999999859755,-3629127.083494855,-3092413.7905021943,299.9812800598735,138,16:09:52
1787500,7149.999999858573,-3629905.201158261,-3090184.2136059497,301.6623490324757,138,16:09:23
1800000,7199.99999985739,-3626157.707984185,-3087813.23908741,300.89298141347814,138,16:08:53
1812500,7249.999999856208,-3632267.220447071,-3094470.2443036996,300.58697524755326,138,16:08:25
1825000,7299.999999855026,-3628788.552749429,-3090285.0852798973,300.981849336084,138,16:07:56
1837500,7349.999999853843,-3629087.3654450495,-3091218.908628819,300.6269274231819,138,16:07:27
1850000,7399.999999852661,-3630182.9967208076,-3091525.8239561636,301.06775872529,138,16:06:53
1862500,7449.999999851479,-3628965.36739029,-3092007.6361233527,300.11790217706425,138,16:06:25
1875000,7499.999999850296,-3631011.3059322424,-3091162.2651911676,301.7339208753619,138,16:05:50
1887500,7549.999999849114,-3626480.266041903,-3087407.6530022,301.2999577543204,138,16:05:21
1900000,7599.999999847932,-3626882.429301666,-3089643.5210162783,300.27505841489085,138,16:04:52
1912500,7649.999999846749,-3628638.6651991475,-3089113.545307667,301.55287413706054,138,16:04:21
1925000,7699.999999845567,-3628670.1541496497,-3089178.3432958857,301.5342569574559,138,16:03:46
1937500,7749.999999844385,-3630222.6140366644,-3092334.8705192674,300.6377071996094,138,16:03:14
1950000,7799.999999843202,-3628769.6533809826,-3090883.497439608,300.63681986722236,138,16:02:37
1962500,7849.99999984202,-3623238.3000892997,-3084568.9896380333,301.0745427547106,138,16:02:09
1975000,7899.9999998408375,-3627882.734116217,-3090281.1189673184,300.4777835395022,138,16:01:41
1987500,7949.999999839655,-3626642.9799227174,-3087045.392268442,301.59337801972936,138,16:01:10
2000000,7999.999999838473,-3632374.8768878207,-3094287.4670494436,300.74930525267496,138,16:00:40
2012500,8049.9999998372905,-3631974.1264254674,-3094798.529546039,300.23967222854134,138,16:00:10
2025000,8099.999999836108,-3627293.910081316,-3087940.5007470585,301.45690119689255,138,15:59:40
2037500,8149.999999834926,-3629101.8997281156,-3090316.3001926984,301.1395393716678,138,15:59:06
2050000,8199.999999835562,-3627258.23259997,-3089658.6316317795,300.4766577680429,138,15:58:37
2062500,8249.999999845748,-3625708.891009841,-3087381.476788612,300.8834491669918,138,15:58:06
2075000,8299.999999855934,-3628279.3881644793,-3089422.5242656036,301.17937064704716,138,15:57:33
2087500,8349.99999986612,-3629539.009164151,-3090221.2700051107,301.4369643237774,138,15:56:59
2100000,8399.999999876307,-3630240.06673841,-3091616.9238461917,301.0487386547536,138,15:56:26
2112500,8449.999999886493,-3626349.276806399,-3088640.311438055,300.53778402144377,138,15:55:55
2125000,8499.99999989668,-3631516.4146483727,-3094092.036504319,300.3787217419251,138,15:55:26
2137500,8549.999999906866,-3628926.467996219,-3089250.598086275,301.6371317548578,138,15:54:54
2150000,8599.999999917052,-3628194.251954293,-3092297.71727975,299.5247752388314,138,15:54:22
2162500,8649.999999927239,-3628233.7015476786,-3091869.861594711,299.7859627991746,138,15:53:52
2175000,8699.999999937425,-3627842.4489570744,-3089360.73024797,300.9696934586764,138,15:53:23
2187500,8749.999999947611,-3626749.6559526697,-3089383.8446188555,300.3459874181548,138,15:52:55
2200000,8799.999999957798,-3627814.2070218287,-3089655.5641388893,300.78911902321005,138,15:52:22
2212500,8849.999999967984,-3626137.061186457,-3087719.428467149,300.93387433978376,138,15:51:51
2225000,8899.99999997817,-3628685.921922205,-3090323.6171800955,300.90295027354597,138,15:51:24
2237500,8949.999999988357,-3628491.2581894808,-3091655.269750514,300.0498573385081,138,15:50:54
2250000,8999.999999998543,-3629934.9080073256,-3092892.74320664,300.16509400157213,138,15:50:25
2262500,9050.00000000873,-3628875.453110287,-3093434.26278303,299.270272915244,138,15:49:54
2275000,9100.000000018916,-3627009.9647313748,-3086041.0647056713,302.3598357279951,138,15:49:23
2287500,9150.000000029102,-3625810.850487007,-3089371.5857468685,299.8281194300968,138,15:48:53
2300000,9200.000000039288,-3629291.625233777,-3092371.8252457757,300.0967015215967,138,15:48:20
2312500,9250.000000049475,-3628696.702202147,-3092808.9779298855,299.51985090438933,138,15:47:47
2325000,9300.000000059661,-3627068.1618472952,-3088976.122857505,300.75189259080247,138,15:47:13
2337500,9350.000000069847,-3627279.5859588124,-3087751.070899163,301.5547717738557,138,15:46:44
2350000,9400.000000080034,-3627435.451380344,-3087924.41655613,301.54500167225757,138,15:46:12
2362500,9450.00000009022,-3630315.5892276783,-3094318.5429343125,299.58095347117444,138,15:45:39
2375000,9500.000000100406,-3627204.676931303,-3089867.677836615,300.32988360167144,138,15:45:06
2387500,9550.000000110593,-3626442.140650222,-3088517.968293802,300.65806810719994,138,15:44:34
2400000,9600.000000120779,-3629638.1996890865,-3091391.389502017,300.83839773699975,138,15:44:03
2412500,9650.000000130965,-3631608.4198563844,-3093031.232076255,301.02305329623965,138,15:43:30
2425000,9700.000000141152,-3631613.4621167295,-3091432.5432224832,301.91941513181524,138,15:42:58
2437500,9750.000000151338,-3627701.4328188617,-3088629.5825099573,301.29953144671026,138,15:42:26
2450000,9800.000000161524,-3626227.4396114293,-3087967.987523089,300.84546358346745,138,15:41:56
2462500,9850.00000017171,-3628867.6125614326,-3088777.4929252896,301.8686653590224,138,15:41:24
2475000,9900.000000181897,-3628890.585838018,-3089663.107561175,301.386515461537,138,15:40:53
2487500,9950.000000192083,-3627581.5153029133,-3090856.0078396653,299.98810700560017,138,15:40:23
2500000,10000.00000020227,-3631193.98675655,-3092748.852076077,300.9492458120804,138,15:39:51
2512500,10050.000000212456,-3629255.905373065,-3092025.7443714133,300.2701693588407,138,15:39:22
2525000,10100.000000222642,-3627328.4775673784,-3088320.0133027867,301.2641035432857,138,15:38:49
2537500,10150.000000232829,-3630749.1401881017,-3090728.465760966,301.82985085048665,138,15:38:18
2550000,10200.000000243015,-3624705.0953515545,-3085241.3828973128,301.51855212218106,138,15:37:46
2562500,10250.000000253202,-3629505.56543215,-3090349.1943147434,301.34677205106505,138,15:37:18
2575000,10300.000000263388,-3626219.728403542,-3087726.5869896384,300.9760778684763,138,15:36:47
2587500,10350.000000273574,-3631505.137101209,-3094273.030352631,300.2712568811011,138,15:36:18
2600000,10400.00000028376,-3626924.818725301,-3089837.1176669854,300.1905452527917,138,15:35:49
2612500,10450.000000293947,-3628124.9863249958,-3089531.6932425336,301.03205491642063,138,15:35:20
2625000,10500.000000304133,-3627154.9467713777,-3089467.1749919713,300.5259384420224,138,15:34:48
2637500,10550.00000031432,-3626500.991190601,-3088242.4302522447,300.84496549945055,138,15:34:17
2650000,10600.000000324506,-3629046.345630767,-3093024.1127580036,299.59503082388153,138,15:33:48
2662500,10650.000000334692,-3627473.42847378,-3088290.47574582,301.36162911844895,138,15:33:16
2675000,10700.000000344879,-3630369.4559967723,-3091805.836373274,301.01546974456073,138,15:32:43
2687500,10750.000000355065,-3627050.1931475047,-3089346.6133737876,300.5347738899801,138,15:32:10
2700000,10800.000000365251,-3628526.7016392928,-3089692.2646952923,301.1668357113205,138,15:31:40
2712500,10850.000000375438,-3629663.4229753744,-3090675.039811752,301.25287975872055,138,15:31:07
2725000,10900.000000385624,-3629380.484670503,-3090450.091596823,301.2204677770559,138,15:30:36
2737500,10950.00000039581,-3624767.960342344,-3086388.158799754,300.91272963372495,138,15:30:05
2750000,11000.000000405997,-3629573.055662466,-3088172.4257944166,302.6011393670851,138,15:29:33
2762500,11050.000000416183,-3625684.5902331453,-3086571.3323371354,301.3226750899669,138,15:29:02
2775000,11100.00000042637,-3629362.7365594395,-3089674.5010520183,301.6440431688442,138,15:28:33
2787500,11150.000000436556,-3627984.3490145095,-3089635.853960558,300.8952317243972,138,15:28:04
2800000,11200.000000446742,-3628764.999682283,-3092884.100533381,299.51603618754007,138,15:27:33
2812500,11250.000000456928,-3628762.6859724317,-3090746.0161766214,300.7097670321803,138,15:27:02
2825000,11300.000000467115,-3627288.2405671272,-3088766.911498229,300.9918325906667,138,15:26:30
2837500,11350.000000477301,-3631816.903687926,-3093821.4165904205,300.6979275397821,138,15:25:59
2850000,11400.000000487487,-3630665.7702108845,-3091604.214671258,301.2937774657559,138,15:25:26
2862500,11450.000000497674,-3627609.3626661077,-3089161.8490974824,300.95057542683423,138,15:24:54
2875000,11500.00000050786,-3627678.856737215,-3089105.5688294247,301.0208735687921,138,15:24:23
2887500,11550.000000518046,-3628776.3537733387,-3090366.1734319944,300.9297090360539,138,15:23:54
2900000,11600.000000528233,-3632487.6153391115,-3094556.9378851866,300.6617039543121,138,15:23:21
2912500,11650.000000538419,-3628830.0771885403,-3089237.6820955826,301.5904757789779,138,15:22:48
2925000,11700.000000548605,-3629606.3762138784,-3091876.4214537917,300.5495154704031,138,15:22:17
2937500,11750.000000558792,-3630966.312332498,-3091091.8295968343,301.74814098543504,138,15:21:46
2950000,11800.000000568978,-3627714.792809801,-3091884.3587856763,299.4878300802447,138,15:21:16
2962500,11850.000000579164,-3627849.352597842,-3089263.099894937,301.0281198879814,138,15:20:46
2975000,11900.00000058935,-3627144.865884077,-3087350.507645664,301.70335757953995,138,15:20:14
2987500,11950.000000599537,-3626344.880475063,-3086798.9937288156,301.56448120503694,138,15:19:41
3000000,12000.000000609723,-3629736.39946953,-3092574.591027393,300.23196555698564,138,15:19:09
3012500,12050.00000061991,-3630250.9545728527,-3092515.5757606532,300.552547096631,138,15:18:36
3025000,12100.000000630096,-3624310.665555086,-3085827.967419958,300.97024088218166,138,15:18:02
3037500,12150.000000640282,-3627618.4438960645,-3090247.5798025015,300.3488115206263,138,15:17:31
3050000,12200.000000650469,-3626949.8558848184,-3087678.3997180946,301.4110957055386,138,15:17:00
3062500,12250.000000660655,-3630049.0132882,-3093201.2019624393,300.0564654191364,138,15:16:28
3075000,12300.000000670841,-3627824.416923687,-3089890.092874052,300.663742119685,138,15:15:55
3087500,12350.000000681028,-3630086.7474229448,-3092515.7179952385,300.4606884835111,138,15:15:24
3100000,12400.000000691214,-3628721.0708252843,-3089505.179475736,301.3800392640453,138,15:14:55
3112500,12450.0000007014,-3625882.41257599,-3087932.083350881,300.67268777668477,138,15:14:23
3125000,12500.000000711587,-3631059.2732170224,-3091041.6699820166,301.8281342912763,138,15:13:53
3137500,12550.000000721773,-3627948.070636537,-3089952.391888112,300.6980346578446,138,15:13:20
3150000,12600.00000073196,-3628015.9194766153,-3089549.86378284,300.96093904277257,138,15:12:48
3162500,12650.000000742146,-3628869.4087169413,-3091166.8337462903,300.53421228266774,138,15:12:18
3175000,12700.000000752332,-3629201.2956644576,-3090372.00724208,301.163958085357,138,15:11:45
3187500,12750.000000762519,-3630330.5553635247,-3094381.9350724495,299.55388707586627,138,15:11:16
3200000,12800.000000772705,-3626571.425448101,-3087836.2613251843,301.11134987124046,138,15:10:45
3212500,12850.000000782891,-3626244.6606177073,-3086530.1449342873,301.6587317575921,138,15:10:15
3225000,12900.000000793078,-3628947.5146482605,-3092026.539921482,300.0973581098475,138,15:09:46
3237500,12950.000000803264,-3626827.5400129315,-3087714.2563156895,301.3226895108629,138,15:09:15
3250000,13000.00000081345,-3631527.0215897337,-3092529.3332432094,301.2580806373172,138,15:08:42
3262500,13050.000000823637,-3630215.925122287,-3092608.329643174,300.481126082227,138,15:08:11
3275000,13100.000000833823,-3628639.6422965694,-3088235.8458822872,302.04398645253696,138,15:07:40
3287500,13150.00000084401,-3630103.052026486,-3091888.7570005013,300.8202242731205,138,15:07:08
3300000,13200.000000854196,-3629824.2248854097,-3092117.586770719,300.5364832663869,138,15:06:37
3312500,13250.000000864382,-3625701.870758105,-3085861.855609013,301.72887626649623,138,15:06:06
3325000,13300.000000874568,-3630162.16845789,-3091244.8049641815,301.2131852481348,138,15:05:34
3337500,13350.000000884755,-3630094.8217137586,-3091125.2981947586,301.24233867391956,138,15:05:02
3350000,13400.000000894941,-3632320.24299486,-3097559.3270022804,298.8900521001966,138,15:04:30
3362500,13450.000000905127,-3629182.166271195,-3094095.7433794285,299.07198531772866,138,15:04:01
3375000,13500.000000915314,-3631707.4884304646,-3093817.458880141,300.63898491546354,138,15:03:29
3387500,13550.0000009255,-3629340.1256143507,-3090255.0810407912,301.30690602165083,138,15:02:59
3400000,13600.000000935686,-3629138.2056664582,-3088329.887452036,302.2700828973287,138,15:02:29
3412500,13650.000000945873,-3633301.847868914,-3094945.6593290446,300.8995317888521,138,15:01:58
3425000,13700.000000956059,-3629360.433023995,-3090544.4688178804,301.1565108775039,138,15:01:28
3437500,13750.000000966245,-3627891.449997356,-3088581.4569186685,301.4326348630954,138,15:00:58
3450000,13800.000000976432,-3630708.293530533,-3093189.027860578,300.4317565406775,138,15:00:28
3462500,13850.000000986618,-3627758.4570536166,-3088448.2862632144,301.43273419021887,138,14:59:54
3475000,13900.000000996804,-3629764.9683692697,-3091165.6151529425,301.035442063223,138,14:59:23
3487500,13950.00000100699,-3627569.949245503,-3088916.9577561943,301.0654217153006,138,14:58:50
3500000,14000.000001017177,-3629056.7573397327,-3091607.050850697,300.3928783306452,138,14:58:18
3512500,14050.000001027363,-3629359.5001068506,-3090175.003767499,301.36249187800297,138,14:57:46
3525000,14100.00000103755,-3626549.1980838273,-3089900.9729171535,299.944912170378,138,14:57:14
3537500,14150.000001047736,-3628289.2288394254,-3089780.560757257,300.9847560769012,138,14:56:43
3550000,14200.000001057922,-3627545.286811216,-3088427.4132520584,301.32525488919555,138,14:56:15
3562500,14250.000001068109,-3631797.783363292,-3092788.458397745,301.2645846086473,138,14:55:45
3575000,14300.000001078295,-3632308.164615268,-3094140.1767582474,300.7943421420029,138,14:55:14
3587500,14350.000001088481,-3630461.4636806473,-3091731.360719743,301.10852107255204,138,14:54:43
3600000,14400.000001098668,-3630157.3286186047,-3089678.209931375,302.08608578592543,138,14:54:13
3612500,14450.000001108854,-3626954.3457838837,-3088566.0873156385,300.9174564020324,138,14:53:39
3625000,14500.00000111904,-3627962.461698806,-3089430.4299678444,300.9978145521866,138,14:53:08
3637500,14550.000001129227,-3628479.352782501,-3090409.2491442524,300.7396324233724,138,14:52:35
3650000,14600.000001139413,-3630356.609549161,-3093799.186106365,299.8941610194077,138,14:52:02
3662500,14650.0000011496,-3627248.4044227004,-3088253.1773945764,301.25670495042095,138,14:51:32
3675000,14700.000001159786,-3631904.585084077,-3092309.798928228,301.5918121984706,138,14:51:01
3687500,14750.000001169972,-3630113.2816461716,-3090635.0412504254,301.52667211947954,138,14:50:29
3700000,14800.000001180159,-3627930.8544162773,-3090233.603653296,300.53123646177244,138,14:49:59
3712500,14850.000001190345,-3627955.514438888,-3089556.5176108563,300.9234583158226,138,14:49:26
3725000,14900.000001200531,-3630747.866170218,-3093231.735575694,300.43000427563544,138,14:48:56
3737500,14950.000001210718,-3629613.859580947,-3091326.518376822,300.86105144529637,138,14:48:24
3750000,15000.000001220904,-3628164.5121582393,-3088733.539994284,301.5002528284651,138,14:47:51
3762500,15050.00000123109,-3629026.6334762406,-3088351.40390385,302.1956966249569,138,14:47:20
3775000,15100.000001241277,-3628765.5253608543,-3090471.722945745,300.8646627632328,138,14:46:48
3787500,15150.000001251463,-3630796.216736622,-3093748.5369110536,300.16817647455235,138,14:46:17
3800000,15200.00000126165,-3625701.9949700646,-3087016.5481648506,301.08356173034593,138,14:45:43
3812500,15250.000001271836,-3630976.27268162,-3094544.3070105733,299.8240398141867,138,14:45:11
3825000,15300.000001282022,-3625393.561597865,-3085888.553620861,301.54163313012464,138,14:44:43
3837500,15350.000001292208,-3631328.5747528393,-3091072.8490765574,301.9612263455957,138,14:44:12
3850000,15400.000001302395,-3626338.3669523243,-3089216.7269800957,300.20951448454423,138,14:43:42
3862500,15450.000001312581,-3631140.3147138506,-3093794.234855788,300.33495904708474,138,14:43:11
3875000,15500.000001322767,-3627624.5853603315,-3089542.354422679,300.7464106471398,138,14:42:40
3887500,15550.000001332954,-3628816.163005218,-3090847.143509688,300.68313419438823,138,14:42:09
3900000,15600.00000134314,-3631337.271764219,-3092367.710217757,301.24235992833377,138,14:41:37
3912500,15650.000001353326,-3627259.823946584,-3090813.9042663034,299.83183902767087,138,14:41:05
3925000,15700.000001363513,-3629634.665167693,-3088582.6884557554,302.4062691795326,138,14:40:34
3937500,15750.000001373699,-3629329.334960401,-3089682.4858974665,301.62091134267854,138,14:40:02
3950000,15800.000001383885,-3627299.531340765,-3089832.9206521967,300.4023264726611,138,14:39:31
3962500,15850.000001394072,-3630329.5308381394,-3092666.670490748,300.51201487545245,138,14:39:00
3975000,15900.000001404258,-3628421.5399689153,-3091478.850540568,300.10949495098373,138,14:38:27
3987500,15950.000001414444,-3629290.026452545,-3091366.8913571965,300.6574883583693,138,14:37:53
4000000,16000.00000142463,-3629262.428573463,-3091568.1682620663,300.5295650302912,138,14:37:20
4012500,16050.000001434817,-3625458.819567209,-3084768.669968278,302.2040357675095,138,14:36:46
4025000,16100.000001445003,-3630568.0563459005,-3093785.0310476916,300.02025503320266,138,14:36:14
4037500,16150.00000145519,-3626590.692345187,-3089422.110363229,300.2357514426205,138,14:35:41
4050000,16200.000001465376,-3629696.852482727,-3090558.1572835483,301.3368925778985,138,14:35:09
4062500,16250.000001475562,-3628485.8999346066,-3091858.57356112,299.9332313590142,138,14:34:37
4075000,16300.000001485749,-3626960.7640056796,-3088528.3043449013,300.942161454971,138,14:34:05
4087500,16350.000001495935,-3627704.1092398744,-3087648.5856306916,301.84932885182565,138,14:33:33
4100000,16400.00000150612,-3628389.3756386302,-3091904.173694841,299.85379477917706,138,14:33:01
4112500,16450.000001516306,-3631424.9039355386,-3093850.1734459675,300.4627570912581,138,14:32:29
4125000,16500.000001526492,-3628882.8802221045,-3089736.7326398483,301.3410578844863,138,14:31:57
4137500,16550.00000153668,-3630544.0074937847,-3093023.2431398802,300.4325941892608,138,14:31:26
4150000,16600.000001546865,-3628049.355009906,-3088536.022388118,301.54628596364097,138,14:30:53
4162500,16650.00000155705,-3626569.598327305,-3088524.1853375323,300.72583225774974,138,14:30:21
4175000,16700.000001567238,-3629312.5094543733,-3091183.4128860515,300.7726049152204,138,14:29:49
4187500,16750.000001577424,-3626994.046686854,-3090421.6013459926,299.90255710027503,138,14:29:18
4200000,16800.00000158761,-3626111.6979679633,-3086864.4833207093,301.39754656834396,138,14:28:45
4212500,16850.000001597797,-3629458.4693666548,-3091419.215647493,300.7223897011626,138,14:28:14
4225000,16900.000001607983,-3629205.0513653792,-3091444.820021948,300.56643774221214,138,14:27:45
4237500,16950.00000161817,-3629834.069608202,-3089185.845999611,302.18060237688144,138,14:27:14
4250000,17000.000001628356,-3626352.932826843,-3087769.54414968,301.02651911878235,138,14:26:44
4262500,17050.000001638542,-3628799.1288610306,-3090884.8617310096,300.65253185062994,138,14:26:14
4275000,17100.00000164873,-3629486.039138185,-3091509.43363974,300.68737418414537,138,14:25:41
4287500,17150.000001658915,-3631853.1519800406,-3093548.290378779,300.8708439941838,138,14:25:09
4300000,17200.0000016691,-3626702.6704642437,-3088490.9801613064,300.81876843410146,138,14:24:37
4312500,17250.000001679287,-3628733.1396666244,-3089100.861286313,301.6127674563959,138,14:24:06
4325000,17300.000001689474,-3626750.926237121,-3087913.023218331,301.1687729794406,138,14:23:35
4337500,17350.00000169966,-3628879.0393537115,-3090893.861737334,300.69216533603947,138,14:23:04
4350000,17400.000001709846,-3627964.5900651943,-3088752.660515941,301.3778249236528,138,14:22:34
4362500,17450.000001720033,-3633587.3773740456,-3098323.2387269656,299.1713146998435,138,14:22:03
4375000,17500.00000173022,-3629594.8294114545,-3090726.447667907,301.18580823268803,138,14:21:31
4387500,17550.000001740405,-3627135.484681247,-3089249.411939462,300.63677336507703,138,14:20:59
4400000,17600.00000175059,-3628674.2815479673,-3091183.5773797594,300.4157928670246,138,14:20:29
4412500,17650.000001760778,-3626344.439597035,-3088870.9353868356,300.40617941886177,138,14:19:57
4425000,17700.000001770964,-3626096.766286824,-3087047.886840308,301.2866925086902,138,14:19:25
4437500,17750.00000178115,-3626925.891559636,-3088431.8326815693,300.9765906600869,138,14:18:55
4450000,17800.000001791337,-3629798.5453269966,-3090143.606489623,301.6254329018116,138,14:18:23
4462500,17850.000001801523,-3628827.7551088,-3087666.8227817523,302.46716695366473,138,14:17:51
4475000,17900.00000181171,-3626364.6148532424,-3087940.4711861825,300.9375134567321,138,14:17:20
4487500,17950.000001821896,-3628087.8969767634,-3089888.0395420305,300.81215477463553,138,14:16:47
4500000,18000.000001832082,-3627721.433279155,-3090450.0600417037,300.2932038158044,138,14:16:15
4512500,18050.00000184227,-3629543.318234332,-3089860.2553103734,301.6411520941707,138,14:15:44
4525000,18100.000001852455,-3628321.79640531,-3087870.255602727,302.07067187826607,138,14:15:12
4537500,18150.00000186264,-3629559.6219405904,-3093179.3964124154,299.7951210702467,138,14:14:41
4550000,18200.000001872828,-3630073.066881504,-3095464.725250204,298.8047748156604,138,14:14:09
4562500,18250.000001883014,-3627384.3399076983,-3088432.7181417206,301.23233297654446,138,14:13:38
4575000,18300.0000018932,-3627939.083511064,-3089594.550357706,300.8930173279455,138,14:13:08
4587500,18350.000001903387,-3629349.2210673876,-3090280.30080761,301.29789377553817,138,14:12:36
4600000,18400.000001913573,-3624722.2962730005,-3085887.916674884,301.16680365940005,138,14:12:04
4612500,18450.00000192376,-3628996.837577058,-3089524.3470792654,301.52345837059175,138,14:11:34
4625000,18500.000001933946,-3625344.3172884807,-3084635.3209175095,302.2145696575311,138,14:11:02
4637500,18550.000001944132,-3630442.2486579027,-3092598.6661232514,300.61302462083654,138,14:10:30
4650000,18600.00000195432,-3631253.021285601,-3093953.1178941894,300.30914996846576,138,14:09:58
4662500,18650.000001964505,-3630623.0399758723,-3092684.27465368,300.6662244480421,138,14:09:27
4675000,18700.00000197469,-3628364.2939091176,-3090127.8411998176,300.8326087068413,138,14:08:56
4687500,18750.000001984878,-3627358.2503226735,-3090292.0953490646,300.1785026554591,138,14:08:27
4700000,18800.000001995064,-3627199.909652846,-3088910.522047901,300.8621952253098,138,14:07:57
4712500,18850.00000200525,-3628506.192225892,-3091159.789081337,300.33513973926625,138,14:07:26
4725000,18900.000002015437,-3625205.2790348884,-3085997.0271181683,301.37576941109273,138,14:06:55
4737500,18950.000002025623,-3629564.9281814564,-3091136.6023465577,300.93985096556236,138,14:06:23
4750000,19000.00000203581,-3625100.696109351,-3085861.968012755,301.392803241948,138,14:05:52
4762500,19050.000002045996,-3628468.5553026274,-3088487.9063274106,301.807479714056,138,14:05:22
4775000,19100.000002056182,-3627983.4699676577,-3089196.598753761,301.14025014172523,138,14:04:51
4787500,19150.00000206637,-3630200.94185107,-3089273.540414558,302.33664122160104,138,14:04:20
4800000,19200.000002076555,-3630486.55428621,-3093306.5137147293,300.2421559092092,138,14:03:48
4812500,19250.00000208674,-3627349.594824521,-3087857.193991511,301.53458671028983,138,14:03:17
4825000,19300.000002096927,-3629554.4241841827,-3090257.365386385,301.4254055990009,138,14:02:44
4837500,19350.000002107114,-3631277.4886148404,-3094138.316420191,300.2193136428525,138,14:02:12
4850000,19400.0000021173,-3629843.7451386973,-3090599.326564341,301.39598377953666,138,14:01:39
4862500,19450.000002127486,-3630076.137241559,-3090561.8139924314,301.546839647817,138,14:01:08
4875000,19500.000002137673,-3629289.7007673997,-3091813.3573953216,300.4077662910817,138,14:00:36
4887500,19550.00000214786,-3630987.1796850935,-3093383.6219073078,300.4788693190194,138,14:00:04
4900000,19600.000002158045,-3628542.558830913,-3091952.7367092487,299.9122693787237,138,13:59:32
4912500,19650.00000216823,-3628021.539113907,-3089848.524130175,300.7971519175866,138,13:59:01
4925000,19700.000002178418,-3626586.728571875,-3089644.408907528,300.1092882814646,138,13:58:29
4937500,19750.000002188604,-3625174.720334679,-3086547.532492596,301.0509994693337,138,13:57:57
4950000,19800.00000219879,-3623550.5749591086,-3083570.4853992844,301.80716704405575,138,13:57:26
4962500,19850.000002208977,-3629618.055831652,-3090769.869484655,301.17452056572,138,13:56:53
4975000,19900.000002219163,-3627705.24374168,-3090146.0847095996,300.45405384911453,138,13:56:23
4987500,19950.00000222935,-3627283.9988657422,-3088856.635386535,300.9393130830543,138,13:55:52
5000000,20000.000002239536,-3629686.899825476,-3090343.190333794,301.45147973401856,138,13:55:21
5012500,20050.000002249722,-3629969.5875190888,-3090815.6881420314,301.34539053910396,138,13:54:50
5025000,20100.00000225991,-3626182.0772889536,-3086572.6293629557,301.6000069956456,138,13:54:18
5037500,20150.000002270095,-3627279.047492275,-3087616.1926893285,301.62985731521155,138,13:53:46
5050000,20200.00000228028,-3628249.483064661,-3088065.895510444,301.92090670663634,138,13:53:14
5062500,20250.000002290468,-3630788.185765488,-3092548.143639911,300.8346149133271,138,13:52:43
5075000,20300.000002300654,-3630070.865325719,-3092675.9309715307,300.36226493735364,138,13:52:13
5087500,20350.00000231084,-3630420.979569763,-3092357.253473789,300.73606786978286,138,13:51:42
5100000,20400.000002321027,-3629420.5802885406,-3091386.39861161,300.71955482127277,138,13:51:11
5112500,20450.000002331213,-3630158.305562241,-3092693.505441769,300.40131450492686,138,13:50:40
5125000,20500.0000023414,-3625392.9792555217,-3083467.8295617807,302.89430544063316,138,13:50:10
5137500,20550.000002351586,-3627845.2635352463,-3089197.1986612687,301.0626681178159,138,13:49:38
5150000,20600.000002361772,-3624684.05416701,-3086907.4918396557,300.5755655009722,138,13:49:06
5162500,20650.00000237196,-3631077.731564006,-3091120.0425326983,301.7946468786225,138,13:48:35
5175000,20700.000002382145,-3627642.120886177,-3090111.6396134384,300.4380251964449,138,13:48:06
5187500,20750.00000239233,-3629249.130090855,-3088217.9685931867,302.394635082329,138,13:47:34
5200000,20800.000002402518,-3630116.412908146,-3093468.208848306,299.9449003732882,138,13:47:03
5212500,20850.000002412704,-3629399.985746378,-3089674.6088632443,301.66480232941444,138,13:46:31
5225000,20900.00000242289,-3630497.1947753,-3091435.1445929455,301.2940539328393,138,13:45:59
5237500,20950.000002433077,-3626098.8885673825,-3086324.0812856173,301.69243010470706,138,13:45:27
5250000,21000.000002443263,-3630245.1866847575,-3091193.601049891,301.28820505897727,138,13:44:55
5262500,21050.00000245345,-3628832.779849047,-3091947.900894597,300.0771833608162,138,13:44:24
5275000,21100.000002463636,-3627155.6902328655,-3089057.649055123,300.755247350315,138,13:43:53
5287500,21150.000002473822,-3629993.7365185264,-3090342.669313824,301.62326895815704,138,13:43:22
5300000,21200.00000248401,-3629581.1696744133,-3091535.776663488,300.7258210911168,138,13:42:52
5312500,21250.000002494195,-3629135.666941695,-3089777.267253993,301.4596904190598,138,13:42:21
5325000,21300.00000250438,-3627000.8171048574,-3087390.1846658913,301.600669046914,138,13:41:49
5337500,21350.000002514567,-3629251.868395677,-3090344.069360191,301.20783945465803,138,13:41:18
5350000,21400.000002524754,-3628303.5512805134,-3089721.7947670957,301.0256068653015,138,13:40:48
5362500,21450.00000253494,-3627466.451273203,-3091087.049469723,299.79466067175906,138,13:40:15
5375000,21500.000002545126,-3625682.1547650974,-3087327.59127385,300.898623512176,138,13:39:45
5387500,21550.000002555313,-3625168.889608346,-3086034.7790491465,301.33433011822484,138,13:39:14
5400000,21600.0000025655,-3629839.737986844,-3092093.0819745343,300.55885018054704,138,13:38:43
5412500,21650.000002575685,-3626361.2871796284,-3089537.2783752,300.04316164799616,138,13:38:13
5425000,21700.00000258587,-3626332.28687468,-3087382.0686008595,301.23154853282114,138,13:37:42
5437500,21750.000002596058,-3628416.696093973,-3087471.45771055,302.3466106973645,138,13:37:10
5450000,21800.000002606244,-3629602.9545067083,-3091878.6805142453,300.54634036003074,138,13:36:40
5462500,21850.00000261643,-3630738.935772717,-3092645.941589269,300.75242647028693,138,13:36:09
5475000,21900.000002626617,-3629871.1578926407,-3092930.459686248,300.1083820116944,138,13:35:38
5487500,21950.000002636803,-3626873.4834079277,-3087730.2914166423,301.33940593739607,138,13:35:07
5500000,22000.00000264699,-3630431.8558049966,-3091503.7307332326,301.2192001391441,138,13:34:37
5512500,22050.000002657176,-3628706.674208535,-3091094.894677382,300.4834646441801,138,13:34:05
5525000,22100.000002667362,-3629002.8227323107,-3088458.4554606685,302.12255470542055,138,13:33:35
5537500,22150.00000267755,-3628073.487856347,-3089514.3335356982,301.01297398512617,138,13:33:03
5550000,22200.000002687735,-3632303.557060607,-3092853.9692999944,301.5106575093017,138,13:32:32
5562500,22250.00000269792,-3629660.261188058,-3090601.368224871,301.29228929115885,138,13:32:01
5575000,22300.000002708108,-3632179.171837384,-3093693.2006672444,300.97207025597453,138,13:31:30
5587500,22350.000002718294,-3630014.4282596987,-3092193.375929974,300.6004319763052,138,13:30:59
5600000,22400.00000272848,-3631100.3467207868,-3094067.6489920113,300.15980263952224,138,13:30:27
5612500,22450.000002738667,-3625477.007378271,-3088041.7746521817,300.3847886149763,138,13:29:54
5625000,22500.000002748853,-3630348.6562612858,-3091591.4281614516,301.1236819303218,138,13:29:23
5637500,22550.00000275904,-3628807.1690655984,-3089413.882760851,301.4791893436717,138,13:28:51
5650000,22600.000002769226,-3632232.418708857,-3092494.2999693635,301.6719240430577,138,13:28:20
5662500,22650.000002779412,-3630391.229373578,-3089997.4483761275,302.0383886080252,138,13:27:49
5675000,22700.0000027896,-3628912.7444044407,-3091319.364727535,300.47318054668915,138,13:27:19
5687500,22750.000002799785,-3629568.4899827484,-3091068.0594520317,300.9801519218312,138,13:26:47
5700000,22800.00000280997,-3630753.6887116674,-3090133.389982195,302.16499452611095,138,13:26:16
5712500,22850.000002820158,-3628142.323689578,-3091267.54889915,300.0715359134793,138,13:25:44
5725000,22900.000002830344,-3631146.881431522,-3089734.9923467794,302.6074323996596,138,13:25:13
5737500,22950.00000284053,-3625005.616699584,-3085989.202956626,301.2685466877487,138,13:24:41
5750000,23000.000002850717,-3627384.7375558764,-3089251.270586884,300.77504763166615,138,13:24:09
5762500,23050.000002860903,-3629338.7625061963,-3090567.2873032307,301.1316449606589,138,13:23:37
5775000,23100.00000287109,-3627217.807097897,-3087084.9825251936,301.892534120429,138,13:23:04
5787500,23150.000002881276,-3630046.4799751267,-3089498.754037302,302.12443194042453,138,13:22:34
5800000,23200.000002891462,-3630380.8613192383,-3091592.350653018,301.14116646895826,138,13:22:04
5812500,23250.00000290165,-3625432.093535168,-3085844.1690077255,301.58797707811954,138,13:21:32
5825000,23300.000002911835,-3624278.637050798,-3085815.781669104,300.9591503154813,138,13:21:01
5837500,23350.00000292202,-3630507.6484111305,-3089567.81613107,302.3435891031022,138,13:20:30
5850000,23400.000002932207,-3626942.7212424036,-3085891.5076971687,302.4058426282856,138,13:19:59
5862500,23450.000002942394,-3629541.0887442343,-3091078.9142090506,300.9587697748642,138,13:19:28
5875000,23500.00000295258,-3630210.470771525,-3093945.9101645234,299.73047331218925,138,13:18:56
5887500,23550.000002962766,-3629589.4958441816,-3089495.995050937,301.8705551647131,138,13:18:26
5900000,23600.000002972953,-3626723.1062873043,-3089126.495213791,300.47498664782984,138,13:17:54
5912500,23650.00000298314,-3631952.1571248304,-3094364.796841358,300.46981617064165,138,13:17:22
5925000,23700.000002993325,-3626431.866290318,-3087281.140935014,301.3436165060757,138,13:16:50
5937500,23750.00000300351,-3625525.4338202365,-3089732.437084315,299.46690552744553,138,13:16:18
5950000,23800.000003013698,-3627333.420994291,-3088478.8689063536,301.1780785232752,138,13:15:47
5962500,23850.000003023884,-3630122.6595265586,-3089826.780146068,301.98366916515124,138,13:15:15
5975000,23900.00000303407,-3627880.1003786903,-3088732.0536322957,301.3421193705661,138,13:14:43
5987500,23950.000003044257,-3627489.8418427426,-3090103.655851866,300.3573752779041,138,13:14:10
6000000,24000.000003054443,-3629993.624350678,-3092071.618454789,300.65685722308046,138,13:13:40
6012500,24050.00000306463,-3628609.860012248,-3093483.1772782486,299.09448746024293,138,13:13:08
6025000,24100.000003074816,-3626084.189863935,-3089361.122965416,299.986742918403,138,13:12:38
6037500,24150.000003085002,-3631767.7191123553,-3091173.07434442,302.1506559428841,138,13:12:06
6050000,24200.00000309519,-3629203.5835236367,-3092410.3796635326,300.02594406320526,138,13:11:34
6062500,24250.000003105375,-3629399.932488855,-3091046.7492020163,300.89785208450564,138,13:11:01
6075000,24300.00000311556,-3626753.0371070616,-3088527.7454897687,300.8263705183878,138,13:10:31
6087500,24350.000003125748,-3630009.610227518,-3091693.8704503505,300.87692405438656,138,13:09:58
6100000,24400.000003135934,-3630456.2133543193,-3092850.8629059317,300.479871283437,138,13:09:27
6112500,24450.00000314612,-3630238.695850622,-3091159.791018218,301.30347438052127,138,13:08:56
6125000,24500.000003156307,-3627791.803874666,-3089381.573405854,300.929737053437,138,13:08:24
6137500,24550.000003166493,-3626459.371562436,-3088189.234377488,300.8514357272542,138,13:07:52
6150000,24600.00000317668,-3629215.4119743668,-3091891.935030333,300.3223257637802,138,13:07:20
6162500,24650.000003186866,-3627784.294648407,-3089343.857102446,300.946620476651,138,13:06:48
6175000,24700.000003197052,-3629885.373504637,-3092530.921423031,300.3396384734529,138,13:06:17
6187500,24750.00000320724,-3629875.6902954523,-3091096.573459379,301.1359160433977,138,13:05:45
6200000,24800.000003217425,-3629593.3441891614,-3092016.7180628655,300.46381660578606,138,13:05:13
6212500,24850.00000322761,-3631130.4675620236,-3090469.113981364,302.1879410172313,138,13:04:40
6225000,24900.000003237798,-3628546.470881114,-3091263.1438304465,300.29988507419137,138,13:04:08
6237500,24950.000003247984,-3628016.933913404,-3089593.6629466144,300.9370256846802,138,13:03:36
6250000,25000.00000325817,-3630125.8647805713,-3091188.536151127,301.2243442170905,138,13:03:04
6262500,25050.000003268357,-3628371.693083152,-3089555.991524327,301.1563640779536,138,13:02:32
6275000,25100.000003278543,-3627853.908996163,-3090538.8016954237,300.31764777957187,138,13:02:01
6287500,25150.00000328873,-3630299.9669554476,-3092430.5396039784,300.6274698774254,138,13:01:28
6300000,25200.000003298916,-3629619.3282178957,-3091770.4450847306,300.61598724603687,138,13:00:57
6312500,25250.000003309102,-3627175.5590381604,-3089619.951557992,300.4520688058845,138,13:00:24
6325000,25300.00000331929,-3628436.1519648433,-3089456.264560449,301.24813128544537,138,12:59:53
6337500,25350.000003329475,-3629307.6453980487,-3091957.2801554278,300.33735424608966,138,12:59:21
6350000,25400.00000333966,-3627764.5966437533,-3090513.0450371485,300.2821250549991,138,12:58:50
6362500,25450.000003349847,-3632590.276028389,-3095179.380234753,300.3711861492925,138,12:58:19
6375000,25500.000003360034,-3631443.178923916,-3094803.9511476355,299.93988332402256,138,12:57:47
6387500,25550.00000337022,-3630535.711251192,-3092000.7101232246,300.9994742157841,138,12:57:15
6400000,25600.000003380406,-3628892.7525198273,-3091311.1970845964,300.46657170878694,138,12:56:43
6412500,25650.000003390593,-3626847.162924394,-3087666.419578803,301.3603942443371,138,12:56:11
6425000,25700.00000340078,-3626437.209612891,-3087955.3400306962,300.96977778508176,138,12:55:39
6437500,25750.000003410965,-3628815.6548101623,-3089910.707758925,301.2062454157236,138,12:55:07
6450000,25800.00000342115,-3628213.1916095745,-3089933.8444649,300.85658338345013,138,12:54:35
6462500,25850.000003431338,-3628870.4266184587,-3091724.694838643,300.22297994435934,138,12:54:03
6475000,25900.000003441524,-3629136.5238222834,-3091482.3730063476,300.5071469200114,138,12:53:31
6487500,25950.00000345171,-3629100.0667127,-3088709.7104179077,302.03647446373134,138,12:52:58
6500000,26000.000003461897,-3627739.6129755285,-3088318.7899685586,301.49458023353645,138,12:52:26
6512500,26050.000003472083,-3630041.135432955,-3090991.4287434556,301.2871548736293,138,12:51:53
6525000,26100.00000348227,-3628054.143377403,-3090717.205214172,300.32984954569264,138,12:51:22
6537500,26150.000003492456,-3626289.919519577,-3088454.8769689566,300.608251429312,138,12:50:50
6550000,26200.000003502642,-3630581.448942106,-3089640.047110751,302.3444663610584,138,12:50:17
6562500,26250.00000351283,-3629493.8601779565,-3091709.5594282504,300.57989068142354,138,12:49:46
6575000,26300.000003523015,-3629362.101770321,-3091479.570135299,300.6347941598786,138,12:49:14
6587500,26350.0000035332,-3627111.1441840455,-3087952.6625326467,301.34795167656887,138,12:48:42
6600000,26400.000003543388,-3631121.5039469376,-3091956.5682258764,301.35155900305796,138,12:48:10
6612500,26450.000003553574,-3625752.395780023,-3087211.829860301,301.0025845046025,138,12:47:38
6625000,26500.00000356376,-3629612.279866863,-3091005.856918608,301.0393934973708,138,12:47:07
6637500,26550.000003573947,-3631518.234879993,-3094174.873925533,300.33343938995336,138,12:46:36
6650000,26600.000003584133,-3629472.0628981907,-3091573.4010664327,300.6438096941084,138,12:46:05
6662500,26650.00000359432,-3627638.4697029423,-3089802.63414998,300.6086946563769,138,12:45:33
6675000,26700.000003604506,-3629743.595847819,-3089661.535284166,301.86416095990774,138,12:45:01
6687500,26750.000003614692,-3630910.4528198764,-3091454.0568121984,301.51446279360584,138,12:44:30
6700000,26800.00000362488,-3628434.8642317243,-3092299.2961479714,299.65837645387137,138,12:43:58
6712500,26850.000003635065,-3628767.944884872,-3091611.3928933563,300.2290276070474,138,12:43:26
6725000,26900.00000364525,-3631127.6052389164,-3093170.9809475956,300.6762062325249,138,12:42:54
6737500,26950.000003655437,-3628379.965504274,-3091219.615711619,300.2311502845774,138,12:42:22
6750000,27000.000003665624,-3626676.169633165,-3089203.4820991727,300.40572295993445,138,12:41:51
6762500,27050.00000367581,-3624570.675329754,-3085537.695857581,301.277805650998,138,12:41:20
6775000,27100.000003685996,-3628714.309742095,-3090317.3042503335,300.9223453126395,138,12:40:48
6787500,27150.000003696183,-3628473.986782575,-3090074.3039345713,300.92384174800486,138,12:40:16
6800000,27200.00000370637,-3627792.7807748336,-3089013.4908825136,301.1360127684745,138,12:39:45
6812500,27250.000003716556,-3629241.9463218413,-3088780.6520708906,302.0761233026385,138,12:39:12
6825000,27300.000003726742,-3629463.679480875,-3092748.0224747355,299.9826013608337,138,12:38:41
6837500,27350.00000373693,-3632500.9442751836,-3093126.513188482,301.46865073298517,138,12:38:09
6850000,27400.000003747115,-3626851.242405651,-3089795.526172543,300.17266820571,138,12:37:38
6862500,27450.0000037573,-3627457.130843466,-3090014.7506715925,300.3887834851677,138,12:37:06
6875000,27500.000003767487,-3628179.104273148,-3091026.5993921985,300.2267655848019,138,12:36:35
6887500,27550.000003777674,-3627792.1712190825,-3089674.0872919797,300.7664496992925,138,12:36:03
6900000,27600.00000378786,-3628462.6666162107,-3089121.978993778,301.44979074248903,138,12:35:31
6912500,27650.000003798046,-3629120.029529711,-3090293.2964214934,301.1625298620903,138,12:34:59
6925000,27700.000003808233,-3630639.9124621265,-3092948.1431205915,300.5281727705178,138,12:34:27
6937500,27750.00000381842,-3631455.3462173697,-3092440.6738117742,301.267573414648,138,12:33:55
6950000,27800.000003828605,-3632381.4745526053,-3093451.6970766988,301.2201237054434,138,12:33:24
6962500,27850.00000383879,-3625223.1129830964,-3084464.3155498826,302.2424046051559,138,12:32:52
6975000,27900.000003848978,-3628579.8613970764,-3086641.109740131,302.9019078875757,138,12:32:20
6987500,27950.000003859164,-3628566.2583328784,-3088622.1841683015,301.78703721960545,138,12:31:49
7000000,28000.00000386935,-3630648.863600567,-3092081.5714114197,301.0175224251237,138,12:31:17
7012500,28050.000003879537,-3628061.7565185744,-3091029.729832298,300.1594275785904,138,12:30:45
7025000,28100.000003889723,-3628187.4078282565,-3089728.2179770377,300.95710156703694,138,12:30:13
7037500,28150.00000389991,-3627167.417043172,-3089250.781609826,300.65385554928304,138,12:29:41
7050000,28200.000003910096,-3628956.5073940326,-3091338.1897325097,300.4871189541129,138,12:29:10
7062500,28250.000003920282,-3632005.096872302,-3093635.3889564527,300.9070880759143,138,12:28:38
7075000,28300.00000393047,-3627313.864668008,-3089496.8123705536,300.59819626719127,138,12:28:06
7087500,28350.000003940655,-3628451.209809037,-3091190.268203165,300.2873733393935,138,12:27:34
7100000,28400.00000395084,-3626825.727866281,-3087613.6722977054,301.3778953587214,138,12:27:02
7112500,28450.000003961028,-3632574.015844457,-3094871.479334035,300.53419078636995,138,12:26:31
7125000,28500.000003971214,-3628314.9481821153,-3089021.100055794,301.4236110816079,138,12:25:59
7137500,28550.0000039814,-3626587.9905717745,-3088167.302838848,300.93558185645554,138,12:25:27
7150000,28600.000003991587,-3629487.554871477,-3091890.952755735,300.4749816411276,138,12:24:55
7162500,28650.000004001773,-3627637.256296253,-3087633.889859604,301.82017702051206,138,12:24:23
7175000,28700.00000401196,-3625820.381218519,-3085634.448329628,301.92221756758755,138,12:23:51
7187500,28750.000004022146,-3629668.3102722093,-3091251.498706339,300.93341537843037,138,12:23:19
7200000,28800.000004032332,-3628181.720604943,-3091294.4583868487,300.0785154211326,138,12:22:47
7212500,28850.00000404252,-3628325.3063665107,-3090577.362179042,300.5595701709742,138,12:22:16
7225000,28900.000004052705,-3627315.3982406557,-3088809.4977395795,300.9832092128129,138,12:21:44
7237500,28950.00000406289,-3625499.8855551556,-3087429.1698231776,300.73997453649486,138,12:21:13
7250000,29000.000004073077,-3625651.3191166595,-3086863.170975431,301.140963845486,138,12:20:40
7262500,29050.000004083264,-3628932.4222851507,-3088903.0920003643,301.83468880641567,138,12:20:08
7275000,29100.00000409345,-3627081.0562768746,-3088455.0015030834,301.0503661716665,138,12:19:37
7287500,29150.000004103636,-3630903.9780965783,-3093333.5308915162,300.4603630660183,138,12:19:05
7300000,29200.000004113823,-3629405.357472688,-3090400.129331246,301.2622948003729,138,12:18:33
7312500,29250.00000412401,-3629837.1333936844,-3090595.5437119342,301.39440264704706,138,12:18:00
7325000,29300.000004134195,-3632803.844816258,-3097277.045992957,299.3181214529319,138,12:17:28
7337500,29350.000004144382,-3629000.607758468,-3088994.940453123,301.82146302841574,138,12:16:56
7350000,29400.000004154568,-3628087.168552341,-3088237.292491313,301.73438775470316,138,12:16:25
7362500,29450.000004164755,-3630187.7992729656,-3091819.4990829676,300.90630126588314,138,12:15:53
7375000,29500.00000417494,-3628069.3386400603,-3089550.46845459,300.99045826473184,138,12:15:22
7387500,29550.000004185127,-3624995.143336311,-3088800.226440015,299.6915478565349,138,12:14:49
7400000,29600.000004195314,-3629007.0067918245,-3090784.96798203,300.82455245021276,138,12:14:18
7412500,29650.0000042055,-3628545.589168338,-3090158.066658144,300.9170450583206,138,12:13:46
7425000,29700.000004215686,-3631392.5430065226,-3093799.8580930815,300.47279222756936,138,12:13:14
7437500,29750.000004225873,-3629795.4960634205,-3091091.7907913933,301.09376680318115,138,12:12:43
7450000,29800.00000423606,-3627252.2516353317,-3088847.512297921,300.92666793506754,138,12:12:11
7462500,29850.000004246245,-3630915.436379958,-3093803.857112267,300.20389132770265,138,12:11:39
7475000,29900.00000425643,-3629949.8492194284,-3090625.433600442,301.44069594926003,138,12:11:07
7487500,29950.000004266618,-3629063.4548145216,-3091833.0184844667,300.2703232461544,138,12:10:36
7500000,30000.000004276804,-3629331.216079736,-3091560.833465811,300.5721115184289,138,12:10:04
7512500,30050.00000428699,-3626541.09264243,-3086608.7291743234,301.78049184470353,138,12:09:32
7525000,30100.000004297177,-3627168.3383174874,-3088303.822133607,301.1836476833737,138,12:09:01
7537500,30150.000004307363,-3627456.845509736,-3088551.699797521,301.20635645186746,138,12:08:29
7550000,30200.00000431755,-3627970.5345232133,-3090395.9333670414,300.4626848038764,138,12:07:57
7562500,30250.000004327736,-3629678.746909518,-3091744.828248514,300.6635155387487,138,12:07:26
7575000,30300.000004337922,-3630259.751233401,-3093759.595957011,299.86215253724515,138,12:06:54
7587500,30350.00000434811,-3625437.9283726495,-3083695.8841158543,302.7919636427345,138,12:06:22
7600000,30400.000004358295,-3629341.7498966325,-3089645.666357664,301.64842961237053,138,12:05:50
7612500,30450.00000436848,-3628113.6487299986,-3090334.6934144767,300.5769029965461,138,12:05:18
7625000,30500.000004378668,-3627909.994072141,-3088924.9650443634,301.2510050558257,138,12:04:46
7637500,30550.000004388854,-3628269.0978563484,-3087458.5818502866,302.27131129311806,138,12:04:14
7650000,30600.00000439904,-3629278.7339820284,-3090360.3224979676,301.21377099380476,138,12:03:43
7662500,30650.000004409227,-3628896.60253291,-3090476.9034279753,300.9350292897608,138,12:03:11
7675000,30700.000004419413,-3629382.1501898896,-3089821.361803012,301.572810071286,138,12:02:39
7687500,30750.0000044296,-3624616.152771894,-3087133.581954454,300.4112469520893,138,12:02:08
7700000,30800.000004439786,-3626128.0189869422,-3088469.2559827417,300.50972477704926,138,12:01:36
7712500,30850.000004449972,-3629251.5291840825,-3089323.3424947932,301.7781573479199,138,12:01:05
7725000,30900.00000446016,-3628788.070032239,-3088570.2847446483,301.9400205984787,138,12:00:33
7737500,30950.000004470345,-3627312.4540532567,-3088505.2880498385,301.15159336168784,138,12:00:02
7750000,31000.00000448053,-3629166.068775935,-3090967.387411978,300.81149744190066,138,11:59:30
7762500,31050.000004490717,-3627823.883255163,-3090175.665248866,300.50383093761826,138,11:58:57
7775000,31100.000004500904,-3626651.2286610194,-3089275.7309042197,300.35140138051486,138,11:58:27
7787500,31150.00000451109,-3631116.5805956703,-3094079.5341481036,300.1622332374721,138,11:57:55
7800000,31200.000004521276,-3627164.716652347,-3088667.598592898,300.97830050621707,138,11:57:24
7812500,31250.000004531463,-3630436.685771078,-3093077.3417555275,300.3423726867205,138,11:56:53
7825000,31300.00000454165,-3630054.4767963775,-3092783.242964652,300.29312589877026,138,11:56:21
7837500,31350.000004551835,-3629384.958778672,-3092654.742590751,299.99073881903433,138,11:55:50
7850000,31400.00000456202,-3631222.190546233,-3091999.476041196,301.3838528810069,138,11:55:19
7862500,31450.000004572208,-3625477.9158028085,-3085120.340025794,302.0181526859544,138,11:54:47
7875000,31500.000004582394,-3629299.782184763,-3091134.309532399,300.79293633685097,138,11:54:15
7887500,31550.00000459258,-3630607.718246933,-3090772.71505138,301.72607497154416,138,11:53:44
7900000,31600.000004602767,-3626232.233971022,-3088413.736151823,300.59900420220805,138,11:53:12
7912500,31650.000004612953,-3631127.6131340824,-3093154.3838827196,300.68548712277635,138,11:52:40
7925000,31700.00000462314,-3627972.2189280037,-3089523.2562806373,300.95138534993714,138,11:52:09
7937500,31750.000004633326,-3626852.548464913,-3089503.0178953665,300.3368877283032,138,11:51:37
7950000,31800.000004643513,-3631029.932478577,-3093490.218790773,300.443185403441,138,11:51:07
7962500,31850.0000046537,-3628594.6659774296,-3089348.431790697,301.396998566634,138,11:50:35
7975000,31900.000004663885,-3625275.581420006,-3086224.244734455,301.2880659155367,138,11:50:04
7987500,31950.00000467407,-3630763.2029202525,-3091664.690625256,301.3144334378132,138,11:49:33
8000000,32000.000004684258,-3628128.2061892655,-3089111.881267521,301.2684970435503,138,11:49:01
8012500,32050.000004694444,-3629946.1987575255,-3089008.905215894,302.34217014438883,138,11:48:30
8025000,32100.00000470463,-3628564.4677010607,-3091402.1682094513,300.2322400157166,138,11:47:59
8037500,32150.000004714817,-3627809.905287951,-3086979.397123513,302.28248536564314,138,11:47:27
8050000,32200.000004725003,-3628364.1008790154,-3090763.431706392,300.4772548118225,138,11:46:54
8062500,32250.00000473519,-3628520.728785053,-3088492.984541519,301.8338023318467,138,11:46:22
8075000,32300.000004745376,-3631247.885053063,-3094065.2474256707,300.24360746289153,138,11:45:50
8087500,32350.000004755562,-3629725.779303951,-3090857.74668827,301.18561309717387,138,11:45:18
8100000,32400.00000476575,-3630089.9054931104,-3090655.483927056,301.50218077783876,138,11:44:47
8112500,32450.000004775935,-3626825.386510471,-3089159.837698902,300.51351751929553,138,11:44:15
8125000,32500.00000478612,-3631659.7707530484,-3091805.5869257986,301.73679546332977,138,11:43:43
8137500,32550.000004796308,-3629960.9414616507,-3092660.6078652362,300.3093904198373,138,11:43:12
8150000,32600.000004806494,-3630953.890049411,-3093238.269403955,300.5415038073578,138,11:42:41
8162500,32650.00000481668,-3629804.5636325423,-3092603.9397552027,300.253660387522,138,11:42:09
8175000,32700.000004826867,-3630661.8110724483,-3091350.0591533845,301.43361791902925,138,11:41:38
8187500,32750.000004837053,-3630157.266372379,-3091476.378494171,301.0810136422384,138,11:41:06
8200000,32800.000004847236,-3628569.9591955245,-3091036.697651142,300.4395791535718,138,11:40:35
8212500,32850.00000485742,-3626989.3823721968,-3088285.165554138,301.0940527179058,138,11:40:03
8225000,32900.00000486761,-3628000.849246349,-3090289.480809077,300.5391271513837,138,11:39:32
8237500,32950.000004877795,-3628242.70666671,-3089913.308530664,300.8845580221554,138,11:39:01
8250000,33000.00000488798,-3626390.5171361156,-3088345.1521516424,300.7258054264948,138,11:38:29
8262500,33050.00000489817,-3629302.4302497506,-3091163.980402003,300.7778326760594,138,11:37:57
8275000,33100.000004908354,-3626931.6517519336,-3089676.3835920785,300.28420232123403,138,11:37:26
8287500,33150.00000491854,-3631280.763219349,-3093484.353476368,300.5866586734788,138,11:36:54
8300000,33200.00000492873,-3629463.563685002,-3092228.667839089,300.2728157711077,138,11:36:23
8312500,33250.00000493891,-3628563.6778533626,-3088107.565384065,302.07322708688713,138,11:35:51
8325000,33300.0000049491,-3630239.33147965,-3092897.737297858,300.33245190048086,138,11:35:20
8337500,33350.000004959285,-3630808.5150197893,-3090525.812110215,301.97630453553677,138,11:34:49
8350000,33400.00000496947,-3626554.082468951,-3088043.388766325,300.98588824229716,138,11:34:17
8362500,33450.00000497966,-3627705.796007894,-3087929.4894599468,301.69326807871334,138,11:33:45
8375000,33500.000004989844,-3628520.423710121,-3088114.88470463,302.04496042644104,138,11:33:13
8387500,33550.00000500003,-3629764.5091573503,-3092579.275163113,300.24505863143855,138,11:32:42
8400000,33600.00000501022,-3626303.5058818813,-3088491.2275032024,300.5955280152885,138,11:32:11
8412500,33650.0000050204,-3627849.0967359412,-3090391.630533781,300.3972154109941,138,11:31:39
8425000,33700.00000503059,-3628740.858555246,-3090275.138793758,300.96075128256814,138,11:31:08
8437500,33750.000005040776,-3633872.1030009016,-3095383.6614432465,300.97345101180605,138,11:30:36
8450000,33800.00000505096,-3630558.1678073425,-3092165.320754996,300.92002106616565,138,11:30:04
8462500,33850.00000506115,-3628426.0260228217,-3092273.9123466047,299.6676241622315,138,11:29:32
8475000,33900.000005071335,-3624046.1957030185,-3085320.030633068,301.10632009563494,138,11:29:01
8487500,33950.00000508152,-3630239.8184294235,-3092503.977046899,300.55280563771805,138,11:28:29
8500000,34000.00000509171,-3628754.876623528,-3090856.537992912,300.6436290496313,138,11:27:58
8512500,34050.000005101894,-3630338.719353713,-3092078.208355615,300.8460554322419,138,11:27:27
8525000,34100.00000511208,-3625953.447260117,-3088466.0817547995,300.413926812316,138,11:26:55
8537500,34150.00000512227,-3629203.108296601,-3089902.396121202,301.4274475549275,138,11:26:24
8550000,34200.00000513245,-3631483.7021437157,-3092762.8428042163,301.10335460207796,138,11:25:52
8562500,34250.00000514264,-3624251.396791976,-3085319.618561785,301.2212419725688,138,11:25:20
8575000,34300.000005152826,-3624945.688599406,-3085916.5342056463,301.2756677275783,138,11:24:49
8587500,34350.00000516301,-3631727.5059239417,-3092439.0929077496,301.4205732748029,138,11:24:18
8600000,34400.0000051732,-3631762.684383996,-3095792.6865730835,299.5658354584552,138,11:23:46
8612500,34450.000005183385,-3627766.083217405,-3089144.3682723218,301.0479405425865,138,11:23:14
8625000,34500.00000519357,-3625571.85540385,-3084392.920410027,302.4772290540345,138,11:22:42
8637500,34550.00000520376,-3625920.72382902,-3087298.5837722095,301.0481781472102,138,11:22:10
8650000,34600.000005213944,-3628766.006620791,-3089055.720366905,301.65636783312414,138,11:21:38
8662500,34650.00000522413,-3629093.073692998,-3089150.2632670226,301.7863308873266,138,11:21:06
8675000,34700.00000523432,-3628596.352307705,-3088120.9690253306,302.08399798309927,138,11:20:35
8687500,34750.0000052445,-3627689.522564402,-3088605.8827588097,301.3061208648482,138,11:20:04
8700000,34800.00000525469,-3629409.8758166507,-3089046.9718297,302.0211307438079,138,11:19:32
8712500,34850.000005264876,-3626609.315446196,-3085375.8232334796,302.5077223259058,138,11:19:01
8725000,34900.00000527506,-3632717.927224636,-3094940.052777895,300.576298874374,138,11:18:29
8737500,34950.00000528525,-3625525.5617795605,-3084538.3798021423,302.3700539270765,138,11:17:57
8750000,35000.000005295435,-3633458.8625247665,-3095487.8983489396,300.68422112048506,138,11:17:25
8762500,35050.00000530562,-3627169.078879116,-3090145.594787892,300.1546529277066,138,11:16:54
8775000,35100.00000531581,-3627064.4995636195,-3087756.636535423,301.43144432937623,138,11:16:22
8787500,35150.000005325994,-3628408.8205176257,-3089451.571277774,301.23547829982635,138,11:15:51
8800000,35200.00000533618,-3629567.025303941,-3092517.181289179,300.16938608916996,138,11:15:19
8812500,35250.00000534637,-3627922.725787746,-3088511.987990901,301.48894337996404,138,11:14:48
8825000,35300.00000535655,-3625151.0111178923,-3087667.1672651004,300.4119584805337,138,11:14:16
8837500,35350.00000536674,-3629094.943612028,-3090498.5952292727,301.0337625933217,138,11:13:45
8850000,35400.000005376925,-3628454.1558702514,-3090593.481984422,300.6225773661685,138,11:13:13
8862500,35450.00000538711,-3627790.119712483,-3088363.9243519367,301.4975829642752,138,11:12:42
8875000,35500.0000053973,-3633042.9111105427,-3093963.489253561,301.30376335732996,138,11:12:11
8887500,35550.000005407484,-3626754.4467921034,-3088304.337721141,300.9520261121884,138,11:11:39
8900000,35600.00000541767,-3628255.2838994376,-3089034.553992982,301.3827436436715,138,11:11:08
8912500,35650.00000542786,-3626096.724165784,-3087491.6450034436,301.0386424248261,138,11:10:36
8925000,35700.00000543804,-3628462.969699556,-3091285.242801944,300.24086274420347,138,11:10:05
8937500,35750.00000544823,-3629257.2907349803,-3089544.237379428,301.65791442925047,138,11:09:33
8950000,35800.000005458416,-3628230.173166521,-3089221.307035704,301.2643281554692,138,11:09:01
8962500,35850.0000054686,-3626073.7794105485,-3087860.3789742645,300.81972426656756,138,11:08:29
8975000,35900.00000547879,-3628560.6209767256,-3091762.0484412736,300.0289447380983,138,11:07:58
8987500,35950.000005488975,-3628436.851928057,-3089053.4201574665,301.47368142015034,138,11:07:26
9000000,36000.00000549916,-3624627.2270160317,-3087034.1966935126,300.4729852845678,138,11:06:55
9012500,36050.00000550935,-3631480.010492407,-3093636.770648278,300.61283308330064,138,11:06:24
9025000,36100.000005519534,-3630679.906698467,-3093873.692644034,300.03321575704916,138,11:05:53
9037500,36150.00000552972,-3628180.6676575206,-3090449.2743637534,300.5503194996315,138,11:05:21
9050000,36200.00000553991,-3630158.1709846724,-3091558.3897543903,301.0356812899681,138,11:04:49
9062500,36250.00000555009,-3627200.1968344394,-3091888.221462026,299.1980517348431,138,11:04:18
9075000,36300.00000556028,-3631259.197044337,-3094011.6484852196,300.2798876606116,138,11:03:46
9087500,36350.000005570466,-3626836.60716567,-3088780.996507045,300.7315319670654,138,11:03:14
9100000,36400.00000558065,-3624161.5786039643,-3086160.2530000266,300.701190813966,138,11:02:43
9112500,36450.00000559084,-3627334.6242557187,-3087460.517139774,301.74793104302137,138,11:02:11
9125000,36500.000005601025,-3626411.9495568983,-3086780.3226443026,301.61240333625614,138,11:01:40
9137500,36550.00000561121,-3628238.577904191,-3088181.4371059965,301.85023273558653,138,11:01:08
9150000,36600.0000056214,-3629920.7635566946,-3091518.5449906997,300.92525901852696,138,11:00:36
9162500,36650.000005631584,-3629842.195907593,-3088874.273100783,302.35928953810486,138,11:00:05
9175000,36700.00000564177,-3631010.3597970903,-3091267.5299824444,301.67455717022835,138,10:59:33
9187500,36750.00000565196,-3629024.866173221,-3089555.168697058,301.52189728720737,138,10:59:02
9200000,36800.00000566214,-3628808.9439614583,-3089597.330402364,301.37764830955825,138,10:58:31
9212500,36850.00000567233,-3624589.037015546,-3084279.405482715,301.99135555622195,138,10:57:59
9225000,36900.000005682516,-3625446.5402996093,-3086386.5762009467,301.292887973165,138,10:57:28
9237500,36950.0000056927,-3630314.578664286,-3090957.486651287,301.4589595298936,138,10:56:57
9250000,37000.00000570289,-3627364.817601286,-3089237.8621593276,300.7714081909439,138,10:56:26
9262500,37050.000005713075,-3627774.1057013813,-3088336.5712474664,301.5039206417426,138,10:55:54
9275000,37100.00000572326,-3628206.52022068,-3088604.506106807,301.5958520687861,138,10:55:23
9287500,37150.00000573345,-3625572.4635161515,-3084868.7475234717,302.21161833387333,138,10:54:51
9300000,37200.000005743634,-3626729.3528119046,-3089069.720756172,300.5102105097382,138,10:54:20
9312500,37250.00000575382,-3630443.7133450247,-3091630.554956996,301.1549426418894,138,10:53:48
9325000,37300.000005764006,-3631105.5187830236,-3093533.507029881,300.4612375275646,138,10:53:16
9337500,37350.00000577419,-3631061.5137150213,-3091205.1711954894,301.73800200559833,138,10:52:45
9350000,37400.00000578438,-3628898.0052681733,-3090287.209989127,301.0418372926052,138,10:52:14
9362500,37450.000005794565,-3628269.3010246325,-3089345.8322985414,301.21659760152573,138,10:51:42
9375000,37500.00000580475,-3630685.7438590527,-3094147.383791186,299.88350606509937,138,10:51:10
9387500,37550.00000581494,-3626053.9564833157,-3088728.0238647712,300.32369829617835,138,10:50:39
9400000,37600.000005825124,-3627887.759484425,-3091067.849824854,300.04087054260054,138,10:50:07
9412500,37650.00000583531,-3628808.6395824607,-3088455.68795218,302.0155681450563,138,10:49:36
9425000,37700.0000058455,-3627156.006042462,-3087491.5699074897,301.6307411576864,138,10:49:05
9437500,37750.00000585568,-3627335.3707466796,-3090152.3467549635,300.2438234107093,138,10:48:33
9450000,37800.00000586587,-3627577.3048912548,-3091089.1253615087,299.8554590197661,138,10:48:02
9462500,37850.000005876056,-3629364.078333957,-3090862.0968734315,300.9810187718151,138,10:47:30
9475000,37900.00000588624,-3633324.912726531,-3095332.2343625613,300.6963576746558,138,10:46:59
9487500,37950.00000589643,-3628457.7149106693,-3090474.3933383944,300.6911279507296,138,10:46:28
9500000,38000.000005906615,-3629919.1941706687,-3092603.957131823,300.31772029315357,138,10:45:57
9512500,38050.0000059168,-3624391.9583782796,-3085066.081617816,301.4415126145009,138,10:45:25
9525000,38100.00000592699,-3631417.8005644325,-3094898.0906789694,299.87308205350143,138,10:44:54
9537500,38150.000005937174,-3629536.5869210567,-3092278.942568447,300.28553042946896,138,10:44:23
9550000,38200.00000594736,-3627770.215771351,-3087786.2863873905,301.8093132091957,138,10:43:51
9562500,38250.00000595755,-3629867.4126087297,-3092030.3558003204,300.60937724385343,138,10:43:20
9575000,38300.00000596773,-3631272.907001486,-3093392.88442419,300.63339179038616,138,10:42:49
9587500,38350.00000597792,-3630825.6498713903,-3090295.168881818,302.1147933461902,138,10:42:17
9600000,38400.000005988106,-3628527.6972727124,-3089544.2190773915,301.2501382602541,138,10:41:46
9612500,38450.00000599829,-3628870.558483284,-3091784.606136279,300.18956785822326,138,10:41:14
9625000,38500.00000600848,-3626703.6156172995,-3087887.947951411,301.1563451344198,138,10:40:43
9637500,38550.000006018665,-3626167.7173566055,-3086716.6331174923,301.5114939252094,138,10:40:11
9650000,38600.00000602885,-3632275.3326511085,-3091981.515626602,301.9825164674335,138,10:39:40
9662500,38650.00000603904,-3626854.431730816,-3089954.61859853,300.08553041285,138,10:39:09
9675000,38700.000006049224,-3629985.1864008084,-3094811.814632543,299.12058302457245,138,10:38:37
9687500,38750.00000605941,-3625139.1660846714,-3088032.472531366,300.201160590688,138,10:38:06
9700000,38800.0000060696,-3629123.49010171,-3091385.364258388,300.55408247487327,138,10:37:35
9712500,38850.00000607978,-3627447.832525309,-3090717.891714909,299.9905849042677,138,10:37:04
9725000,38900.00000608997,-3629637.5749519356,-3091769.161924106,300.6269029488475,138,10:36:32
9737500,38950.000006100156,-3627326.5975472666,-3086579.1780922227,302.23604519408775,138,10:36:01
9750000,39000.00000611034,-3630464.76543363,-3091660.0648788568,301.15021536630354,138,10:35:29
9762500,39050.00000612053,-3628615.1413321253,-3090495.364719165,300.7673957799596,138,10:34:57
9775000,39100.000006130715,-3629764.753827287,-3092400.7325637657,300.34498690710933,138,10:34:26
9787500,39150.0000061409,-3628784.8146935944,-3089888.073177648,301.2016591552148,138,10:33:54
9800000,39200.00000615109,-3629422.652406659,-3088452.5348918843,302.3605162103584,138,10:33:22
9812500,39250.00000616127,-3625589.918926129,-3085741.573194718,301.7335324186359,138,10:32:50
9825000,39300.00000617146,-3629368.8173661195,-3091160.357327758,300.81696296567935,138,10:32:19
9837500,39350.000006181646,-3628019.7437719703,-3090918.212945969,300.1982750248459,138,10:31:47
9850000,39400.00000619183,-3628666.1838955544,-3089730.277889535,301.2235490804661,138,10:31:16
9862500,39450.00000620202,-3624779.9024805166,-3086309.025278096,300.9636338937369,138,10:30:44
9875000,39500.000006212205,-3628574.783582514,-3090957.3306457405,300.48663563976135,138,10:30:13
9887500,39550.00000622239,-3627197.416629873,-3085217.965724227,302.9246556243696,138,10:29:41
9900000,39600.00000623258,-3628283.6525211725,-3089212.6330790613,301.2990670563415,138,10:29:09
9912500,39650.000006242764,-3631306.97728426,-3093992.4366155853,300.31733107600905,138,10:28:38
9925000,39700.00000625295,-3625731.272989167,-3084418.34945878,302.55211829795,138,10:28:07
9937500,39750.00000626314,-3629115.6921011303,-3088341.741010637,302.2508743292482,138,10:27:35
9950000,39800.00000627332,-3627748.79431526,-3088479.269407515,301.41001628092204,138,10:27:04
9962500,39850.00000628351,-3627780.609812109,-3088923.488693312,301.1795144131178,138,10:26:32
9975000,39900.000006293696,-3628042.8873613644,-3089268.0723047275,301.13351168092197,138,10:26:01
9987500,39950.00000630388,-3626930.43431901,-3089336.622163808,300.4734222686561,138,10:25:29
10000000,40000.00000631407,-3630203.8692626394,-3091078.8051323537,301.32927386312394,138,10:24:58
10012500,40050.000006324255,-3628621.4631278794,-3089649.673330187,301.2436053486823,138,10:24:27
10025000,40100.00000633444,-3627241.1427038666,-3089295.6129671633,300.6700052333335,138,10:23:55
10037500,40150.00000634463,-3627738.489883557,-3088901.5572395464,301.16823061488134,138,10:23:24
10050000,40200.000006354814,-3629297.6713642217,-3091426.037827729,300.62870296446835,138,10:22:52
10062500,40250.000006365,-3627280.2631003223,-3090234.167101837,300.1672912375329,138,10:22:20
10075000,40300.00000637519,-3628918.3321125545,-3089876.3422517157,301.2828417623839,138,10:21:49
10087500,40350.00000638537,-3625904.0971053615,-3089254.4703194792,299.94569556726765,138,10:21:18
10100000,40400.00000639556,-3628096.8504091315,-3090132.6551011456,300.68043784612615,138,10:20:47
10112500,40450.000006405746,-3628288.667428063,-3090155.242040837,300.77502439067035,138,10:20:16
10125000,40500.00000641593,-3626141.117647931,-3088786.8048810936,300.3395606072566,138,10:19:45
10137500,40550.00000642612,-3626278.686080599,-3087358.0664948802,301.21500515209857,138,10:19:14
10150000,40600.000006436305,-3630671.7257072646,-3090600.786840951,301.8579447900312,138,10:18:43
10162500,40650.00000644649,-3629480.2317729946,-3089953.0569736734,301.5540226718413,138,10:18:13
10175000,40700.00000645668,-3628336.55546527,-3090257.4310935475,300.7446743167071,138,10:17:41
10187500,40750.000006466864,-3627352.7240409125,-3090397.8180862535,300.1163230457015,138,10:17:11
10200000,40800.00000647705,-3628976.670449838,-3088929.34385791,301.84474735224126,138,10:16:39
10212500,40850.00000648724,-3628985.633789895,-3091816.7106741006,300.2359421100893,138,10:16:08
10225000,40900.00000649742,-3631466.8475387115,-3092898.9811548293,301.0178433556351,138,10:15:37
10237500,40950.00000650761,-3627129.427771151,-3090622.084191311,299.86617024371634,138,10:15:06
10250000,41000.000006517796,-3629260.226836454,-3091361.546847945,300.64381984233006,138,10:14:35
10262500,41050.00000652798,-3629097.773727486,-3090420.866706084,301.0787886507281,138,10:14:04
10275000,41100.00000653817,-3626829.270758899,-3085472.5056765703,302.5766223395736,138,10:13:32
10287500,41150.000006548355,-3632421.471999977,-3091725.96187639,302.2070318867952,138,10:13:01
10300000,41200.00000655854,-3630149.9474002104,-3091601.016298785,301.0072599951264,138,10:12:30
10312500,41250.00000656873,-3626462.3155403137,-3088007.958241853,300.95440054326656,138,10:11:59
10325000,41300.00000657891,-3627997.440468354,-3089068.9175425507,301.2194225088258,138,10:11:28
10337500,41350.0000065891,-3627576.0108918063,-3088023.034672526,301.56844367293775,138,10:10:57
10350000,41400.000006599286,-3626175.361386489,-3086205.93508949,301.8012071036674,138,10:10:26
10362500,41450.00000660947,-3629204.536115695,-3090232.8109320886,301.2435692343985,138,10:09:55
10375000,41500.00000661966,-3627406.254590448,-3090549.5197455026,300.0614529771912,138,10:09:24
10387500,41550.000006629845,-3627051.5573489815,-3089827.0706573036,300.2669978577963,138,10:08:52
10400000,41600.00000664003,-3629500.4614448287,-3090255.237473159,301.3964339344333,138,10:08:21
10412500,41650.00000665022,-3629385.9358603805,-3092960.5964217996,299.8203362619865,138,10:07:50
10425000,41700.000006660404,-3635218.24701315,-3096988.9981066417,300.82858233743497,138,10:07:18
10437500,41750.00000667059,-3627530.4883014895,-3087861.9999692463,301.6330060230071,138,10:06:47
10450000,41800.00000668078,-3628395.629332727,-3090550.823592554,300.6137082982541,138,10:06:16
10462500,41850.00000669096,-3626756.279623069,-3090258.6600184557,299.86073529255344,138,10:05:45
10475000,41900.00000670115,-3634089.015780937,-3096418.9113693,300.51606374790174,138,10:05:14
10487500,41950.000006711336,-3628842.430032458,-3093383.313883093,299.2802920653794,138,10:04:43
10500000,42000.00000672152,-3626497.2931431476,-3086455.634732425,301.8415792767048,138,10:04:12
10512500,42050.00000673171,-3629249.2725648247,-3089604.864680115,301.61954691258484,138,10:03:41
10525000,42100.000006741895,-3628309.5878683906,-3091253.242262093,300.17301997671603,138,10:03:10
10537500,42150.00000675208,-3628384.645439703,-3091831.610573515,299.8917081440166,138,10:02:39
10550000,42200.00000676227,-3626754.719462555,-3087749.188971573,301.2624637904151,138,10:02:08
10562500,42250.000006772454,-3627102.644880455,-3088743.3970638737,300.90124168826424,138,10:01:36
10575000,42300.00000678264,-3627616.7006163336,-3089237.2923515905,300.91250982178195,138,10:01:05
10587500,42350.00000679283,-3625957.6651535295,-3087884.803224935,300.74117409465117,138,10:00:33
10600000,42400.00000680301,-3625905.8391544763,-3086233.0717849233,301.6353976743904,138,10:00:02
10612500,42450.0000068132,-3628119.743587561,-3089659.4154104083,300.95773780332024,138,9:59:31
10625000,42500.000006823386,-3629934.922093887,-3093561.1998644625,299.7914862284993,138,9:58:59
10637500,42550.00000683357,-3628281.1419290956,-3091670.1628960604,299.92409445821755,138,9:58:28
10650000,42600.00000684376,-3627945.044146452,-3089395.4405917744,301.0076358445602,138,9:57:57
10662500,42650.000006853945,-3627364.351364229,-3090291.6576019544,300.1821573333281,138,9:57:26
10675000,42700.00000686413,-3630420.781170463,-3092500.422659616,300.6559364620703,138,9:56:55
10687500,42750.00000687432,-3629076.159369314,-3090291.932314038,301.1387722612666,138,9:56:24
10700000,42800.000006884504,-3626842.427588761,-3088482.625456144,300.90155150811785,138,9:55:53
10712500,42850.00000689469,-3630289.7245710287,-3092980.07337634,300.31459823766835,138,9:55:22
10725000,42900.00000690488,-3625076.8199096583,-3084976.764770612,301.87421853781984,138,9:54:51
10737500,42950.00000691506,-3627199.3605556246,-3088478.9666889394,301.1030944387235,138,9:54:20
10750000,43000.00000692525,-3627358.256166566,-3090728.6411844175,299.9345105145054,138,9:53:49
10762500,43050.000006935436,-3628980.9855760094,-3091822.3375560446,300.23019912507283,138,9:53:18
10775000,43100.00000694562,-3630040.711423861,-3091999.902030732,300.72325920276444,138,9:52:47
10787500,43150.00000695581,-3630221.317594176,-3091538.3779571727,301.0821604169463,138,9:52:15
10800000,43200.000006965995,-3632625.592714384,-3093669.6454340406,301.2347506050125,138,9:51:44
10812500,43250.00000697618,-3627280.3794932794,-3087511.87075306,301.6889097064233,138,9:51:13
10825000,43300.00000698637,-3625835.071577454,-3087865.143807862,300.68364184944227,138,9:50:42
10837500,43350.00000699655,-3629347.946931213,-3091913.3584634056,300.38442852435344,138,9:50:11
10850000,43400.00000700674,-3629986.32119458,-3091012.3974409997,301.2447980652166,138,9:49:40
10862500,43450.000007016926,-3626282.6572095808,-3084564.416505066,302.7786592953737,138,9:49:09
10875000,43500.00000702711,-3626885.3040351905,-3090532.0150657715,299.7800656142304,138,9:48:37
10887500,43550.0000070373,-3629746.931884162,-3091391.1631770507,300.89929713476437,138,9:48:06
10900000,43600.000007047485,-3632272.1370123215,-3093703.2756548715,301.01839946901714,138,9:47:35
10912500,43650.00000705767,-3631908.544501884,-3096312.586308725,299.35677619945835,138,9:47:04
10925000,43700.00000706786,-3627557.462158095,-3090642.2740338854,300.09412384591457,138,9:46:32
10937500,43750.000007078044,-3628476.1562674716,-3088167.679510031,301.9907101259627,138,9:46:01
10950000,43800.00000708823,-3628666.777901508,-3090208.921628874,300.9563561996013,138,9:45:30
10962500,43850.00000709842,-3622755.3355262764,-3083955.3342387658,301.1475888388312,138,9:44:59
10975000,43900.0000071086,-3631076.716526514,-3091444.015467873,301.61300370093835,138,9:44:28
10987500,43950.00000711879,-3627537.0479898807,-3088837.6449419996,301.0913621921468,138,9:43:57
11000000,44000.000007128976,-3626968.5052229445,-3088673.806667337,300.865163636562,138,9:43:27
11012500,44050.00000713916,-3625857.809587233,-3087268.439509024,301.0298622600193,138,9:42:56
11025000,44100.00000714935,-3629032.585104745,-3090755.3358720206,300.85541081269304,138,9:42:25
11037500,44150.000007159535,-3625809.4012442566,-3086884.6467202064,301.21731626328193,138,9:41:54
11050000,44200.00000716972,-3628214.559840072,-3089425.6493884763,301.1413899181074,138,9:41:24
11062500,44250.00000717991,-3627118.492658809,-3088853.4826211743,300.84857004787887,138,9:40:53
11075000,44300.000007190094,-3627416.796036018,-3089198.2697500703,300.822589220657,138,9:40:22
11087500,44350.00000720028,-3627158.3163960446,-3089783.336463952,300.3511119564954,138,9:39:51
11100000,44400.00000721047,-3629358.998871371,-3089981.2712866087,301.47049322081034,138,9:39:20
11112500,44450.00000722065,-3629458.2553227637,-3091909.4239126462,300.4482815060464,138,9:38:49
11125000,44500.00000723084,-3629528.56398849,-3089963.874044745,301.57499074025486,138,9:38:17
11137500,44550.000007241026,-3625881.681075746,-3086870.453912831,301.26564779006804,138,9:37:46
11150000,44600.00000725121,-3627955.924935432,-3088762.503289436,301.36748043510966,138,9:37:15
11162500,44650.0000072614,-3626623.356112376,-3088497.4490548577,300.7708222250093,138,9:36:44
11175000,44700.000007271585,-3626455.915478943,-3087889.1620197874,301.017221316665,138,9:36:12
11187500,44750.00000728177,-3627568.9522646274,-3090694.7188167954,300.0712333447765,138,9:35:41
11200000,44800.00000729196,-3625413.247159915,-3086249.3099803776,301.3510008954642,138,9:35:10
11212500,44850.000007302144,-3629180.744076144,-3090087.5750124296,301.31144698418746,138,9:34:39
11225000,44900.00000731233,-3628575.991619777,-3089410.893071823,301.3516500107159,138,9:34:07
11237500,44950.00000732252,-3629872.4077941123,-3092714.0614382867,300.23003051811673,138,9:33:36
11250000,45000.0000073327,-3627351.7809809092,-3088564.440420516,301.140512470169,138,9:33:05
11262500,45050.00000734289,-3630186.5422547087,-3092363.3997362684,300.6016002303706,138,9:32:34
11275000,45100.000007353075,-3628187.2640621364,-3089000.0711400006,301.36399905952044,138,9:32:03
11287500,45150.00000736326,-3627729.290862495,-3089274.496055326,300.95464507684534,138,9:31:32
11300000,45200.00000737345,-3629095.134460252,-3090189.3612908614,301.20670715196945,138,9:31:01
11312500,45250.000007383635,-3626159.3643703554,-3087398.356768214,301.1257943802177,138,9:30:30
11325000,45300.00000739382,-3626235.132761484,-3087069.086003159,301.35217998708214,138,9:29:59
11337500,45350.00000740401,-3629645.0360871125,-3091308.9031446422,300.8883222588131,138,9:29:27
11350000,45400.00000741419,-3627984.68196488,-3089443.2168285837,301.00308709722054,138,9:28:56
11362500,45450.00000742438,-3628515.1446060594,-3089929.6841684245,301.0276770728827,138,9:28:25
11375000,45500.000007434566,-3628556.5468760803,-3090744.173597874,300.5955810567951,138,9:27:54
11387500,45550.00000744475,-3631534.4926143065,-3093595.524354972,300.6663378742317,138,9:27:23
11400000,45600.00000745494,-3630262.8775922935,-3092826.7627751306,300.38528163576194,138,9:26:52
11412500,45650.000007465125,-3626233.5170767196,-3086309.8293276485,301.77564278779397,138,9:26:21
11425000,45700.00000747531,-3625911.6320539247,-3087578.200257469,300.8868125268023,138,9:25:50
11437500,45750.0000074855,-3630562.1411032677,-3092899.314112453,300.511996231702,138,9:25:19
11450000,45800.000007495684,-3625948.567431098,-3086648.6739472286,301.4269899695903,138,9:24:47
11462500,45850.00000750587,-3629956.0320833586,-3090612.9318328905,301.4511392152318,138,9:24:16
11475000,45900.00000751606,-3628937.2435635068,-3090216.8565077092,301.1030906319635,138,9:23:44
11487500,45950.00000752624,-3625498.492552722,-3086506.589510194,301.25484709918607,138,9:23:13
11500000,46000.00000753643,-3626052.3754713032,-3089190.940813722,300.0640798094852,138,9:22:41
11512500,46050.000007546616,-3627277.3068665285,-3088468.593416724,301.1524582647075,138,9:22:10
11525000,46100.0000075568,-3625337.9269504864,-3088403.01749844,300.1051465450841,138,9:21:39
11537500,46150.00000756699,-3629949.7410617303,-3092085.5952498824,300.6245179046739,138,9:21:08
11550000,46200.000007577175,-3631175.2795317583,-3092544.3594234777,301.053085517893,138,9:20:36
11562500,46250.00000758736,-3626191.5897921994,-3087441.827881039,301.11950890747164,138,9:20:05
11575000,46300.00000759755,-3625551.168948507,-3086465.031158475,301.3075170452288,138,9:19:34
11587500,46350.000007607734,-3627056.82838027,-3086843.20885159,301.9376922609721,138,9:19:02
11600000,46400.00000761792,-3628561.9500046335,-3088839.358322217,301.66324561731636,138,9:18:30
11612500,46450.00000762811,-3629050.432339769,-3092952.0542075215,299.6375901431841,138,9:17:59
11625000,46500.00000763829,-3630899.339614818,-3092844.2752817417,300.73122661327653,138,9:17:27
11637500,46550.00000764848,-3627013.4646893535,-3087507.7449488644,301.54203095094266,138,9:16:56
11650000,46600.000007658666,-3631021.1427100487,-3091494.646295895,301.5536435069249,138,9:16:24
11662500,46650.00000766885,-3629638.0693532564,-3088703.2144434564,302.3408071375321,138,9:15:52
11675000,46700.00000767904,-3627887.304091383,-3091758.1455925494,299.6547939909179,138,9:15:21
11687500,46750.000007689225,-3627872.8686452564,-3090416.7476767153,300.3964635292942,138,9:14:49
11700000,46800.00000769941,-3630245.555013966,-3090831.340982017,301.4908863269151,138,9:14:18
11712500,46850.0000077096,-3626186.371974116,-3087533.853020642,301.06515760426316,138,9:13:47
11725000,46900.000007719784,-3631536.6767312977,-3093390.6761297653,300.7820529642754,138,9:13:15
11737500,46950.00000772997,-3626929.7890145704,-3086970.544488034,301.7955162803235,138,9:12:43
11750000,47000.00000774016,-3630638.2651577685,-3093600.9276306466,300.1623959284633,138,9:12:12
11762500,47050.00000775034,-3629415.8061500825,-3091639.246098779,300.5755642288358,138,9:11:40
11775000,47100.00000776053,-3628757.4790220894,-3091955.944080744,300.03060049420407,138,9:11:09
11787500,47150.000007770715,-3628002.5143659487,-3090844.1593313217,300.23003536889655,138,9:10:37
11800000,47200.0000077809,-3627127.6174998935,-3089250.496572797,300.6317699920211,138,9:10:05
11812500,47250.00000779109,-3626713.710665537,-3088686.0889152475,300.7158883289076,138,9:09:34
11825000,47300.000007801274,-3631509.541491961,-3092219.1437888425,301.42168256151615,138,9:09:02
11837500,47350.00000781146,-3632356.411194276,-3094383.6021689745,300.6852522488626,138,9:08:30
11850000,47400.00000782165,-3627448.6259914003,-3088499.6568907467,301.23085034149534,138,9:07:59
11862500,47450.00000783183,-3629767.624818839,-3091114.6960032186,301.0653866855491,138,9:07:28
11875000,47500.00000784202,-3627134.207333885,-3086690.0948160673,302.06652004077375,138,9:06:56
11887500,47550.000007852206,-3632840.4934829213,-3095328.202612606,300.4278581663474,138,9:06:24
11900000,47600.00000786239,-3628575.9046472497,-3088669.085830062,301.7662143576698,138,9:05:53
11912500,47650.00000787258,-3630593.415474739,-3093977.399786942,299.9269095592453,138,9:05:21
11925000,47700.000007882765,-3627276.1807082836,-3088616.09657879,301.0693859533943,138,9:04:50
11937500,47750.00000789295,-3628831.148254575,-3089009.5406853855,301.71858785096026,138,9:04:18
11950000,47800.00000790314,-3626533.816411946,-3087128.646269724,301.4858314910234,138,9:03:47
11962500,47850.000007913324,-3628237.1644518096,-3089096.310787675,301.3380989931094,138,9:03:15
11975000,47900.00000792351,-3628062.0496827774,-3089314.0013097497,301.1185511719933,138,9:02:43
11987500,47950.0000079337,-3627039.8257210683,-3089969.5134361107,300.18082627143093,138,9:02:12
12000000,48000.00000794388,-3624027.974761633,-3085161.834310043,301.1845555235801,138,9:01:41
12012500,48050.00000795407,-3629287.37646666,-3090348.1056305235,301.22542976063346,138,9:01:09
12025000,48100.000007964256,-3630991.9119017757,-3092555.286969992,300.9444895197765,138,9:00:38
12037500,48150.00000797444,-3631210.339736862,-3092209.1428919705,301.2600416169411,138,9:00:06
12050000,48200.00000798463,-3626815.867745405,-3088611.3395076226,300.8147653928112,138,8:59:35
12062500,48250.000007994815,-3632877.9746985137,-3093948.675149781,301.21985658106394,138,8:59:04
12075000,48300.000008005,-3629850.772689676,-3091432.5452195276,300.9342067595705,138,8:58:32
12087500,48350.00000801519,-3629676.4736394305,-3090772.531709649,301.20568363045584,138,8:58:00
12100000,48400.000008025374,-3627651.476641992,-3089296.9089516867,300.89862585912505,138,8:57:29
12112500,48450.00000803556,-3629927.9110230375,-3091045.7633947693,301.19350229909827,138,8:56:57
12125000,48500.00000804575,-3630549.1185914874,-3092238.0979954996,300.8742863965726,138,8:56:26
12137500,48550.00000805593,-3631735.018813323,-3093764.9907619455,300.68369789921553,138,8:55:55
12150000,48600.00000806612,-3625813.5367101002,-3087756.8526561884,300.73213191213154,138,8:55:23
12162500,48650.000008076306,-3628984.529627096,-3090348.7687771623,301.05579111862335,138,8:54:52
12175000,48700.00000808649,-3628347.671808347,-3088740.267314705,301.5988648747743,138,8:54:20
12187500,48750.00000809668,-3627588.018674981,-3090189.411388062,300.3643178230872,138,8:53:49
12200000,48800.000008106865,-3629967.509646129,-3090593.3370708176,301.468506245083,138,8:53:18
12212500,48850.00000811705,-3629029.344506642,-3090621.1559872646,300.9285957614042,138,8:52:47
12225000,48900.00000812724,-3628696.4405515753,-3093059.897157627,299.3794601922775,138,8:52:16
12237500,48950.000008137424,-3628036.942335358,-3089463.319868155,301.02106056166537,138,8:51:45
12250000,49000.00000814761,-3629266.7597425096,-3089075.5982431294,301.92513995704195,138,8:51:14
12262500,49050.0000081578,-3628340.2040003035,-3087751.622753312,302.1472669029666,138,8:50:43
12275000,49100.00000816798,-3626986.957429314,-3087344.070618161,301.6186967499401,138,8:50:12
12287500,49150.00000817817,-3625447.4142898526,-3085988.389805385,301.5159319091321,138,8:49:41
12300000,49200.000008188355,-3629367.702950133,-3089600.692376579,301.6880723469617,138,8:49:10
12312500,49250.00000819854,-3629211.7474218737,-3088898.7702076244,301.99322553374543,138,8:48:38
12325000,49300.00000820873,-3627575.2238755003,-3090593.571951543,300.1312719769304,138,8:48:07
12337500,49350.000008218914,-3628618.84085761,-3090757.466945842,300.6229686266048,138,8:47:36
12350000,49400.0000082291,-3632723.3593849596,-3095193.3307337025,300.4377722159932,138,8:47:06
12362500,49450.00000823929,-3631294.578022085,-3093051.75979051,300.8361665421796,138,8:46:34
12375000,49500.00000824947,-3629406.402391495,-3091757.350764227,300.50429686735987,138,8:46:03
12387500,49550.00000825966,-3630088.431539137,-3090870.9378595795,301.38093484277147,138,8:45:32
12400000,49600.000008269846,-3626993.598463306,-3091546.2706935285,299.2737032716145,138,8:45:01
12412500,49650.00000828003,-3627043.3389605656,-3088085.798098741,301.235641293987,138,8:44:30
12425000,49700.00000829022,-3627952.857574573,-3088375.86386092,301.58186759740494,138,8:43:58
12437500,49750.000008300405,-3627489.177156521,-3087961.5139877475,301.5542956326481,138,8:43:27
12450000,49800.00000831059,-3628372.32594309,-3089974.7620506724,300.9226574154806,138,8:42:55
12462500,49850.00000832078,-3627342.4723873585,-3087516.1437131995,301.72122658402395,138,8:42:24
12475000,49900.000008330964,-3627494.8305815626,-3090383.92080258,300.20351713521956,138,8:41:53
12487500,49950.00000834115,-3628889.002917981,-3089502.090630084,301.47562676052195,138,8:41:22
12500000,50000.00000835134,-3628532.764951082,-3091051.323621476,300.4106156556212,138,8:40:50
12512500,50050.00000836152,-3627677.9900032133,-3091120.4268001853,299.89423913458353,138,8:40:19
12525000,50100.00000837171,-3628201.2166756876,-3088984.0987699823,301.38072481420943,138,8:39:47
12537500,50150.000008381896,-3631340.229912091,-3091286.8360718293,301.84813847548224,138,8:39:16
12550000,50200.00000839208,-3628599.1656398866,-3088494.179485631,301.87697459449606,138,8:38:44
12562500,50250.00000840227,-3624755.8324890714,-3083260.699840175,302.653959123066,138,8:38:13
12575000,50300.000008412455,-3627580.8408120107,-3089749.9440136994,300.6059342739502,138,8:37:42
12587500,50350.00000842264,-3629141.5569326933,-3092085.3167680083,300.17296104299777,138,8:37:11
12600000,50400.00000843283,-3632471.888178723,-3094565.5199372256,300.6481169819816,138,8:36:40
12612500,50450.000008443014,-3631459.9857876264,-3093319.958066099,300.77871458564215,138,8:36:08
12625000,50500.0000084532,-3626224.752544539,-3089015.1243363265,300.25869311306946,138,8:35:37
12637500,50550.00000846339,-3629151.9610875174,-3090218.0928258523,301.22241013874844,138,8:35:06
12650000,50600.00000847357,-3627020.0018167645,-3090261.2767100926,300.0066731028535,138,8:34:34
12662500,50650.00000848376,-3626882.6544098128,-3087331.8966420405,301.56720372987724,138,8:34:02
12675000,50700.000008493946,-3626899.128121691,-3086202.3120770925,302.2077617957834,138,8:33:31
12687500,50750.00000850413,-3628816.443448305,-3090140.3708533207,301.07832227080416,138,8:33:00
12700000,50800.00000851432,-3629136.2471045516,-3090400.4864136716,301.1116833066586,138,8:32:28
12712500,50850.000008524505,-3625365.6709833145,-3085409.7684962233,301.7936483383817,138,8:31:57
12725000,50900.00000853469,-3632609.1804768387,-3093292.2867808677,301.43649177521746,138,8:31:25
12737500,50950.00000854488,-3629813.8994175456,-3091609.883546757,300.81447901923184,138,8:30:54
12750000,51000.000008555064,-3628659.760881925,-3089969.253234642,301.08639035021025,138,8:30:23
12762500,51050.00000856525,-3630116.322246203,-3088097.624108693,302.94659179589166,138,8:29:51
12775000,51100.00000857544,-3631201.2045143917,-3093262.8904629713,300.66597222253273,138,8:29:20
12787500,51150.00000858562,-3629817.979707405,-3090963.434827937,301.17807449429756,138,8:28:49
12800000,51200.00000859581,-3631417.747461265,-3092624.190620962,301.143986890551,138,8:28:17
12812500,51250.000008605995,-3628883.4186331127,-3089531.379502727,301.45613535875003,138,8:27:46
12825000,51300.00000861618,-3628615.1763609406,-3091516.6934771407,300.1965714605497,138,8:27:14
12837500,51350.00000862637,-3627000.0615860783,-3087233.1483791983,301.68801792651067,138,8:26:43
12850000,51400.000008636554,-3630960.0386357065,-3091713.520451378,301.3971572993567,138,8:26:12
12862500,51450.00000864674,-3627595.436787311,-3089667.913407976,300.6599410702078,138,8:25:40
12875000,51500.00000865693,-3626891.527130246,-3088479.035558718,300.931000835229,138,8:25:09
12887500,51550.00000866711,-3625880.608268734,-3085399.7238198966,302.08707271029334,138,8:24:38
12900000,51600.0000086773,-3626820.114894729,-3088843.9114783313,300.68714945133416,138,8:24:06
12912500,51650.000008687486,-3628309.86262786,-3089948.448793413,300.902452324968,138,8:23:35
12925000,51700.00000869767,-3630474.203160554,-3094764.796933739,299.4201848886056,138,8:23:03
12937500,51750.00000870786,-3626158.740111366,-3086570.116135885,301.5883680155541,138,8:22:32
12950000,51800.000008718045,-3631879.9580129944,-3092739.5547356005,301.33784726170484,138,8:22:00
12962500,51850.00000872823,-3631027.44387443,-3094602.76051779,299.819969562851,138,8:21:29
12975000,51900.00000873842,-3623975.1030442715,-3086110.279885256,300.6248964894283,138,8:20:58
12987500,51950.000008748604,-3625674.448312184,-3088497.3326439084,300.24052111420957,138,8:20:26
13000000,52000.00000875879,-3629634.108082557,-3090353.4949611695,301.41621373599804,138,8:19:55
13012500,52050.00000876898,-3626283.13797972,-3088718.211437444,300.45727744188525,138,8:19:23
13025000,52100.00000877916,-3628536.168039173,-3091215.487881525,300.32076257618843,138,8:18:51
13037500,52150.00000878935,-3628310.3786153924,-3089810.2913884055,300.97996004156,138,8:18:20
13050000,52200.000008799536,-3631623.014619194,-3091224.1796539286,302.0412133857123,138,8:17:48
13062500,52250.00000880972,-3628800.333767701,-3089971.1868715435,301.16387898312996,138,8:17:17
13075000,52300.00000881991,-3626998.353674695,-3088850.620174383,300.7830215208605,138,8:16:46
13087500,52350.000008830095,-3625599.143972248,-3085449.4678171026,301.9019528535552,138,8:16:14
13100000,52400.00000884028,-3628113.9234003834,-3088972.0036387453,301.3386948592783,138,8:15:43
13112500,52450.00000885047,-3629999.6172305606,-3092892.747488267,300.2012590667253,138,8:15:12
13125000,52500.000008860654,-3629382.806890914,-3091947.0406456226,300.3850868110064,138,8:14:40
13137500,52550.00000887084,-3627724.6792221013,-3089718.840480464,300.7037133093873,138,8:14:09
13150000,52600.00000888103,-3627361.742994262,-3088797.660051511,301.0157287042404,138,8:13:37
13162500,52650.00000889121,-3626579.627943456,-3087744.1726654307,301.1674048813938,138,8:13:06
13175000,52700.0000089014,-3629016.223251898,-3091566.3208962465,300.39298780495636,138,8:12:35
13187500,52750.000008911586,-3628026.6676550824,-3087573.716080378,302.07146039092726,138,8:12:03
13200000,52800.00000892177,-3630150.9857966863,-3088847.786081821,302.5466834360502,138,8:11:32
13212500,52850.00000893196,-3626523.5598337967,-3087606.9222537456,301.21277951846326,138,8:11:00
13225000,52900.000008942145,-3627518.745033426,-3089836.035128917,300.52310924488665,138,8:10:29
13237500,52950.00000895233,-3630505.601102311,-3091653.1181549896,301.1769220334723,138,8:09:58
13250000,53000.00000896252,-3629789.668231981,-3090917.5022844914,301.187923310435,138,8:09:26
13262500,53050.000008972704,-3629368.2568068393,-3088899.797184682,302.08012819175656,138,8:08:55
13275000,53100.00000898289,-3629176.4365747217,-3089089.952811534,301.8666331868412,138,8:08:24
13287500,53150.000008993076,-3629999.2843143754,-3094872.4347456964,299.0945807079437,138,8:07:53
13300000,53200.00000900326,-3629002.5672568493,-3090479.166955689,300.99299024953854,138,8:07:21
13312500,53250.00000901345,-3626799.430179892,-3086991.411478686,301.7109927232346,138,8:06:50
13325000,53300.000009023635,-3629417.1869082414,-3091533.6506939568,300.6353556421023,138,8:06:19
13337500,53350.00000903382,-3631723.813423112,-3092964.8710495643,301.1246400769329,138,8:05:47
13350000,53400.00000904401,-3628621.3034695648,-3089506.72708498,301.3234120232527,138,8:05:16
13362500,53450.000009054194,-3630435.7956399284,-3093080.575442822,300.3400677906955,138,8:04:44
13375000,53500.00000906438,-3629052.789867662,-3091683.3680767696,300.34800538482347,138,8:04:13
13387500,53550.00000907457,-3630591.352676466,-3093062.3288954133,300.4372105711557,138,8:03:42
13400000,53600.00000908475,-3631415.0239855237,-3093593.828708454,300.600511872831,138,8:03:11
13412500,53650.00000909494,-3624088.174905218,-3084468.869675642,301.6055164670599,138,8:02:39
13425000,53700.000009105126,-3628103.2552263997,-3090865.0026785987,300.2746919082228,138,8:02:08
13437500,53750.00000911531,-3627968.256374676,-3088595.738104692,301.4675816161679,138,8:01:36
13450000,53800.0000091255,-3630031.786887858,-3091734.519976027,300.8665991493352,138,8:01:05
13462500,53850.000009135685,-3627710.6696622,-3088286.4736440484,301.496465486287,138,8:00:33
13475000,53900.00000914587,-3627234.0769936107,-3087985.2605835525,301.3984418300463,138,8:00:02
13487500,53950.00000915606,-3628449.3617910203,-3088954.1337340465,301.5361669101373,138,7:59:31
13500000,54000.000009166244,-3628203.5647375975,-3089080.4243455287,301.328198642032,138,7:58:59
13512500,54050.00000917643,-3632640.625869248,-3094032.714769806,301.0402252589534,138,7:58:28
13525000,54100.00000918662,-3629521.1156733613,-3091711.4189294134,300.5940850808553,138,7:57:56
13537500,54150.0000091968,-3629383.9949549325,-3091845.611480919,300.44244191666536,138,7:57:25
13550000,54200.00000920699,-3629895.4197351355,-3093143.769019221,300.00271906478014,138,7:56:54
13562500,54250.000009217176,-3627611.562632818,-3093065.9880881067,298.76969286180093,138,7:56:22
13575000,54300.00000922736,-3630918.053678604,-3091934.6850855667,301.250077001042,138,7:55:51
13587500,54350.00000923755,-3628882.6669190824,-3089833.530320825,301.2868362366537,138,7:55:20
13600000,54400.000009247735,-3630626.306028355,-3092352.016586389,300.8537565182457,138,7:54:49
13612500,54450.00000925792,-3630725.0698723216,-3092698.2778220046,300.71542459070145,138,7:54:17
13625000,54500.00000926811,-3629067.747301493,-3090302.7778656175,301.12800873930024,138,7:53:46
13637500,54550.000009278294,-3629659.743751062,-3090001.8797134697,301.62706786281865,138,7:53:15
13650000,54600.00000928848,-3631072.462701751,-3093086.318083257,300.69270581554036,138,7:52:43
13662500,54650.00000929867,-3626744.247428734,-3087147.4954148037,301.5929109613134,138,7:52:12
13675000,54700.00000930885,-3626137.537019644,-3083198.748797658,303.4608510939474,138,7:51:40
13687500,54750.00000931904,-3626292.4060295485,-3087998.1144861304,300.8649361481818,138,7:51:09
13700000,54800.000009329226,-3629423.0217338745,-3091882.2100025713,300.4437991249543,138,7:50:37
13712500,54850.00000933941,-3628051.583382068,-3088661.99680444,301.4771214819446,138,7:50:06
13725000,54900.0000093496,-3629785.117298119,-3091841.7876868853,300.66877553311303,138,7:49:35
13737500,54950.000009359785,-3626570.3012604155,-3088147.2817820758,300.93688512205944,138,7:49:03
13750000,55000.00000936997,-3627300.025364075,-3088977.5231770677,300.8807037192214,138,7:48:32
13762500,55050.00000938016,-3626142.0217471235,-3087303.8359774835,301.1689310153286,138,7:48:01
13775000,55100.00000939034,-3629916.0332266986,-3092460.671404071,300.3960392253578,138,7:47:29
13787500,55150.00000940053,-3627297.8964124545,-3089685.1914614057,300.4839818824313,138,7:46:58
13800000,55200.000009410716,-3628670.2035907228,-3089377.9918912943,301.42269644535725,138,7:46:27
13812500,55250.0000094209,-3626597.144865839,-3088951.086549712,300.50262383760753,138,7:45:55
13825000,55300.00000943109,-3629870.20391446,-3093612.8168480196,299.7264638570328,138,7:45:24
13837500,55350.000009441275,-3628087.613573171,-3090410.3197769476,300.52008205864473,138,7:44:52
13850000,55400.00000945146,-3628310.4990965165,-3087684.078890425,302.16841595877537,138,7:44:21
13862500,55450.00000946165,-3629156.835947085,-3092923.849072929,299.7128260339891,138,7:43:50
13875000,55500.000009471834,-3629368.1907299776,-3089316.3343863264,301.84727913361877,138,7:43:18
13887500,55550.00000948202,-3629004.4965815023,-3087838.0292232586,302.4702606086291,138,7:42:47
13900000,55600.00000949221,-3628533.877858348,-3088328.2008150676,301.9332530250372,138,7:42:16
13912500,55650.00000950239,-3628979.977522321,-3091535.08338778,300.39018859614407,138,7:41:45
13925000,55700.00000951258,-3631341.2302882615,-3091639.975274526,301.6513200673687,138,7:41:13
13937500,55750.000009522766,-3626810.5093424097,-3088386.131657754,300.9376442544947,138,7:40:42
13950000,55800.00000953295,-3627100.2045420613,-3088012.6951807234,301.30828364766154,138,7:40:11
13962500,55850.00000954314,-3626009.021018021,-3086312.67574457,301.6485759017323,138,7:39:39
13975000,55900.000009553325,-3626808.242366312,-3088844.425999183,300.6802260474529,138,7:39:08
13987500,55950.00000956351,-3629966.949558541,-3093461.146315229,299.86530931455843,138,7:38:37
14000000,56000.0000095737,-3625123.038081251,-3086657.49655599,300.9606516622825,138,7:38:06
14012500,56050.000009583884,-3627098.9155325964,-3091407.1822236925,299.41030709238436,138,7:37:34
14025000,56100.00000959407,-3631694.4170822427,-3094334.748405701,300.3425541471409,138,7:37:03
14037500,56150.00000960426,-3629111.2685891725,-3091223.226889507,300.6378738604685,138,7:36:31
14050000,56200.00000961444,-3625918.694302041,-3088212.704843845,300.53612071750223,138,7:36:00
14062500,56250.00000962463,-3632381.4174497537,-3096717.0469845384,299.39501337601297,138,7:35:29
14075000,56300.000009634816,-3633679.5320576057,-3095110.623298202,301.0184259630482,138,7:34:57
14087500,56350.000009645,-3627853.0807385296,-3089702.897057727,300.7843909825253,138,7:34:26
14100000,56400.00000965519,-3630370.4188838005,-3091127.356072717,301.39522601257363,138,7:33:55
14112500,56450.000009665375,-3626282.5640094746,-3086601.993168707,301.639759212132,138,7:33:23
14125000,56500.00000967556,-3631698.2218769006,-3092578.3108031666,301.3263937024854,138,7:32:52
14137500,56550.00000968575,-3630253.581701424,-3093189.9536893526,300.1770902791185,138,7:32:21
14150000,56600.000009695934,-3630690.6319823004,-3092059.8876567977,301.052987268896,138,7:31:50
14162500,56650.00000970612,-3629494.643982623,-3092343.5325946133,300.22598672986896,138,7:31:18
14175000,56700.00000971631,-3625688.393851472,-3087182.3896030914,300.98326719954355,138,7:30:47
14187500,56750.00000972649,-3625214.4831456486,-3085327.871028404,301.7549203729784,138,7:30:16
14200000,56800.00000973668,-3627900.5379764102,-3089363.7284625964,301.0004849638097,138,7:29:44
14212500,56850.000009746866,-3629069.0861686077,-3092900.2686447892,299.6769603229917,138,7:29:13
14225000,56900.00000975705,-3630594.7633707114,-3092349.4254707536,300.8375748422097,138,7:28:41
14237500,56950.00000976724,-3627142.782201199,-3084646.669566776,303.2134296286282,138,7:28:10
14250000,57000.000009777425,-3628873.507691821,-3090710.822953225,300.7913781083669,138,7:27:39
14262500,57050.00000978761,-3630873.0228806827,-3093625.9083179017,300.27964509017744,138,7:27:07
14275000,57100.0000097978,-3625617.2317571323,-3086952.4350172253,301.0720199386575,138,7:26:36
14287500,57150.00000980798,-3625876.331247404,-3085936.236957397,301.78481277708926,138,7:26:05
14300000,57200.00000981817,-3626221.3005064074,-3087451.9894005144,301.1304353975298,138,7:25:33
14312500,57250.000009828356,-3628290.8486655653,-3089301.2663728455,301.2535499792766,138,7:25:02
14325000,57300.00000983854,-3629207.000841772,-3089947.6649253,301.4043214217031,138,7:24:31
14337500,57350.00000984873,-3628170.7898922637,-3091586.112091958,299.9093941003834,138,7:23:59
14350000,57400.000009858915,-3629993.3799041454,-3091336.442127605,301.06762738508854,138,7:23:28
14362500,57450.0000098691,-3628892.2383925878,-3089657.040857313,301.39082993083684,138,7:22:57
14375000,57500.00000987929,-3627634.2519070394,-3087712.106374146,301.774780808057,138,7:22:25
14387500,57550.000009889474,-3626225.155447036,-3087534.6306153107,301.08639995498623,138,7:21:54
14400000,57600.00000989966,-3625656.76635091,-3086017.8526937324,301.61647606371724,138,7:21:23
14412500,57650.00000990985,-3629323.7401810642,-3091886.143184649,300.3861100594944,138,7:20:51
14425000,57700.00000992003,-3626623.664649574,-3087689.685758192,301.22247197221634,138,7:20:20
14437500,57750.00000993022,-3627929.674651293,-3091117.38660077,300.03661065176453,138,7:19:48
14450000,57800.000009940406,-3629303.893955933,-3091174.143135305,300.77297059173105,138,7:19:17
14462500,57850.00000995059,-3632802.8769120146,-3093630.564552146,301.35568197444854,138,7:18:46
14475000,57900.00000996078,-3629111.298982851,-3090846.9000084563,300.84822851072084,138,7:18:14
14487500,57950.000009970965,-3628480.6582887117,-3092290.6415333385,299.6888090562002,138,7:17:43
14500000,58000.00000998115,-3628737.948729243,-3091102.3887341865,300.4967560869214,138,7:17:12
14512500,58050.00000999134,-3627235.3108329177,-3087398.302400434,301.72719574412264,138,7:16:41
14525000,58100.000010001524,-3629372.785548091,-3090802.301902027,301.01930620306183,138,7:16:10
14537500,58150.00001001171,-3628821.6911568157,-3088584.208068719,301.9510301476874,138,7:15:38
14550000,58200.0000100219,-3628807.949242769,-3090484.7443510834,300.8810964768662,138,7:15:07
14562500,58250.00001003208,-3625667.6970225032,-3085966.769630989,301.6511369518496,138,7:14:36
14575000,58300.00001004227,-3628539.513304146,-3090778.8779412443,300.56666355789343,138,7:14:04
14587500,58350.000010052456,-3628520.6925083864,-3089405.2212961717,301.3239121627897,138,7:13:33
14600000,58400.00001006264,-3628988.215610869,-3090515.306401594,300.96476962863534,138,7:13:02
14612500,58450.00001007283,-3628980.820102742,-3090485.5781461475,300.97725190961387,138,7:12:31
14625000,58500.000010083015,-3629344.012643408,-3090535.7794344644,301.1521898471554,138,7:12:00
14637500,58550.0000100932,-3628028.4499595165,-3089151.1188638536,301.19081022935615,138,7:11:29
14650000,58600.00001010339,-3625245.2652126327,-3087305.959402033,300.66652653931953,138,7:10:57
14662500,58650.000010113574,-3628619.426505277,-3090149.3955727927,300.96316089420054,138,7:10:26
14675000,58700.00001012376,-3625946.634165982,-3087875.13266784,300.74041371909505,138,7:09:55
14687500,58750.00001013395,-3630820.9483381156,-3092152.191901635,301.07423310323225,138,7:09:24
14700000,58800.00001014413,-3626108.663176434,-3089590.7004628293,299.8721055193681,138,7:08:53
14712500,58850.00001015432,-3629943.2539866176,-3090676.2933971747,301.4085830250353,138,7:08:22
14725000,58900.000010164506,-3629494.16334554,-3093269.1903413553,299.7083468995914,138,7:07:51
14737500,58950.00001017469,-3625070.256541727,-3086676.433705329,300.9205664540899,138,7:07:19
14750000,59000.00001018488,-3626152.8798185233,-3087339.0586959664,301.15531305930716,138,7:06:48
14762500,59050.000010195065,-3628351.973508436,-3089063.3988185716,301.4206636378996,138,7:06:17
14775000,59100.00001020525,-3629501.3794443626,-3090600.0316704074,301.2042336976973,138,7:05:46
14787500,59150.00001021544,-3628169.4366269168,-3090426.8778674444,300.5565601326444,138,7:05:14
14800000,59200.00001022562,-3627713.866167566,-3089089.239987343,301.04956769819285,138,7:04:43
14812500,59250.00001023581,-3630823.5685907565,-3091646.3044481617,301.35844963856306,138,7:04:12
14825000,59300.000010245996,-3628697.8278367966,-3091552.103935979,300.22297554060793,138,7:03:41
14837500,59350.00001025618,-3627985.2576992624,-3090058.7099318574,300.6593957784858,138,7:03:10
14850000,59400.00001026637,-3629519.558309203,-3091029.299490935,300.97446672014036,138,7:02:38
14862500,59450.000010276555,-3627742.4859949183,-3090889.9107479346,300.0591280831793,138,7:02:07
14875000,59500.00001028674,-3626587.6454992294,-3087554.3314461494,301.27799265588516,138,7:01:36
14887500,59550.00001029693,-3628944.409040807,-3090028.9702616935,301.2121094813231,138,7:01:04
14900000,59600.000010307114,-3628185.1277688164,-3090044.067511712,300.779291693286,138,7:00:33
14912500,59650.0000103173,-3630120.480047019,-3091969.7295071445,300.78470781296784,138,7:00:02
14925000,59700.00001032749,-3631063.0792366806,-3093509.610174408,300.4508735954322,138,6:59:31
14937500,59750.00001033767,-3626674.7298155,-3086579.5605406784,301.8714877170566,138,6:59:00
14950000,59800.00001034786,-3631411.3004928883,-3090710.521147392,302.2099769748969,138,6:58:29
14962500,59850.000010358046,-3632330.689201774,-3095086.6056502745,300.277950988958,138,6:57:58
14975000,59900.00001036823,-3632108.0453616325,-3095007.530014695,300.1977074504753,138,6:57:27
14987500,59950.00001037842,-3627998.985709429,-3088790.3215912255,301.3759997998874,138,6:56:56
15000000,60000.000010388605,-3626012.8243201636,-3088456.723407984,300.4523445962708,138,6:56:24
15012500,60050.00001039879,-3626931.6885677557,-3088734.6177884038,300.81059724949296,138,6:55:53
15025000,60100.00001040898,-3631427.4526367784,-3094021.341369525,300.3685119685566,138,6:55:22
15037500,60150.000010419164,-3630659.024577601,-3093222.451538169,300.3855377466218,138,6:54:50
15050000,60200.00001042935,-3627193.4438523464,-3088028.3878037967,301.35162625683114,138,6:54:19
15062500,60250.00001043954,-3629697.7959912177,-3089979.988439005,301.66057165801425,138,6:53:48
15075000,60300.00001044972,-3628375.5732361935,-3090088.410778635,300.8609515397704,138,6:53:17
15087500,60350.00001045991,-3628567.8226140384,-3089612.2506500403,301.2345408321612,138,6:52:45
15100000,60400.000010470096,-3630679.3830091767,-3091020.838647516,301.6274481114309,138,6:52:14
15112500,60450.00001048028,-3628790.3739085793,-3090876.907103357,300.65208453087723,138,6:51:42
15125000,60500.00001049047,-3627785.609474547,-3088821.0991169373,301.2395367038724,138,6:51:11
15137500,60550.000010500655,-3629896.0230746847,-3090700.290559177,301.36877203269677,138,6:50:40
15150000,60600.00001051084,-3625717.5369976796,-3087272.903691821,300.9489655823922,138,6:50:09
15162500,60650.00001052103,-3628309.6185046434,-3089697.6543125506,301.0424906247221,138,6:49:38
15175000,60700.000010531214,-3629670.7822192498,-3091880.48364624,300.58324300143437,138,6:49:07
15187500,60750.0000105414,-3632281.830218632,-3092693.7438032012,301.58806756100205,138,6:48:35
15200000,60800.00001055159,-3630405.4469284136,-3091103.357155989,301.42821752527186,138,6:48:04
15212500,60850.00001056177,-3629807.925972076,-3092310.5553587154,300.4195188950109,138,6:47:33
15225000,60900.00001057196,-3625196.6091114897,-3084486.9919163724,302.2149166502823,138,6:47:02
15237500,60950.000010582145,-3627088.3060729746,-3088880.5248256274,300.81658357392564,138,6:46:31
15250000,61000.00001059233,-3628789.125767555,-3090405.205877578,300.91503147185176,138,6:45:59
15262500,61050.00001060252,-3626179.66503118,-3087935.1714323107,300.8371029431072,138,6:45:28
15275000,61100.000010612705,-3626842.016144246,-3087741.6005706023,301.3154972235851,138,6:44:57
15287500,61150.00001062289,-3628820.389566293,-3091158.7931589605,300.51130843057445,138,6:44:26
15300000,61200.00001063308,-3626609.9515897464,-3087880.009409153,301.1084312087758,138,6:43:55
15312500,61250.00001064326,-3629404.798676951,-3088690.057619038,302.2177804938657,138,6:43:23
15325000,61300.00001065345,-3624203.860572271,-3086353.733587575,300.61668246297927,138,6:42:52
15337500,61350.000010663636,-3629089.567988729,-3087130.521862887,302.91325092833364,138,6:42:21
15350000,61400.00001067382,-3626419.9332794305,-3087845.8313113945,301.02132856559876,138,6:41:49
15362500,61450.00001068401,-3630843.098717725,-3091978.3703047168,301.1837663030655,138,6:41:18
15375000,61500.000010694195,-3631441.2581494413,-3092019.261364665,301.49523628467864,138,6:40:47
15387500,61550.00001070438,-3628160.737817671,-3088980.866617274,301.35990678252983,138,6:40:15
15400000,61600.00001071457,-3628644.925481448,-3089605.5430732337,301.28138439774204,138,6:39:44
15412500,61650.000010724754,-3626985.985096449,-3089728.2114707255,300.28560268315584,138,6:39:13
15425000,61700.00001073494,-3625563.30123418,-3086216.492647255,301.453211888914,138,6:38:41
15437500,61750.00001074513,-3629104.2714067623,-3091809.741183289,300.30614678256154,138,6:38:10
15450000,61800.00001075531,-3627741.6390016545,-3086226.496480661,302.6651430961927,138,6:37:39
15462500,61850.0000107655,-3628906.9040066525,-3089942.6116328044,301.23941486778443,138,6:37:08
15475000,61900.000010775686,-3629944.477991849,-3093189.1902629626,300.0047518741424,138,6:36:36
15487500,61950.00001078587,-3627465.143479459,-3088284.8488892308,301.3601434247467,138,6:36:05
15500000,62000.00001079606,-3626314.167048322,-3088489.853814401,300.60225456990895,138,6:35:34
15512500,62050.000010806245,-3628746.190226663,-3089795.8433603346,301.2316204061017,138,6:35:03
15525000,62100.00001081643,-3630974.984489577,-3095806.492863018,299.1178554022548,138,6:34:31
15537500,62150.00001082662,-3628171.1930701286,-3088052.612472941,301.88457283818735,138,6:34:00
15550000,62200.000010836804,-3628691.751934042,-3089486.5125782955,301.3740856221706,138,6:33:29
15562500,62250.00001084699,-3633286.976520499,-3096042.5217435258,300.278158475328,138,6:32:58
15575000,62300.00001085718,-3631370.703148326,-3093021.465937755,300.8956465326298,138,6:32:27
15587500,62350.00001086736,-3628343.034250982,-3090926.0280677397,300.3746013851728,138,6:31:55
15600000,62400.00001087755,-3627824.2431563903,-3091619.973117401,299.69677554095097,138,6:31:24
15612500,62450.000010887736,-3628275.1392215732,-3091768.072648733,299.86601541819675,138,6:30:53
15625000,62500.00001089792,-3626823.4812822267,-3089337.1374382097,300.4133557825525,138,6:30:21
15637500,62550.00001090811,-3626774.500973627,-3088373.0199872293,300.92484676849574,138,6:29:50
15650000,62600.000010918295,-3627440.361144414,-3087904.7048281096,301.55876318480193,138,6:29:19
15662500,62650.00001092848,-3628658.0304433405,-3090964.5668364186,300.5291197340198,138,6:28:48
15675000,62700.00001093867,-3632006.209222803,-3094055.324564503,300.67299822094196,138,6:28:17
15687500,62750.000010948854,-3630170.3132695276,-3090968.5411320617,301.37214771492734,138,6:27:45
15700000,62800.00001095904,-3628921.8045583796,-3090650.402835316,300.8521425063996,138,6:27:14
15712500,62850.00001096923,-3626260.4353527967,-3088323.6127808476,300.66513860069614,138,6:26:43
15725000,62900.00001097941,-3628133.003082989,-3088876.1333845947,301.40294299626515,138,6:26:12
15737500,62950.0000109896,-3626759.7104317658,-3090957.4429326514,299.47208716808325,138,6:25:41
15750000,63000.000010999785,-3629121.870209435,-3091139.942898119,300.6903486665335,138,6:25:09
15762500,63050.00001100997,-3630775.7974768206,-3091221.2225254187,301.56933724072263,138,6:24:38
15775000,63100.00001102016,-3628136.9981233682,-3090112.348849684,300.71422694405175,138,6:24:07
15787500,63150.000011030344,-3628175.5170454513,-3088835.982664628,301.449146169495,138,6:23:36
15800000,63200.00001104053,-3630815.1269359365,-3092973.202928378,300.6120976322807,138,6:23:05
15812500,63250.00001105072,-3626769.1178054344,-3088054.642721302,301.099786296388,138,6:22:34
15825000,63300.0000110609,-3631574.360879734,-3091445.8361594933,301.89013083498287,138,6:22:02
15837500,63350.00001107109,-3627002.740969004,-3088132.5775887743,301.1868040299965,138,6:21:31
15850000,63400.000011081276,-3627586.3281675726,-3089604.3093057782,300.6903998361802,138,6:21:00
15862500,63450.00001109146,-3627639.334124809,-3088624.2578297155,301.26779915768486,138,6:20:29
15875000,63500.00001110165,-3627843.335972624,-3089277.6910149446,301.01660174995004,138,6:19:57
15887500,63550.000011111835,-3626202.3365168516,-3086504.9385345974,301.6491642846518,138,6:19:26
15900000,63600.00001112202,-3628277.5179976635,-3087441.6198710343,302.28549793823737,138,6:18:55
15912500,63650.00001113221,-3628836.0743758865,-3090903.973313597,300.66249964144157,138,6:18:24
15925000,63700.000011142394,-3629521.6852207333,-3090896.7536052647,301.0497384129064,138,6:17:52
15937500,63750.00001115258,-3631368.508826673,-3093223.0659782486,300.78174122336384,138,6:17:21
15950000,63800.00001116277,-3627870.3865405265,-3089244.4114652863,301.05032162633177,138,6:16:50
15962500,63850.00001117295,-3628610.9819873814,-3089853.0071888682,301.1240992772151,138,6:16:19
15975000,63900.00001118314,-3627379.1957599614,-3088627.8622516803,301.1203873088866,138,6:15:47
15987500,63950.000011193326,-3626516.59342465,-3087752.9201793936,301.1272842688498,138,6:15:16
16000000,64000.00001120351,-3633625.890915865,-3094945.1986977584,301.08090428335277,138,6:14:45
16012500,64050.0000112137,-3627672.5855571963,-3089457.5211802935,300.8206542808663,138,6:14:14
16025000,64100.000011223885,-3625523.6116144434,-3085310.9848478017,301.9371373836643,138,6:13:42
16037500,64150.00001123407,-3629013.129298415,-3088835.7857207875,301.9174168059494,138,6:13:11
16050000,64200.00001124426,-3629353.3592076674,-3088861.607378657,302.0931467365148,138,6:12:40
16062500,64250.000011254444,-3628644.5030642003,-3090968.867627917,300.51915516351454,138,6:12:08
16075000,64300.00001126463,-3630233.6290500406,-3090297.5741942306,301.78255504534116,138,6:11:37
16087500,64350.00001127482,-3629814.6144594885,-3089787.3891951647,301.83351226254933,138,6:11:06
16100000,64400.000011285,-3629057.944516521,-3092906.656272644,299.66716280930217,138,6:10:35
16112500,64450.00001129519,-3627792.538491588,-3091402.4028829113,299.80066003988526,138,6:10:03
16125000,64500.000011305376,-3630892.441578664,-3091855.457828301,301.2800437332529,138,6:09:32
16137500,64550.00001131556,-3631102.884470232,-3094122.8553353534,300.1303649631643,138,6:09:01
16150000,64600.00001132575,-3626536.2207201365,-3087039.216148128,301.5371598448405,138,6:08:30
16162500,64650.000011335935,-3627705.122143138,-3090631.466659808,300.18269486112393,138,6:07:59
16175000,64700.00001134612,-3626362.1827248093,-3086642.273331298,301.6617464249734,138,6:07:27
16187500,64750.00001135631,-3629662.4547666907,-3091323.146737977,300.8900968868091,138,6:06:56
16200000,64800.000011366494,-3629919.803875204,-3090091.2844168055,301.7224510632181,138,6:06:25
16212500,64850.00001137668,-3629685.873860933,-3091816.667759535,300.6273462157228,138,6:05:54
16225000,64900.00001138687,-3629921.5676545054,-3090433.9463201687,301.5319153396553,138,6:05:23
16237500,64950.00001139705,-3626506.170996595,-3088151.346777411,300.8987692389564,138,6:04:52
16250000,65000.00001140724,-3626708.971460173,-3087826.1072925255,301.19390278927244,138,6:04:21
16262500,65050.000011417425,-3626873.2422965523,-3087769.060225898,301.3176024045252,138,6:03:49
16275000,65100.00001142761,-3626990.0132169314,-3088899.8817411573,300.7508264377861,138,6:03:18
16287500,65150.0000114378,-3628839.584471289,-3089932.546698024,301.20741396786923,138,6:02:47
16300000,65200.000011447984,-3625512.3911057375,-3086471.6285634846,301.282155786081,138,6:02:16
16312500,65250.00001145817,-3628058.787238326,-3089747.6220156183,300.8743672317392,138,6:01:44
16325000,65300.00001146836,-3627804.8894417025,-3089267.9378243913,301.00056438868984,138,6:01:13
16337500,65350.00001147854,-3629334.420879392,-3090643.690880603,301.0865146275296,138,6:00:42
16350000,65400.00001148873,-3630066.1240265574,-3091083.7878152207,301.2494999794032,138,6:00:11
16362500,65450.000011498916,-3628378.0388139654,-3089018.008780986,301.46060165615745,138,5:59:39
16375000,65500.0000115091,-3629599.516846787,-3092184.514414206,300.3734814433041,138,5:59:08
16387500,65550.00001151928,-3628550.094987536,-3088244.1192253064,301.9893122627932,138,5:58:37
16400000,65600.00001152947,-3628301.3566952124,-3090399.5367016,300.645574862678,138,5:58:05
16412500,65650.00001153965,-3629747.2898737565,-3089921.4436687403,301.72095692103443,138,5:57:34
16425000,65700.00001154984,-3628496.3316541836,-3089056.0525494153,301.5054546895983,138,5:57:03
16437500,65750.00001156003,-3628655.5676143393,-3090115.828652955,301.0021222987582,138,5:56:31
16450000,65800.00001157021,-3630320.1205711532,-3090868.504750749,301.5117910380968,138,5:56:00
16462500,65850.0000115804,-3627113.0525743216,-3092241.620131751,298.9518222604831,138,5:55:29
16475000,65900.00001159059,-3629100.402451625,-3088984.587977232,301.8830267891748,138,5:54:58
16487500,65950.00001160077,-3627913.2706323955,-3090538.1177979573,300.35120859555326,138,5:54:26
16500000,66000.00001161096,-3628655.8150361422,-3088805.803986543,301.7344632028896,138,5:53:55
16512500,66050.00001162114,-3628153.2918807063,-3090650.867431785,300.4223435987784,138,5:53:24
16525000,66100.00001163133,-3632860.1102143023,-3094874.7436951557,300.6922709180984,138,5:52:53
16537500,66150.00001164152,-3630871.072938811,-3092409.939527436,300.95818786706167,138,5:52:21
16550000,66200.0000116517,-3631110.0292666294,-3092718.1293377033,300.9194916973205,138,5:51:50
16562500,66250.00001166189,-3629194.251374796,-3090532.4135530987,301.0703661318976,138,5:51:19
16575000,66300.00001167208,-3629363.9784047864,-3093952.7245448017,299.253540742052,138,5:50:48
16587500,66350.00001168226,-3631019.2710523345,-3093545.584340056,300.40628142342933,138,5:50:16
16600000,66400.00001169245,-3629294.558101209,-3092673.6149032377,299.92966365687795,138,5:49:45
16612500,66450.00001170264,-3632222.68121678,-3093829.6472186446,300.9201255544238,138,5:49:14
16625000,66500.00001171282,-3630456.0427139085,-3092974.427572296,300.41071280310933,138,5:48:42
16637500,66550.00001172301,-3628167.48387889,-3089022.0164130167,301.3406777519542,138,5:48:11
16650000,66600.0000117332,-3628308.7879386023,-3089142.4619933553,301.35233603100977,138,5:47:40
16662500,66650.00001174338,-3629130.1109781116,-3089689.263478946,301.5057723781692,138,5:47:09
16675000,66700.00001175357,-3629211.282369107,-3090091.6846571187,301.3262185574706,138,5:46:37
16687500,66750.00001176375,-3631102.840471549,-3090900.928998732,301.9311483619656,138,5:46:06
16700000,66800.00001177394,-3631098.5115943905,-3093214.247709199,300.6357623539409,138,5:45:35
16712500,66850.00001178413,-3627156.38548629,-3089440.7544093654,300.54150963774305,138,5:45:04
16725000,66900.00001179431,-3629392.593930617,-3090722.4049197054,301.07503380170056,138,5:44:33
16737500,66950.0000118045,-3628529.310908964,-3091392.295285437,300.2181082861484,138,5:44:01
16750000,67000.00001181469,-3631408.1759672984,-3093192.1403589635,300.82119712422804,138,5:43:30
16762500,67050.00001182487,-3627922.260713637,-3089550.300835196,300.9083467490827,138,5:42:59
16775000,67100.00001183506,-3626521.323922625,-3087807.492403645,301.09942659317085,138,5:42:28
16787500,67150.00001184524,-3625495.165021321,-3086385.0614389926,301.32091207222874,138,5:41:57
16800000,67200.00001185543,-3632035.8346703555,-3094123.5771375,300.6514086410169,138,5:41:25
16812500,67250.00001186562,-3627743.7741660643,-3089330.1250900626,300.93164779083486,138,5:40:54
16825000,67300.0000118758,-3627625.2465296686,-3088214.518430944,301.4889379594636,138,5:40:23
16837500,67350.00001188599,-3628010.740431756,-3088599.497085276,301.4892259431658,138,5:39:52
16850000,67400.00001189618,-3626166.311042333,-3087971.7624090402,300.8091875646328,138,5:39:20
16862500,67450.00001190636,-3629364.240820227,-3090869.3178927936,300.9770735969519,138,5:38:49
16875000,67500.00001191655,-3630046.9072840046,-3091648.360882153,300.92320656237445,138,5:38:18
16887500,67550.00001192674,-3629524.1100261975,-3091152.753039796,300.90800977899454,138,5:37:47
16900000,67600.00001193692,-3628674.2325950116,-3090827.0676834597,300.61502689285453,138,5:37:15
16912500,67650.00001194711,-3628918.7268241234,-3089213.650482169,301.65345589471946,138,5:36:44
16925000,67700.0000119573,-3629979.37619834,-3092475.605795505,300.42309588306716,138,5:36:13
16937500,67750.00001196748,-3627363.755988624,-3088055.115409243,301.43187892043744,138,5:35:42
16950000,67800.00001197767,-3630228.9733158443,-3091751.961695199,300.96706255975937,138,5:35:11
16962500,67850.00001198785,-3627794.8698382247,-3088969.85109837,301.1615716625772,138,5:34:39
16975000,67900.00001199804,-3627535.79874178,-3088401.35620261,301.3345156693898,138,5:34:08
16987500,67950.00001200823,-3627117.8594524823,-3090216.5674592773,300.0863569818904,138,5:33:37
17000000,68000.00001201841,-3624574.695221806,-3087180.9476498053,300.3616016177667,138,5:33:06
17012500,68050.0000120286,-3626706.542538507,-3089598.8805940216,300.20170184656797,138,5:32:34
17025000,68100.00001203878,-3629144.385074107,-3087481.9136629975,302.7474885674598,138,5:32:03
17037500,68150.00001204897,-3628293.2787801847,-3090168.2000157163,300.77035927316393,138,5:31:32
17050000,68200.00001205916,-3628589.3814460915,-3088878.4385672025,301.6567348357892,138,5:31:00
17062500,68250.00001206934,-3629627.9394423924,-3091726.6052443674,300.6453033404633,138,5:30:29
17075000,68300.00001207953,-3627840.304731725,-3089849.9668244193,300.69504954013547,138,5:29:58
17087500,68350.00001208972,-3627973.2852409817,-3090610.9912611987,300.3440214888989,138,5:29:27
17100000,68400.0000120999,-3630993.4980815127,-3091302.610718829,301.6455253511313,138,5:28:56
17112500,68450.00001211009,-3627508.287382705,-3092430.8157739993,299.06698224181156,138,5:28:24
17125000,68500.00001212028,-3627629.0048795566,-3089049.006434438,301.02462424089947,138,5:27:53
17137500,68550.00001213046,-3627719.7239898015,-3086791.30013292,302.33721267562487,138,5:27:22
17150000,68600.00001214065,-3628446.917008292,-3090273.4432709473,300.797408325426,138,5:26:51
17162500,68650.00001215083,-3629211.089494558,-3090629.285711296,301.02563328549417,138,5:26:20
17175000,68700.00001216102,-3629862.2339326832,-3093214.388576152,299.9446998858414,138,5:25:48
17187500,68750.00001217121,-3627643.338678861,-3088886.076058954,301.1237012243765,138,5:25:17
17200000,68800.0000121814,-3626220.0310800243,-3087238.5761215016,301.2490074271399,138,5:24:46
17212500,68850.00001219158,-3630817.06013933,-3094098.8756786147,299.98401401274464,138,5:24:15
17225000,68900.00001220177,-3627399.3803091384,-3088381.1339782043,301.26957096289567,138,5:23:43
17237500,68950.00001221195,-3629733.8084655516,-3092217.6910708514,300.4299968979533,138,5:23:12
17250000,69000.00001222214,-3628003.679545684,-3087033.70669368,302.3604353550419,138,5:22:41
17262500,69050.00001223233,-3626429.6067552175,-3087148.639251681,301.4164118082504,138,5:22:10
17275000,69100.00001224251,-3629260.001467038,-3090184.5170368464,301.3015626398442,138,5:21:39
17287500,69150.0000122527,-3627021.7887982,-3089355.7355021555,300.51379948715584,138,5:21:07
17300000,69200.00001226288,-3628847.460581513,-3091198.279651569,300.50436913756977,138,5:20:36
17312500,69250.00001227307,-3627769.630314255,-3089498.282695369,300.85211226634317,138,5:20:05
17325000,69300.00001228326,-3627873.718196787,-3088249.1602615067,301.60845232387857,138,5:19:34
17337500,69350.00001229344,-3628772.2986572552,-3089853.4510381105,301.2140147596337,138,5:19:02
17350000,69400.00001230363,-3629297.290649185,-3089306.0657939557,301.81339081420094,138,5:18:31
17362500,69450.00001231382,-3625484.7393603213,-3085961.922168217,301.55158710594793,138,5:18:00
17375000,69500.000012324,-3629136.968340151,-3089199.5515190195,301.78331627877054,138,5:17:29
17387500,69550.00001233419,-3629510.1335343886,-3090949.667005835,301.01370740800223,138,5:16:58
17400000,69600.00001234438,-3629322.5185349677,-3089967.2828596914,301.4579219804727,138,5:16:27
17412500,69650.00001235456,-3627970.482123228,-3090020.967460153,300.6722324994167,138,5:15:55
17425000,69700.00001236475,-3631099.776446713,-3092684.503182335,300.9325555867002,138,5:15:24
17437500,69750.00001237493,-3629188.145057084,-3091736.1911202148,300.39413448041216,138,5:14:53
17450000,69800.00001238512,-3629547.068074841,-3090536.9813388484,301.2650103794944,138,5:14:22
17462500,69850.0000123953,-3632102.9418969788,-3093894.902059553,300.8167281058083,138,5:13:51
17475000,69900.0000124055,-3627481.1717154793,-3089808.6306391647,300.5174256552713,138,5:13:19
17487500,69950.00001241568,-3629071.4824212715,-3090048.0671920525,301.2724599778396,138,5:12:48
17500000,70000.00001242587,-3627588.6511723846,-3089332.6050798437,300.84355989486306,138,5:12:17
17512500,70050.00001243605,-3625782.463341037,-3087297.722045604,300.9713828509974,138,5:11:46
17525000,70100.00001244624,-3630007.6358882617,-3092516.347019665,300.4161196693852,138,5:11:15
17537500,70150.00001245642,-3626963.428508358,-3087998.8267335333,301.2395877990351,138,5:10:43
17550000,70200.00001246661,-3630669.241895737,-3091445.672809512,301.3843305258911,138,5:10:12
17562500,70250.0000124768,-3629517.2957581654,-3090934.326740235,301.0262845616818,138,5:09:41
17575000,70300.00001248698,-3627937.3057325874,-3088899.022148516,301.2807702399092,138,5:09:10
17587500,70350.00001249717,-3632359.8252564203,-3092369.859189922,301.8126872485173,138,5:08:39
17600000,70400.00001250736,-3627890.6032297015,-3088497.1688860515,301.4792720859852,138,5:08:07
17612500,70450.00001251754,-3630725.5250745136,-3092561.006494329,300.79240308418633,138,5:07:36
17625000,70500.00001252773,-3629032.354060203,-3092343.6544746063,299.9675342446898,138,5:07:05
17637500,70550.00001253792,-3629773.2784972563,-3089719.5616557514,301.84831900823167,138,5:06:34
17650000,70600.0000125481,-3630817.5476213954,-3092539.801770297,300.85568838401,138,5:06:02
17662500,70650.00001255829,-3629990.1191868447,-3093121.114303953,300.06831098078027,138,5:05:31
17675000,70700.00001256847,-3630800.6909363493,-3093491.505470057,300.31433793146306,138,5:05:00
17687500,70750.00001257866,-3627367.8854354527,-3088470.296899609,301.2021325739217,138,5:04:29
17700000,70800.00001258885,-3631740.435222078,-3095920.192918125,299.482133695782,138,5:03:58
17712500,70850.00001259903,-3628655.91620807,-3090713.6164132566,300.6681999452676,138,5:03:27
17725000,70900.00001260922,-3628863.121330522,-3089757.6307245325,301.3183337747183,138,5:02:56
17737500,70950.0000126194,-3628401.749773789,-3089759.2554714456,301.05955459849173,138,5:02:24
17750000,71000.00001262959,-3628394.4344417825,-3088993.440862199,301.48349711506734,138,5:01:53
17762500,71050.00001263978,-3625759.359144997,-3086395.1123880567,301.46295847919095,138,5:01:22
17775000,71100.00001264997,-3626707.4902466144,-3089838.391015434,300.068363714187,138,5:00:51
17787500,71150.00001266015,-3627716.879377108,-3088023.1815883396,301.6470961622616,138,5:00:20
17800000,71200.00001267034,-3626391.350118099,-3086689.61454084,301.651588665264,138,4:59:48
17812500,71250.00001268052,-3626613.6419534255,-3088517.571807252,300.7541456958919,138,4:59:17
17825000,71300.00001269071,-3629438.185888782,-3088840.7361442633,302.1522237081643,138,4:58:46
17837500,71350.0000127009,-3628320.987036802,-3088663.6807514243,301.626756122406,138,4:58:15
17850000,71400.00001271108,-3630447.217663169,-3090936.687886332,301.5447193897787,138,4:57:44
17862500,71450.00001272127,-3630461.5808654334,-3091439.3384673614,301.271804455807,138,4:57:12
17875000,71500.00001273146,-3629589.7334834393,-3092989.460233855,299.91811075208335,138,4:56:41
17887500,71550.00001274164,-3630075.8210906275,-3090709.035118189,301.4643777045491,138,4:56:10
17900000,71600.00001275183,-3631577.783740243,-3092421.5678309686,301.3466853017058,138,4:55:39
17912500,71650.00001276202,-3631375.7260298487,-3093266.1405775044,300.7616997082453,138,4:55:08
17925000,71700.0000127722,-3629445.7204885595,-3090439.9946810864,301.2625729572491,138,4:54:37
17937500,71750.00001278239,-3626953.6724715736,-3088400.18854759,301.0098046713188,138,4:54:06
17950000,71800.00001279257,-3629293.10971055,-3090558.6760515803,301.11094159830816,138,4:53:34
17962500,71850.00001280276,-3626907.8416548762,-3088690.272523815,300.8220542449971,138,4:53:03
17975000,71900.00001281295,-3631920.121819783,-3093824.1037778556,300.7541165736424,138,4:52:32
17987500,71950.00001282313,-3629649.7838163506,-3090122.792277858,301.55392024319156,138,4:52:01
18000000,72000.00001283332,-3629238.7658806555,-3091893.655323702,300.33441728262426,138,4:51:29
18012500,72050.0000128435,-3626904.8405164573,-3090563.5123947994,299.77338042407627,138,4:50:58
18025000,72100.00001285369,-3628559.071871735,-3088496.985712247,301.8529968106161,138,4:50:27
18037500,72150.00001286388,-3631974.4592133984,-3092778.792250805,301.3687353936803,138,4:49:56
18050000,72200.00001287406,-3626801.2314961664,-3089211.905763418,300.4709147049939,138,4:49:25
18062500,72250.00001288425,-3626993.2878401205,-3088601.863350962,300.9192259632091,138,4:48:54
18075000,72300.00001289444,-3628185.353820851,-3089091.9142026515,301.3115982032498,138,4:48:22
18087500,72350.00001290462,-3627840.9790169224,-3088876.7634998476,301.239371910784,138,4:47:51
18100000,72400.00001291481,-3628653.515421765,-3090515.949250585,300.777338769105,138,4:47:20
18112500,72450.000012925,-3627531.3246997036,-3087734.17399377,301.70491835321985,138,4:46:49
18125000,72500.00001293518,-3624277.924752645,-3085005.649066029,301.4115537538667,138,4:46:17
18137500,72550.00001294537,-3630772.514284121,-3093030.1921005705,300.55642790497484,138,4:45:46
18150000,72600.00001295556,-3628002.1683363505,-3089323.6690355474,301.07967861194066,138,4:45:15
18162500,72650.00001296574,-3629872.177438045,-3092424.3783897925,300.3918122185602,138,4:44:44
18175000,72700.00001297593,-3630007.1908540893,-3090735.23753112,301.41137357748426,138,4:44:12
18187500,72750.00001298611,-3628142.951204907,-3089355.00722034,301.1408497376792,138,4:43:41
18200000,72800.0000129963,-3625960.0800564736,-3085075.5316322907,302.3126896972753,138,4:43:10
18212500,72850.00001300649,-3631488.2359995134,-3092689.4229253214,301.14692471935246,138,4:42:39
18225000,72900.00001301667,-3629899.8734950665,-3090926.8076006966,301.2443185881715,138,4:42:08
18237500,72950.00001302686,-3628685.4901357833,-3089533.6570000295,301.34423566979257,138,4:41:37
18250000,73000.00001303705,-3630428.0804560483,-3092764.2899933257,300.51253473808896,138,4:41:05
18262500,73050.00001304723,-3630085.2606497966,-3094067.5869790087,299.59248258208737,138,4:40:34
18275000,73100.00001305742,-3625901.1287935935,-3086608.2554397234,301.42306625909004,138,4:40:03
18287500,73150.0000130676,-3628177.0913727805,-3089036.369732802,301.3380252018025,138,4:39:32
18300000,73200.00001307779,-3626178.294601038,-3087689.222824394,300.97380325554906,138,4:39:01
18312500,73250.00001308798,-3631869.9754982106,-3092557.3120725183,301.43412738083845,138,4:38:29
18325000,73300.00001309816,-3626315.747076506,-3085713.5730612865,302.154864210627,138,4:37:58
18337500,73350.00001310835,-3625094.108835511,-3086893.926918719,300.81233613504673,138,4:37:27
18350000,73400.00001311854,-3626980.4155626968,-3088053.38985177,301.2185856813405,138,4:36:56
18362500,73450.00001312872,-3628193.2248803303,-3090818.8093239227,300.35079651407455,138,4:36:25
18375000,73500.00001313891,-3630600.7868501507,-3090790.2497939663,301.71240028917333,138,4:35:54
18387500,73550.0000131491,-3625822.8299806956,-3087076.961064661,301.1173330238549,138,4:35:22
18400000,73600.00001315928,-3630343.4079588465,-3091202.465734846,301.3381484912347,138,4:34:51
18412500,73650.00001316947,-3629744.0410557278,-3088704.517812712,302.3993086521949,138,4:34:20
18425000,73700.00001317966,-3628341.0357058067,-3090878.8053122577,300.39987822603854,138,4:33:48
18437500,73750.00001318984,-3629097.137283059,-3090101.1521338653,301.25712868154847,138,4:33:17
18450000,73800.00001320003,-3628119.5073053744,-3088663.1152409487,301.5144605896322,138,4:32:46
18462500,73850.00001321021,-3627961.63032574,-3090565.1183465486,300.3631467078893,138,4:32:15
18475000,73900.0000132204,-3627330.632386565,-3088852.359772946,300.9677673574443,138,4:31:44
18487500,73950.00001323059,-3630495.2715843488,-3091453.7023153473,301.28260668402953,138,4:31:12
18500000,74000.00001324077,-3625941.89090658,-3087460.628794185,300.9694382563789,138,4:30:41
18512500,74050.00001325096,-3628486.1594001353,-3091912.136751781,299.90343869334697,138,4:30:10
18525000,74100.00001326115,-3629689.5735058933,-3088821.5685711587,302.3034431643383,138,4:29:39
18537500,74150.00001327133,-3628886.905262854,-3089376.5959332627,301.5445961767938,138,4:29:07
18550000,74200.00001328152,-3628612.6804305185,-3089705.551575148,301.20746487573183,138,4:28:36
18562500,74250.0000132917,-3626683.5904119015,-3087443.499919215,301.3935647161436,138,4:28:05
18575000,74300.00001330189,-3630646.8813060317,-3092613.0374790393,300.7193659892495,138,4:27:34
18587500,74350.00001331208,-3630021.4532407913,-3089683.465928175,302.00720424718605,138,4:27:03
18600000,74400.00001332226,-3628160.3942259215,-3089457.885518858,301.0930980157775,138,4:26:31
18612500,74450.00001333245,-3628884.201417651,-3089249.389982059,301.6141832386681,138,4:26:00
18625000,74500.00001334264,-3628956.922132427,-3091664.708881291,300.3048517739662,138,4:25:29
18637500,74550.00001335282,-3626813.2132998314,-3088148.451115749,301.0720006246205,138,4:24:58
18650000,74600.00001336301,-3628984.9595282692,-3090248.0902332757,301.1123029307399,138,4:24:27
18662500,74650.0000133732,-3628556.3622803837,-3090968.0585418325,300.4703434891671,138,4:23:55
18675000,74700.00001338338,-3628118.312917702,-3092198.6446961327,299.5377051049999,138,4:23:24
18687500,74750.00001339357,-3629815.9459537957,-3091852.6128790467,300.6799559243376,138,4:22:53
18700000,74800.00001340375,-3628141.7945113517,-3088215.1649526274,301.77728703219236,138,4:22:21
18712500,74850.00001341394,-3627697.557213258,-3088995.7906495277,301.09268321497086,138,4:21:50
18725000,74900.00001342413,-3627269.6355321407,-3088525.8568572034,301.11616474051226,138,4:21:19
18737500,74950.00001343431,-3628085.107978327,-3089590.6934840567,300.9767894220802,138,4:20:48
18750000,75000.0000134445,-3628436.153769644,-3090222.1732670744,300.82004847882246,138,4:20:17
18762500,75050.00001345469,-3626302.5974227097,-3089008.098709897,300.3061291705358,138,4:19:45
18775000,75100.00001346487,-3628257.5931593403,-3091228.669828103,300.15769304279775,138,4:19:14
18787500,75150.00001347506,-3626735.060068665,-3090121.650596321,299.92545288608693,138,4:18:43
18800000,75200.00001348525,-3627005.979838157,-3090221.343230992,300.02115563046675,138,4:18:11
18812500,75250.00001349543,-3626306.721679913,-3087432.4734056126,301.1890871703027,138,4:17:40
18825000,75300.00001350562,-3627472.423955163,-3087506.5514361635,301.79922081622607,138,4:17:09
18837500,75350.0000135158,-3627222.608391391,-3088438.1091615236,301.13892438584276,138,4:16:38
18850000,75400.00001352599,-3630107.719337415,-3092229.2857764233,300.6325036529928,138,4:16:06
18862500,75450.00001353618,-3631008.777575776,-3090641.0225220555,302.02384211548105,138,4:15:35
18875000,75500.00001354636,-3627247.9162394833,-3088700.4550304245,301.0064384388142,138,4:15:04
18887500,75550.00001355655,-3629048.7888647,-3090301.406544014,301.11817890017403,138,4:14:33
18900000,75600.00001356674,-3632576.64805666,-3092525.50612274,301.8468798337533,138,4:14:02
18912500,75650.00001357692,-3629506.165056739,-3094288.4244039063,299.14538180440707,138,4:13:31
18925000,75700.00001358711,-3630600.793372916,-3090166.919268415,302.06079755844934,138,4:12:59
18937500,75750.0000135973,-3626253.3539497405,-3089494.2771221483,300.00686968768434,138,4:12:28
18950000,75800.00001360748,-3628892.5445977133,-3092214.808963209,299.9614062427824,138,4:11:57
18962500,75850.00001361767,-3631627.9114260003,-3091807.154700106,301.7181122952691,138,4:11:26
18975000,75900.00001362785,-3631310.045273265,-3093151.762604898,300.78891769108384,138,4:10:55
18987500,75950.00001363804,-3626527.067911703,-3088091.7669347264,300.94374953128926,138,4:10:23
19000000,76000.00001364823,-3628313.2341846563,-3089821.2947261212,300.9754060682527,138,4:09:52
19012500,76050.00001365841,-3632492.959785009,-3093101.9623710364,301.47791003050116,138,4:09:21
19025000,76100.0000136686,-3627462.137260627,-3089826.6108675897,300.4967373059879,138,4:08:50
19037500,76150.00001367879,-3631389.6529710274,-3091971.236366297,301.49323524053244,138,4:08:19
19050000,76200.00001368897,-3629689.290006306,-3091371.4708072087,300.87808629065023,138,4:07:48
19062500,76250.00001369916,-3629777.807198433,-3091345.358193976,300.9421554989107,138,4:07:16
19075000,76300.00001370934,-3631976.1733031105,-3092463.3660864476,301.54599230275335,138,4:06:45
19087500,76350.00001371953,-3630553.2685512174,-3092157.8822903223,300.9214402876395,138,4:06:14
19100000,76400.00001372972,-3629334.08122907,-3088944.125621275,302.03625051064535,138,4:05:43
19112500,76450.0000137399,-3629721.0234096907,-3090611.94125687,301.32034117201954,138,4:05:11
19125000,76500.00001375009,-3627252.343000356,-3088042.7996886345,301.37649120116356,138,4:04:40
19137500,76550.00001376028,-3629286.260160176,-3090062.8343120595,301.3842504668508,138,4:04:09
19150000,76600.00001377046,-3630022.966421293,-3093433.2753012604,299.91219615892885,138,4:03:38
19162500,76650.00001378065,-3628330.901141163,-3088934.787016142,301.48076987681014,138,4:03:06
19175000,76700.00001379084,-3630272.488473829,-3095070.5970714735,299.1365232974384,138,4:02:35
19187500,76750.00001380102,-3627068.319374444,-3088191.2291491292,301.19067560143384,138,4:02:04
19200000,76800.00001381121,-3625737.9741038606,-3087063.2148018363,301.0775882414657,138,4:01:33
19212500,76850.0000138214,-3627825.9609762616,-3088614.0240865373,301.3778290264093,138,4:01:02
19225000,76900.00001383158,-3626702.5938797425,-3086310.9591324525,302.0371890199417,138,4:00:30
19237500,76950.00001384177,-3626868.1251687836,-3088924.007330414,300.6692160912068,138,3:59:59
19250000,77000.00001385195,-3626026.4812945835,-3087371.205457274,301.0666984894113,138,3:59:28
19262500,77050.00001386214,-3631197.073073225,-3093982.1454060706,300.26165510133734,138,3:58:57
19275000,77100.00001387233,-3626900.973805545,-3089361.0546227563,300.4433002592669,138,3:58:26
19287500,77150.00001388251,-3629483.383247068,-3090334.120807492,301.3427988491658,138,3:57:54
19300000,77200.0000138927,-3627457.8744103163,-3088023.172339281,301.50233755845977,138,3:57:23
19312500,77250.00001390289,-3631058.503255671,-3092358.8245270243,301.091516276404,138,3:56:52
19325000,77300.00001391307,-3627257.888701694,-3089227.7574798493,300.717290929699,138,3:56:21
19337500,77350.00001392326,-3626997.026293371,-3090920.682811103,299.62527447559654,138,3:55:49
19350000,77400.00001393344,-3629391.614055747,-3092755.2958355295,299.9382571068906,138,3:55:18
19362500,77450.00001394363,-3629580.9599249996,-3091763.1336835125,300.59862884213334,138,3:54:47
19375000,77500.00001395382,-3630310.264624117,-3091644.4482493973,301.0725898357706,138,3:54:16
19387500,77550.000013964,-3629883.2467619777,-3091071.202951866,301.154319678913,138,3:53:44
19400000,77600.00001397419,-3625742.8366372734,-3084809.548369418,302.3399315056779,138,3:53:13
19412500,77650.00001398438,-3628047.78015266,-3087805.35415103,301.95379285460797,138,3:52:42
19425000,77700.00001399456,-3627252.288332099,-3090436.097286701,300.0387921244689,138,3:52:11
19437500,77750.00001400475,-3626827.055769546,-3086869.116978486,301.79478647503504,138,3:51:40
19450000,77800.00001401494,-3628127.8198297136,-3089734.101401914,300.9205080977471,138,3:51:08
19462500,77850.00001402512,-3628291.9102330524,-3089827.7950967685,300.95985442100533,138,3:50:37
19475000,77900.00001403531,-3628537.6051124334,-3090202.1165487347,300.88796210084564,138,3:50:06
19487500,77950.0000140455,-3628088.4670231137,-3090176.6215576325,300.6511783271789,138,3:49:34
19500000,78000.00001405568,-3628714.4145111106,-3090864.610559446,300.6165019124628,138,3:49:03
19512500,78050.00001406587,-3632196.845041482,-3094723.7905821037,300.40592804288747,138,3:48:32
19525000,78100.00001407605,-3624120.2380333915,-3085051.1833236027,301.29796892271077,138,3:48:01
19537500,78150.00001408624,-3627986.299175881,-3086996.336885983,302.37160790702706,138,3:47:30
19550000,78200.00001409643,-3628967.8957802486,-3090765.2241792786,300.81372767622213,138,3:46:58
19562500,78250.00001410661,-3626077.840187857,-3086070.0066157263,301.8226738042465,138,3:46:27
19575000,78300.0000141168,-3624785.023267938,-3086534.8172413604,300.8402957490217,138,3:45:56
19587500,78350.00001412698,-3629276.572396498,-3090677.8260933887,301.03510284560645,138,3:45:25
19600000,78400.00001413717,-3626835.877252441,-3088414.537650791,300.9359462007278,138,3:44:53
19612500,78450.00001414736,-3629424.973843774,-3089056.8982506846,302.0240212722327,138,3:44:22
19625000,78500.00001415754,-3628823.530959023,-3089492.7409875076,301.44425872002853,138,3:43:51
19637500,78550.00001416773,-3629342.0599120595,-3089905.9434885792,301.50312807224503,138,3:43:20
19650000,78600.00001417792,-3628885.8685877863,-3090375.757431376,300.9855626439529,138,3:42:48
19662500,78650.0000141881,-3627886.4842859358,-3089132.054797002,301.12211772296695,138,3:42:17
19675000,78700.00001419829,-3628231.1554970704,-3089076.3638778306,301.3458892335756,138,3:41:46
19687500,78750.00001420848,-3629549.444198152,-3090189.3497570907,301.46063765530096,138,3:41:15
19700000,78800.00001421866,-3627712.2816011403,-3089088.13918695,301.0492973103424,138,3:40:44
19712500,78850.00001422885,-3628212.5208471566,-3091437.834960454,300.0155939462288,138,3:40:12
19725000,78900.00001423903,-3630365.9679690916,-3090526.3395027565,301.72866014069876,138,3:39:41
19737500,78950.00001424922,-3627566.9089305922,-3088801.749970579,301.1281146686561,138,3:39:10
19750000,79000.0000142594,-3629096.9917618986,-3091482.3821505527,300.4850464404392,138,3:38:39
19762500,79050.0000142696,-3626420.975376811,-3088328.888626419,300.75191928529034,138,3:38:07
19775000,79100.00001427978,-3631047.307232579,-3090678.4002843113,302.0244859355715,138,3:37:36
19787500,79150.00001428997,-3632372.1349563673,-3095860.7227426176,299.8684442958484,138,3:37:05
19800000,79200.00001430015,-3629595.7308100127,-3090208.7485891804,301.47566584763166,138,3:36:34
19812500,79250.00001431034,-3630358.1832752936,-3091911.1286263904,300.95031892615225,138,3:36:03
19825000,79300.00001432053,-3627612.6207902096,-3089958.9507442247,300.50687820673926,138,3:35:31
19837500,79350.00001433071,-3629038.316289926,-3088930.0438133935,301.8788113948442,138,3:35:00
19850000,79400.0000143409,-3628709.1894376073,-3089638.41651069,301.2989292733865,138,3:34:29
19862500,79450.00001435108,-3629088.397136774,-3091638.391797796,300.3930453646824,138,3:33:58
19875000,79500.00001436127,-3626228.079600865,-3089263.1448645694,300.1219283601068,138,3:33:26
19887500,79550.00001437146,-3628912.698931692,-3091425.975103293,300.41356816447563,138,3:32:55
19900000,79600.00001438164,-3629205.005260531,-3089062.561549467,301.8979104758801,138,3:32:24
19912500,79650.00001439183,-3628828.302137198,-3091165.9536540955,300.5117287828463,138,3:31:53
19925000,79700.00001440202,-3628758.680707561,-3089142.352730472,301.6038524128545,138,3:31:22
19937500,79750.0000144122,-3632170.7060535867,-3093545.4054910447,301.04994462582636,138,3:30:50
19950000,79800.00001442239,-3628562.3400597237,-3090366.860101059,300.8097081035887,138,3:30:19
19962500,79850.00001443257,-3630591.4184834026,-3090555.2140786834,301.83853090856536,138,3:29:48
19975000,79900.00001444276,-3627223.767266767,-3085932.598157279,302.53995925677583,138,3:29:17
19987500,79950.00001445295,-3629348.683827795,-3088938.2170964153,302.0477146446415,138,3:28:45
20000000,80000.00001446313,-3628351.00490888,-3089899.5796358166,300.95276176751184,138,3:28:14
20012500,80050.00001447332,-3630954.438558286,-3092257.6518391874,301.0898998664182,138,3:27:43
20025000,80100.0000144835,-3629434.523168532,-3091662.882398335,300.57281473061687,138,3:27:12
20037500,80150.0000144937,-3627750.1950800586,-3090275.089695522,300.40707435165655,138,3:26:41
20050000,80200.00001450388,-3633015.400483949,-3094561.8366417824,300.9539570624771,138,3:26:09
20062500,80250.00001451407,-3629362.244336227,-3089924.055622297,301.5042863225621,138,3:25:38
20075000,80300.00001452425,-3629914.800526865,-3092155.0348837124,300.5661774517224,138,3:25:07
20087500,80350.00001453444,-3626293.679245908,-3087231.430450834,301.2941649420104,138,3:24:36
20100000,80400.00001454462,-3630810.370401442,-3091123.392455468,301.6433402891175,138,3:24:04
20112500,80450.00001455481,-3627423.42402344,-3088584.015160724,301.16961462989786,138,3:23:33
20125000,80500.000014565,-3628896.5553040076,-3089303.6628915817,301.5907537421521,138,3:23:02
20137500,80550.00001457518,-3629402.2034803983,-3089033.06139786,302.024617357469,138,3:22:31
20150000,80600.00001458537,-3629187.523529675,-3089659.4498206065,301.5545250929667,138,3:22:00
20162500,80650.00001459556,-3630869.26456753,-3090069.2973752636,302.26541532089834,138,3:21:28
20175000,80700.00001460574,-3626633.9029693175,-3090115.3666761452,299.8724261060482,138,3:20:57
20187500,80750.00001461593,-3628004.179394912,-3088810.0640268256,301.36786817218166,138,3:20:26
20200000,80800.00001462612,-3633091.7268753406,-3092377.9297942277,302.21725288373824,138,3:19:55
20212500,80850.0000146363,-3626889.626821881,-3088836.629875067,300.73007110402165,138,3:19:23
20225000,80900.00001464649,-3628463.0687320046,-3090965.247360084,300.41977083423353,138,3:18:52
20237500,80950.00001465667,-3628235.7285198644,-3090536.715100298,300.53222165067234,138,3:18:21
20250000,81000.00001466686,-3626247.1146589536,-3088078.203720174,300.79485807341604,138,3:17:50
20262500,81050.00001467705,-3631483.5005138554,-3092771.9691180354,301.0981410019644,138,3:17:19
20275000,81100.00001468723,-3629325.946247982,-3092800.9965848406,299.8760106845522,138,3:16:47
20287500,81150.00001469742,-3626138.5558891427,-3086253.4935451783,301.75405416940487,138,3:16:16
20300000,81200.0000147076,-3625357.1472328883,-3085508.860996965,301.7334991652532,138,3:15:45
20312500,81250.00001471779,-3628796.257020781,-3090458.454203899,300.8892555896436,138,3:15:14
20325000,81300.00001472798,-3627079.8512816858,-3087492.471998334,301.5876723287824,138,3:14:42
20337500,81350.00001473817,-3629779.9886778314,-3090440.381928661,301.44918661781196,138,3:14:11
20350000,81400.00001474835,-3629697.0555705577,-3089903.072534248,301.7031478705413,138,3:13:40
20362500,81450.00001475854,-3627986.621471904,-3089366.2358707734,301.0471975419832,138,3:13:09
20375000,81500.00001476872,-3628958.0593196284,-3088954.9259962747,301.8200467281835,138,3:12:38
20387500,81550.00001477891,-3629267.546194328,-3090461.894876993,301.15074676914753,138,3:12:07
20400000,81600.0000147891,-3628573.6554588303,-3093025.7199733644,299.32993521468353,138,3:11:35
20412500,81650.00001479928,-3629702.918178186,-3090103.790773825,301.59423862111134,138,3:11:04
20425000,81700.00001480947,-3630691.5568386745,-3092518.919264801,300.79694097462306,138,3:10:33
20437500,81750.00001481966,-3624472.4532308467,-3086453.989993611,300.7107694274288,138,3:10:02
20450000,81800.00001482984,-3626344.7323884796,-3087657.478792053,301.0845715870939,138,3:09:31
20462500,81850.00001484003,-3629411.6571209654,-3090991.3025901667,300.9353956221996,138,3:08:59
20475000,81900.00001485021,-3628314.420322817,-3088703.626933176,301.6007590059111,138,3:08:28
20487500,81950.0000148604,-3626000.7537726294,-3089445.410946695,299.8929981152693,138,3:07:57
20500000,82000.00001487059,-3627359.497917179,-3087558.3192764474,301.7071696576918,138,3:07:26
20512500,82050.00001488077,-3626720.88595715,-3089253.507777293,300.4027554410175,138,3:06:55
20525000,82100.00001489096,-3629137.9695724584,-3091127.1862868853,300.70647692757694,138,3:06:23
20537500,82150.00001490115,-3624790.298652839,-3086464.9568757764,300.8822908307591,138,3:05:52
20550000,82200.00001491133,-3624139.323681386,-3085860.4364082227,300.85632635079156,138,3:05:21
20562500,82250.00001492152,-3629288.6810179204,-3090101.4006820535,301.36404791704496,138,3:04:50
20575000,82300.0000149317,-3630093.855941899,-3091434.341652448,301.06906745681994,138,3:04:19
20587500,82350.00001494189,-3628718.333497543,-3089750.680163211,301.2412933851257,138,3:03:47
20600000,82400.00001495208,-3629394.5202821493,-3091929.5628983034,300.40140240300747,138,3:03:16
20612500,82450.00001496226,-3628363.442757789,-3090630.6453793803,300.5511042745077,138,3:02:45
20625000,82500.00001497245,-3629614.502724506,-3091394.9998547793,300.8231350555671,138,3:02:14
20637500,82550.00001498264,-3628041.4571114574,-3091748.4778935215,299.74635712091344,138,3:01:43
20650000,82600.00001499282,-3628055.4535051044,-3087540.2943327753,302.1062296336654,138,3:01:11
20662500,82650.00001500301,-3627797.8450836,-3087692.8331101397,301.87698902543747,138,3:00:40
20675000,82700.0000150132,-3627684.103122659,-3089676.553057749,300.7046698069303,138,3:00:09
20687500,82750.00001502338,-3629577.5639961157,-3091941.295103982,300.49715230563896,138,2:59:38
20700000,82800.00001503357,-3627328.0660890844,-3087493.4168935,301.72587711290123,138,2:59:06
20712500,82850.00001504376,-3628498.3503081016,-3089740.213625917,301.12418975768503,138,2:58:35
20725000,82900.00001505394,-3628717.0303804893,-3090545.6203833334,300.7962548540445,138,2:58:04
20737500,82950.00001506413,-3632057.5202186387,-3093246.214874858,301.1539069332664,138,2:57:33
20750000,83000.00001507431,-3627544.044159515,-3087309.9913125904,301.9491129077918,138,2:57:02
20762500,83050.0000150845,-3628467.673191663,-3089457.2498050523,301.26519854119,138,2:56:30
20775000,83100.00001509469,-3627905.390557524,-3089461.077688312,300.94878648305416,138,2:55:59
20787500,83150.00001510487,-3627997.687214436,-3090379.92448641,300.48680878914604,138,2:55:28
20800000,83200.00001511506,-3628991.966659488,-3090587.919860712,300.9262808594561,138,2:54:57
20812500,83250.00001512525,-3628278.216270134,-3089040.9153783256,301.39200554469534,138,2:54:25
20825000,83300.00001513543,-3628240.969679935,-3090646.7057051035,300.4736748009345,138,2:53:54
20837500,83350.00001514562,-3626836.620004026,-3087627.8503966588,301.3760587601831,138,2:53:23
20850000,83400.0000151558,-3627642.746712696,-3089649.199620653,300.6968432265564,138,2:52:52
20862500,83450.00001516599,-3628996.2668933272,-3089374.006433411,301.6071682125856,138,2:52:21
20875000,83500.00001517618,-3630648.088725455,-3091166.3905632454,301.52860474388694,138,2:51:49
20887500,83550.00001518636,-3630318.734994529,-3092505.9965004707,300.59578518425053,138,2:51:18
20900000,83600.00001519655,-3628874.4337861445,-3087992.835567302,302.3110407603363,138,2:50:47
20912500,83650.00001520674,-3628647.0032284744,-3090252.190349877,300.921119811218,138,2:50:16
20925000,83700.00001521692,-3629577.97172999,-3090950.079694535,301.05139305904356,138,2:49:45
20937500,83750.00001522711,-3628338.427759744,-3091245.033346526,300.19372739848086,138,2:49:13
20950000,83800.0000152373,-3627908.774059169,-3090061.34580948,300.6151740785353,138,2:48:42
20962500,83850.00001524748,-3627202.770156406,-3088994.788512221,300.81669558028113,138,2:48:11
20975000,83900.00001525767,-3628567.1705987696,-3092202.867945133,299.78622141311405,138,2:47:40
20987500,83950.00001526785,-3627696.4927411377,-3090735.393193499,300.11978478584183,138,2:47:08
21000000,84000.00001527804,-3628039.4773053247,-3089161.8580378797,301.1909712951267,138,2:46:37
21012500,84050.00001528823,-3630053.510537127,-3091695.17838397,300.9007299031271,138,2:46:06
21025000,84100.00001529841,-3627771.714134354,-3087476.7271092627,301.98317040740045,138,2:45:35
21037500,84150.0000153086,-3627803.4409267604,-3090840.03131858,300.1210759312774,138,2:45:04
21050000,84200.00001531879,-3628242.185964333,-3088067.363555664,301.9160076672131,138,2:44:32
21062500,84250.00001532897,-3629911.362955427,-3092524.603536707,300.3576957797825,138,2:44:01
21075000,84300.00001533916,-3628107.0121971797,-3089704.380176775,300.9254901076106,138,2:43:30
21087500,84350.00001534935,-3628167.1985311843,-3090187.014649464,300.68937422403576,138,2:42:59
21100000,84400.00001535953,-3628630.307038175,-3090562.9896599045,300.7380751192293,138,2:42:27
21112500,84450.00001536972,-3628009.426501982,-3088872.464522063,301.3359238421901,138,2:41:56
21125000,84500.0000153799,-3629306.022551706,-3091247.4085779353,300.7332105882838,138,2:41:25
21137500,84550.00001539009,-3628435.6159555335,-3088279.678339513,301.90545252660763,138,2:40:54
21150000,84600.00001540028,-3630157.711817894,-3090404.9714677325,301.68009639418426,138,2:40:23
21162500,84650.00001541046,-3627315.2492168117,-3088699.7708774894,301.0444547616234,138,2:39:51
21175000,84700.00001542065,-3626030.0170172863,-3087969.6015037466,300.7342175098806,138,2:39:20
21187500,84750.00001543084,-3626835.189743217,-3090305.3480714085,299.878744939584,138,2:38:49
21200000,84800.00001544102,-3632437.9958733674,-3094929.9362481227,300.4254932271347,138,2:38:18
21212500,84850.00001545121,-3634261.1272626966,-3096580.3776998604,300.52201356528997,138,2:37:46
21225000,84900.0000154614,-3629491.322265189,-3093096.1810531747,299.80345778556494,138,2:37:15
21237500,84950.00001547158,-3624212.444913443,-3086863.7884331783,300.3363991799012,138,2:36:44
21250000,85000.00001548177,-3631234.931315407,-3093362.826491761,300.6289663775893,138,2:36:13
21262500,85050.00001549195,-3627978.6009192113,-3089363.951357415,301.0439915389934,138,2:35:41
21275000,85100.00001550214,-3625515.7806320153,-3082595.870834128,303.45029951286944,138,2:35:10
21287500,85150.00001551233,-3625266.1280656476,-3089575.2959914817,299.40980337176865,138,2:34:39
21300000,85200.00001552251,-3634095.9498300627,-3093851.1298411093,301.95513090863255,138,2:34:08
21312500,85250.0000155327,-3628734.4971078727,-3089045.0012621423,301.6447476006223,138,2:33:37
21325000,85300.00001554289,-3628469.6036715135,-3090059.336135676,300.9297577710416,138,2:33:05
21337500,85350.00001555307,-3627111.0512059946,-3087143.5627402663,301.8001240056471,138,2:32:34
21350000,85400.00001556326,-3632220.553546706,-3095150.281415036,300.18080382884455,138,2:32:03
21362500,85450.00001557345,-3629942.68190212,-3091044.2803209657,301.20258700345795,138,2:31:32
21375000,85500.00001558363,-3627326.0476829894,-3089710.7829348412,300.48541261131504,138,2:31:01
21387500,85550.00001559382,-3627591.071585076,-3088508.3777058646,301.3055921650557,138,2:30:29
21400000,85600.000015604,-3626820.020111518,-3086725.0218901364,301.87139211139424,138,2:29:58
21412500,85650.00001561419,-3627531.3185068835,-3091105.5395553587,299.82058191577823,138,2:29:27
21425000,85700.00001562438,-3629353.646404067,-3090619.6932156305,301.11067305238714,138,2:28:56
21437500,85750.00001563456,-3627715.1805130187,-3090442.4343317584,300.2939711853605,138,2:28:25
21450000,85800.00001564475,-3627273.6490988247,-3086008.8689828985,302.5252098474143,138,2:27:53
21462500,85850.00001565494,-3629016.3962659463,-3088806.5654703556,301.93557465178156,138,2:27:22
21475000,85900.00001566512,-3628900.3983943984,-3088451.34138565,302.06928362933763,138,2:26:51
21487500,85950.00001567531,-3626333.5250133146,-3089674.121713868,299.9511598833035,138,2:26:20
21500000,86000.0000156855,-3628333.003974173,-3090277.9643811174,300.7312127855159,138,2:25:48
21512500,86050.00001569568,-3626739.8192533515,-3087718.06315306,301.2715326529047,138,2:25:17
21525000,86100.00001570587,-3628796.2928427923,-3090496.1009941064,300.86823396314213,138,2:24:46
21537500,86150.00001571605,-3632064.6363004018,-3092686.9097375944,301.4704926496164,138,2:24:15
21550000,86200.00001572624,-3629279.2821180373,-3092882.1386910905,299.80457686907977,138,2:23:44
21562500,86250.00001573643,-3632157.737004852,-3092289.975092926,301.7443845640193,138,2:23:12
21575000,86300.00001574661,-3628706.634571288,-3089317.2917131986,301.4769852615448,138,2:22:41
21587500,86350.0000157568,-3629443.7493901663,-3091504.793960976,300.6663307031719,138,2:22:10
21600000,86400.00001576699,-3627633.1016077176,-3088533.991191102,301.3147677416045,138,2:21:39
21612500,86450.00001577717,-3627513.4190149084,-3087368.599008274,301.8992386415812,138,2:21:07
21625000,86500.00001578736,-3628899.5244702976,-3088078.9289263794,302.27694497633047,138,2:20:36
21637500,86550.00001579754,-3630236.5534348674,-3091364.367526432,301.18793446706206,138,2:20:05
21650000,86600.00001580773,-3629001.576559009,-3090275.3580246074,301.1063499781341,138,2:19:34
21662500,86650.00001581792,-3630341.208596876,-3091726.3711245465,301.04409656646885,138,2:19:03
21675000,86700.0000158281,-3631054.6662745737,-3090954.6646491773,301.87418862782243,138,2:18:31
21687500,86750.00001583829,-3627581.2584798783,-3089665.825199443,300.6531836386492,138,2:18:00
21700000,86800.00001584848,-3629226.0450833477,-3091974.08984402,300.28235065451815,138,2:17:29
21712500,86850.00001585866,-3632304.7899699975,-3093226.3566735946,301.3032108283137,138,2:16:58
21725000,86900.00001586885,-3631238.687797496,-3092569.340499685,301.07456334908335,138,2:16:26
21737500,86950.00001587904,-3627645.603279911,-3088751.019399397,301.2004532036438,138,2:15:55
21750000,87000.00001588922,-3627354.0301211867,-3087635.7797608026,301.66081915358353,138,2:15:24
21762500,87050.00001589941,-3630850.4936168306,-3092970.6235587294,300.6333065439355,138,2:14:53
21775000,87100.0000159096,-3631054.3892925493,-3094239.2096118988,300.03822684968344,138,2:14:21
21787500,87150.00001591978,-3628633.4672196023,-3089964.7414304116,301.074215973764,138,2:13:50
21800000,87200.00001592997,-3627646.0951695535,-3089334.781222639,300.87445035708487,138,2:13:19
21812500,87250.00001594015,-3629515.097515719,-3090759.8324950454,301.12258472068083,138,2:12:48
21825000,87300.00001595034,-3632914.4983762037,-3093066.2091214713,301.7335008525344,138,2:12:17
21837500,87350.00001596053,-3629703.560065536,-3093216.4982025055,299.85483433039,138,2:11:45
21850000,87400.00001597071,-3631260.6416414585,-3094017.78697507,300.27726413708876,138,2:11:14
21862500,87450.0000159809,-3627586.0878595617,-3089202.051137471,300.9150967719802,138,2:10:43
21875000,87500.00001599109,-3629372.6066546254,-3091167.682126492,300.8149868885116,138,2:10:12
21887500,87550.00001600127,-3630655.0350449383,-3092251.9200159744,300.9257600720921,138,2:09:40
21900000,87600.00001601146,-3627451.0362877715,-3089504.462979719,300.6705885091222,138,2:09:09
21912500,87650.00001602164,-3627121.1601637546,-3089613.3059009314,300.4253784454013,138,2:08:38
21925000,87700.00001603183,-3629995.972698368,-3093373.7393475464,299.93038475268185,138,2:08:07
21937500,87750.00001604202,-3627890.1439064965,-3089156.971995581,301.1102363785916,138,2:07:35
21950000,87800.0000160522,-3631849.929349456,-3090222.7642954513,302.72775504057154,138,2:07:04
21962500,87850.00001606239,-3628654.64423351,-3090645.285612794,300.7056806499496,138,2:06:33
21975000,87900.00001607258,-3626945.4988977406,-3090937.5811275966,299.58702978708226,138,2:06:02
21987500,87950.00001608276,-3625460.85976775,-3087852.8060968807,300.4813821760322,138,2:05:30
22000000,88000.00001609295,-3630294.4616299197,-3093499.4688255033,300.02694394491436,138,2:04:59
22012500,88050.00001610313,-3629033.9223919977,-3090318.1271850225,301.10052414310337,138,2:04:28
22025000,88100.00001611332,-3630695.754364606,-3092592.0539518436,300.75841042562456,138,2:03:57
22037500,88150.00001612351,-3627600.5975737926,-3090746.809769754,300.0598058089265,138,2:03:25
22050000,88200.0000161337,-3627041.3826431185,-3088944.180179557,300.7547785738621,138,2:02:54
22062500,88250.00001614388,-3628674.7287007496,-3089181.791248592,301.5348866389499,138,2:02:23
22075000,88300.00001615407,-3629768.419997882,-3090764.7738942234,301.2614105634341,138,2:01:52
22087500,88350.00001616425,-3625073.066440664,-3084844.553915846,301.94601629561726,138,2:01:20
22100000,88400.00001617444,-3628371.018000625,-3088216.928412202,301.90441962190516,138,2:00:49
22112500,88450.00001618463,-3628588.7681428045,-3089796.073066494,301.1435052310338,138,2:00:18
22125000,88500.00001619481,-3627984.057112353,-3090647.9456820306,300.3293874658459,138,1:59:47
22137500,88550.000016205,-3630790.8341030534,-3091126.639895157,301.6306059391353,138,1:59:15
22150000,88600.00001621518,-3628681.349970894,-3089561.9290269734,301.32611975777274,138,1:58:44
22162500,88650.00001622537,-3628160.6416393984,-3089328.4432569095,301.1655845283211,138,1:58:13
22175000,88700.00001623556,-3625976.4132145196,-3088109.029753137,300.626327500718,138,1:57:42
22187500,88750.00001624574,-3633508.3493053988,-3096981.613509459,299.87700899484236,138,1:57:10
22200000,88800.00001625593,-3631322.739895195,-3092784.642808505,301.00120461760713,138,1:56:39
22212500,88850.00001626612,-3629171.0372623242,-3091992.3156637712,300.2414187052079,138,1:56:08
22225000,88900.0000162763,-3629189.431508854,-3090734.599843581,300.95466567767863,138,1:55:37
22237500,88950.00001628649,-3627158.491415091,-3086231.8601381727,302.33621076186756,138,1:55:05
22250000,89000.00001629668,-3632022.615158424,-3095096.1528957975,300.1004252185803,138,1:54:34
22262500,89050.00001630686,-3627235.0464932956,-3089946.3126308615,300.30290706439746,138,1:54:03
22275000,89100.00001631705,-3630481.319514131,-3094590.143046148,299.52178041518226,138,1:53:32
22287500,89150.00001632723,-3627910.4097704403,-3087420.2299652966,302.0922680965821,138,1:53:01
22300000,89200.00001633742,-3627671.4662603866,-3090566.8852005075,300.19997987001204,138,1:52:29
22312500,89250.0000163476,-3630025.7166254707,-3091233.1379864425,301.1434401515855,138,1:51:58
22325000,89300.0000163578,-3629394.81288743,-3089880.661410482,301.54674364043467,138,1:51:27
22337500,89350.00001636798,-3627951.957564676,-3090334.8337483597,300.486451686844,138,1:50:56
22350000,89400.00001637817,-3629599.601393044,-3089927.2916495567,301.6351418967624,138,1:50:24
22362500,89450.00001638835,-3627813.369962273,-3090681.859850942,300.21503113002507,138,1:49:53
22375000,89500.00001639854,-3628182.353572862,-3088939.4808192705,301.395119785114,138,1:49:22
22387500,89550.00001640873,-3629557.3048690297,-3090559.5045722285,301.25814320887616,138,1:48:51
22400000,89600.00001641891,-3629796.044541523,-3092130.922688246,300.51327888258476,138,1:48:19
22412500,89650.0000164291,-3628656.649757959,-3088645.8028644444,301.82435801817934,138,1:47:48
22425000,89700.00001643928,-3630875.262369817,-3094033.0869787317,300.05331536691995,138,1:47:17
22437500,89750.00001644947,-3628632.305891821,-3090565.9359188094,300.7375455928585,138,1:46:46
22450000,89800.00001645966,-3631415.9650111664,-3093238.494398594,300.79964226999687,138,1:46:15
22462500,89850.00001646984,-3631430.582171861,-3094314.7360043805,300.2062761951495,138,1:45:43
22475000,89900.00001648003,-3627024.79880096,-3087027.1081464733,301.81700469662803,138,1:45:12
22487500,89950.00001649022,-3624997.5860057697,-3086224.695623867,301.13243593638947,138,1:44:41
22500000,90000.0000165004,-3628584.623725049,-3089437.188576703,301.34177753449114,138,1:44:10
22512500,90050.00001651059,-3627401.866199661,-3087611.276033844,301.7012515179694,138,1:43:38
22525000,90100.00001652077,-3627949.3473397475,-3088989.8301351527,301.23674591696135,138,1:43:07
22537500,90150.00001653096,-3625585.4781150557,-3087881.1907856893,300.5351693589433,138,1:42:36
22550000,90200.00001654115,-3629673.380359454,-3091190.9899534606,300.9700688853617,138,1:42:05
22562500,90250.00001655133,-3630263.192509733,-3093230.288025056,300.1599182001034,138,1:41:33
22575000,90300.00001656152,-3629376.1394081973,-3090246.081296377,301.33206511311334,138,1:41:02
22587500,90350.0000165717,-3628413.097266957,-3091018.633260503,300.36200204929554,138,1:40:31
22600000,90400.0000165819,-3629148.358913256,-3092909.7417909345,299.7159729078857,138,1:40:00
22612500,90450.00001659208,-3626464.787621053,-3086036.9697881015,302.0574125703829,138,1:39:28
22625000,90500.00001660227,-3629109.346526677,-3089867.8853708557,301.3943308109787,138,1:38:57
22637500,90550.00001661245,-3625510.0700467266,-3087297.009004921,300.81953457126576,138,1:38:26
22650000,90600.00001662264,-3631465.6537131127,-3089306.193086962,303.0252671558616,138,1:37:55
22662500,90650.00001663282,-3630099.264926387,-3091250.4457482174,301.1748742694717,138,1:37:23
22675000,90700.00001664301,-3627325.1958182696,-3087886.1992860124,301.5047378306185,138,1:36:52
22687500,90750.0000166532,-3626900.1220482886,-3086827.176042818,301.8590666258074,138,1:36:21
22700000,90800.00001666338,-3626812.318651339,-3088598.0902975686,300.8201870085018,138,1:35:50
22712500,90850.00001667357,-3629776.594967991,-3092137.5109398444,300.4987257492555,138,1:35:19
22725000,90900.00001668376,-3630315.6310271844,-3092506.529489901,300.5937524062981,138,1:34:47
22737500,90950.00001669394,-3628252.7204533443,-3089438.31596529,301.1556391155662,138,1:34:16
22750000,91000.00001670413,-3627929.499952942,-3086746.526309386,302.47948634732757,138,1:33:45
22762500,91050.00001671432,-3625424.7231687643,-3087345.5237755557,300.74471624792386,138,1:33:14
22775000,91100.0000167245,-3630220.278515924,-3089913.8167603677,301.9895838955291,138,1:32:42
22787500,91150.00001673469,-3630914.5456471406,-3092173.693491614,301.11452904217873,138,1:32:11
22800000,91200.00001674487,-3628722.1354511008,-3091632.081562239,300.19186030335624,138,1:31:40
22812500,91250.00001675506,-3629339.685465906,-3091767.981329946,300.4610655933168,138,1:31:09
22825000,91300.00001676525,-3629183.3265009876,-3091750.1488958267,300.3836399610958,138,1:30:37
22837500,91350.00001677543,-3628265.6836033873,-3090261.835783581,300.7026005378441,138,1:30:06
22850000,91400.00001678562,-3627893.5728336815,-3088792.717379978,301.3157430825664,138,1:29:35
22862500,91450.0000167958,-3631132.050806783,-3090534.842193003,302.152088934704,138,1:29:04
22875000,91500.00001680599,-3625044.4817161094,-3085512.3000217713,301.55682113947006,138,1:28:32
22887500,91550.00001681618,-3627487.0131610353,-3089853.438277245,300.49564656303494,138,1:28:01
22900000,91600.00001682637,-3629814.3465636782,-3092084.075723922,300.54969213452756,138,1:27:30
22912500,91650.00001683655,-3628475.3336818386,-3088878.511474588,301.5929501939587,138,1:26:59
22925000,91700.00001684674,-3629553.619339222,-3091195.694503458,300.9005022441617,138,1:26:27
22937500,91750.00001685692,-3630256.6092448067,-3090978.4166456815,301.41486085099206,138,1:25:56
22950000,91800.00001686711,-3626330.2043574136,-3085807.481424799,302.1104571915109,138,1:25:25
22962500,91850.0000168773,-3625791.3256605864,-3087056.6287955046,301.11108871019724,138,1:24:54
22975000,91900.00001688748,-3628321.850106735,-3087931.2861357625,302.036590538677,138,1:24:22
22987500,91950.00001689767,-3627189.8784111533,-3088616.6324342773,301.02085013264923,138,1:23:51
23000000,92000.00001690786,-3627835.773850782,-3088289.8857100615,301.5644819844398,138,1:23:20
23012500,92050.00001691804,-3627144.081979869,-3087631.946449409,301.5456168820408,138,1:22:49
23025000,92100.00001692823,-3627724.972720219,-3088453.6893290277,301.41099913735957,138,1:22:17
23037500,92150.00001693841,-3629294.4991061427,-3092090.655427752,300.25546000764217,138,1:21:46
23050000,92200.0000169486,-3625947.456341421,-3087279.4229316795,301.0738289871249,138,1:21:15
23062500,92250.00001695879,-3628378.3184774127,-3089573.767997979,301.15013148577884,138,1:20:44
23075000,92300.00001696897,-3627041.9045071434,-3088542.586250427,300.9795302465665,138,1:20:13
23087500,92350.00001697916,-3629364.255309066,-3091544.7276335363,300.59957981236,138,1:19:41
23100000,92400.00001698935,-3627695.9638938718,-3087362.334123999,302.0047687173285,138,1:19:10
23112500,92450.00001699953,-3629024.2339589503,-3091488.756300678,300.4408177900842,138,1:18:39
23125000,92500.00001700972,-3631869.1126486957,-3092423.8647210323,301.5082318778512,138,1:18:08
23137500,92550.0000170199,-3627514.5259313025,-3089430.391862554,300.7474743504425,138,1:17:36
23150000,92600.00001703009,-3631121.0671563484,-3094639.1390942708,299.8519649321443,138,1:17:05
23162500,92650.00001704028,-3627887.9081727844,-3089738.0550848553,300.78420620664116,138,1:16:34
23175000,92700.00001705046,-3628027.6363979783,-3090764.771589032,300.28844826138186,138,1:16:03
23187500,92750.00001706065,-3629761.897553114,-3092430.7815786256,300.3265953918373,138,1:15:31
23200000,92800.00001707084,-3629435.7238398492,-3091598.164436965,300.6096581553491,138,1:15:00
23212500,92850.00001708102,-3627273.118950991,-3086831.7335183844,302.06499581075536,138,1:14:29
23225000,92900.00001709121,-3628316.7287818287,-3090970.065099998,300.3352853594818,138,1:13:57
23237500,92950.0000171014,-3628607.120455334,-3087658.5827241223,302.3484547779679,138,1:13:26
23250000,93000.00001711158,-3629818.78182764,-3092540.7986303014,300.29689827288985,138,1:12:55
23262500,93050.00001712177,-3630380.6549589224,-3092724.373557726,300.50833775262566,138,1:12:24
23275000,93100.00001713196,-3628090.836854223,-3090674.9204824474,300.37399226472985,138,1:11:52
23287500,93150.00001714214,-3629187.3677099235,-3090979.6191802346,300.81656528728143,138,1:11:21
23300000,93200.00001715233,-3628605.9118557535,-3089475.8972813343,301.3320407790685,138,1:10:50
23312500,93250.00001716251,-3628850.806918852,-3089145.7273568804,301.6534576944603,138,1:10:19
23325000,93300.0000171727,-3627495.6727797445,-3089071.8864178397,300.9373137507452,138,1:09:47
23337500,93350.00001718289,-3628844.687006699,-3090972.7279275255,300.628884917685,138,1:09:16
23350000,93400.00001719307,-3631286.7187612224,-3092055.182831888,301.38878337590444,138,1:08:45
23362500,93450.00001720326,-3625167.7112062313,-3088317.207825595,300.05797006990264,138,1:08:14
23375000,93500.00001721345,-3629560.7006647736,-3091726.0776789207,300.6080169250099,138,1:07:43
23387500,93550.00001722363,-3629414.264052933,-3090938.2171002007,300.966523384898,138,1:07:11
23400000,93600.00001723382,-3630835.9698912166,-3094767.330463428,299.6209685041316,138,1:06:40
23412500,93650.000017244,-3627415.5548381936,-3090638.020730498,300.0171858817942,138,1:06:09
23425000,93700.00001725419,-3630085.137401495,-3089868.612067002,301.93931638200434,138,1:05:38
23437500,93750.00001726438,-3628232.098460095,-3089051.588207394,301.3602639634132,138,1:05:06
23450000,93800.00001727456,-3630130.552481048,-3092037.514390207,300.7524510111287,138,1:04:35
23462500,93850.00001728475,-3629982.2231296133,-3092296.4626026014,300.524814307264,138,1:04:04
23475000,93900.00001729494,-3625662.667243615,-3085394.4829143714,301.96818977041113,138,1:03:33
23487500,93950.00001730512,-3626907.335747611,-3088046.923061151,301.1813541452315,138,1:03:01
23500000,94000.00001731531,-3629018.495082749,-3090031.5213670908,301.2520919861612,138,1:02:30
23512500,94050.0000173255,-3629977.7489314955,-3090348.15120863,301.61126917591247,138,1:01:59
23525000,94100.00001733568,-3627124.9596708957,-3089536.909722672,300.4702016399744,138,1:01:28
23537500,94150.00001734587,-3624433.249827115,-3085701.30498162,301.10955054378854,138,1:00:56
23550000,94200.00001735605,-3630010.0323493443,-3092340.130565863,300.5159504944119,138,1:00:25
23562500,94250.00001736624,-3629308.8369697724,-3090510.710079818,301.14654119535817,138,59:54
23575000,94300.00001737643,-3629585.9308405556,-3089235.2792423917,302.014282604736,138,59:23
23587500,94350.00001738661,-3631722.699089704,-3094679.0539278975,300.1659214091094,138,58:51
23600000,94400.0000173968,-3631534.66433971,-3093190.3296138234,300.8929064223135,138,58:20
23612500,94450.00001740699,-3626920.809735287,-3089929.8834919194,300.13645560521866,138,57:49
23625000,94500.00001741717,-3632074.768666394,-3091831.1104383795,301.9544815739914,138,57:18
23637500,94550.00001742736,-3628154.534599578,-3090746.8746871566,300.3693775416028,138,56:46
23650000,94600.00001743755,-3630301.630169671,-3093551.719313229,300.00174661770535,138,56:15
23662500,94650.00001744773,-3627663.176101098,-3090679.0343041318,300.13266362364783,138,55:44
23675000,94700.00001745792,-3630537.367741961,-3092177.9579395344,300.90133222584126,138,55:13
23687500,94750.0000174681,-3629436.160673486,-3090405.294651082,301.27662439580024,138,54:41
23700000,94800.00001747829,-3628501.594479546,-3091506.616156719,300.1387204046917,138,54:10
23712500,94850.00001748848,-3629317.9143020455,-3091571.9691929114,300.5584528405753,138,53:39
23725000,94900.00001749866,-3624218.1683914587,-3083625.2150302744,302.14971057713876,138,53:08
23737500,94950.00001750885,-3626556.6085827164,-3088183.000428234,300.90926800809234,138,52:36
23750000,95000.00001751904,-3628959.341591127,-3090614.532688535,300.8931714504711,138,52:05
23762500,95050.00001752922,-3630537.022856768,-3091834.405087322,301.0931589732269,138,51:34
23775000,95100.00001753941,-3627628.7663001902,-3090261.743617866,300.3466644684185,138,51:03
23787500,95150.0000175496,-3628795.469183512,-3089705.260475124,301.30979237419035,138,50:31
23800000,95200.00001755978,-3627873.228631897,-3091246.3753242753,299.9329669517307,138,50:00
23812500,95250.00001756997,-3629105.611115413,-3091340.1748278923,300.5693469039768,138,49:29
23825000,95300.00001758015,-3624533.9277871177,-3086459.39719754,300.7421067472691,138,48:58
23837500,95350.00001759034,-3631432.571418604,-3093364.4457440367,300.73852689443413,138,48:26
23850000,95400.00001760053,-3629986.9914460145,-3091944.666695286,300.7241061706306,138,47:55
23862500,95450.00001761071,-3626972.403747402,-3087781.466145546,301.3660920462799,138,47:24
23875000,95500.0000176209,-3625001.0372374374,-3086258.2379018757,301.11561736543644,138,46:53
23887500,95550.00001763109,-3629356.604448829,-3090514.784003975,301.17096251806475,138,46:21
23900000,95600.00001764127,-3627452.324164722,-3087786.023691346,301.63178317887025,138,45:50
23912500,95650.00001765146,-3628656.6938126627,-3088672.1969645405,301.8096303778364,138,45:19
23925000,95700.00001766164,-3629056.826844625,-3091846.988682704,300.25881046097777,138,44:48
23937500,95750.00001767183,-3631464.8252490107,-3092855.9347363384,301.04077267530823,138,44:16
23950000,95800.00001768202,-3628621.537690239,-3088881.2958676433,301.67311068254463,138,43:45
23962500,95850.0000176922,-3629826.003130745,-3090975.024957963,301.1760809807194,138,43:14
23975000,95900.00001770239,-3628923.8766281586,-3089653.604844046,301.41043372713006,138,42:43
23987500,95950.00001771258,-3626794.380777059,-3087316.3958941083,301.52652930756005,138,42:11
24000000,96000.00001772276,-3625152.6238841563,-3087719.8993335045,300.38338673861494,138,41:40
24012500,96050.00001773295,-3630496.0468663834,-3091076.733538462,301.49373643954175,138,41:09
24025000,96100.00001774314,-3626951.3322315887,-3089268.837174456,300.5229891617961,138,40:38
24037500,96150.00001775332,-3627332.1484132614,-3088403.3298899825,301.21958772498533,138,40:06
24050000,96200.00001776351,-3626483.501629686,-3089369.0520158927,300.20549562949503,138,39:35
24062500,96250.0000177737,-3626802.2080736067,-3088110.814301689,301.0868856254451,138,39:04
24075000,96300.00001778388,-3628820.24439878,-3089174.5722801574,301.62025352170457,138,38:33
24087500,96350.00001779407,-3631610.9151340816,-3093337.9541241564,300.85301402733046,138,38:01
24100000,96400.00001780425,-3630763.300469985,-3094317.328573066,299.8318682127394,138,37:30
24112500,96450.00001781444,-3629521.2360557616,-3090308.0514663686,301.3785263941634,138,36:59
24125000,96500.00001782463,-3629284.0333076064,-3091488.0576216215,300.58641606914045,138,36:28
24137500,96550.00001783481,-3626744.6563123446,-3086750.3503946345,301.8151128901752,138,35:56
24150000,96600.000017845,-3627528.1037526224,-3088444.049687681,301.30635240383094,138,35:25
24162500,96650.00001785519,-3632923.227944905,-3093398.1855751565,301.55283080839934,138,34:54
24175000,96700.00001786537,-3625796.586651098,-3085839.737288624,301.79417756859266,138,34:23
24187500,96750.00001787556,-3629725.4003213365,-3091849.092165969,300.6313157153955,138,33:51
24200000,96800.00001788574,-3629038.5824508425,-3091629.825273486,300.3699908279588,138,33:20
24212500,96850.00001789593,-3625663.0095297694,-3087870.13126627,300.58468484918717,138,32:49
24225000,96900.00001790612,-3628028.0223218,-3089658.690801979,300.906877699604,138,32:18
24237500,96950.0000179163,-3627202.583816685,-3088324.1093628434,301.19144927827546,138,31:46
24250000,97000.00001792649,-3628107.087707635,-3089351.155406595,301.122957678871,138,31:15
24262500,97050.00001793668,-3631240.964598058,-3093979.2330504814,300.2878148557987,138,30:44
24275000,97100.00001794686,-3628563.561556043,-3088286.092393441,301.97337927518504,138,30:13
24287500,97150.00001795705,-3629114.188981343,-3089848.258499779,301.40800727428683,138,29:41
24300000,97200.00001796724,-3628981.1059070267,-3090493.295470142,300.9730982640375,138,29:10
24312500,97250.00001797742,-3629799.7544353753,-3092060.541122813,300.5546902861928,138,28:39
24325000,97300.00001798761,-3629593.506094005,-3091760.8886793097,300.6068959656246,138,28:08
24337500,97350.0000179978,-3627271.5271610655,-3087716.7748714387,301.56943635909425,138,27:36
24350000,97400.00001800798,-3627277.458346946,-3088556.4562203377,301.1034344090444,138,27:05
24362500,97450.00001801817,-3627959.223313013,-3089932.7311436217,300.71525698042376,138,26:34
24375000,97500.00001802835,-3625904.285657877,-3087483.7900274717,300.9354744859825,138,26:03
24387500,97550.00001803854,-3630016.8165301234,-3091899.8103132355,300.7658473425146,138,25:31
24400000,97600.00001804873,-3628359.2711351756,-3090079.294224875,300.85693537379757,138,25:00
24412500,97650.00001805891,-3632133.7313467227,-3090329.3082568757,302.8268285928519,138,24:29
24425000,97700.0000180691,-3632639.7815592624,-3095589.958899376,300.1693741534435,138,23:58
24437500,97750.00001807928,-3627643.5845713187,-3090617.3693199363,300.1561794353058,138,23:26
24450000,97800.00001808947,-3627987.293014284,-3087393.2366053946,302.150327095617,138,22:55
24462500,97850.00001809966,-3628974.002596721,-3091636.286588268,300.33028430109846,138,22:24
24475000,97900.00001810984,-3626228.8059516978,-3088371.0192432376,300.6209636569979,138,21:52
24487500,97950.00001812003,-3630907.581678264,-3093451.787722287,300.3962807545261,138,21:21
24500000,98000.00001813022,-3631120.8214988876,-3091739.6243710443,301.47243242743764,138,20:50
24512500,98050.0000181404,-3627188.409349421,-3088278.080904489,301.2092531991903,138,20:19
24525000,98100.00001815059,-3628505.326305082,-3090580.832884326,300.6582475573676,138,19:47
24537500,98150.00001816078,-3625794.613066828,-3085031.742959747,302.24468091531213,138,19:16
24550000,98200.00001817096,-3631090.0740849655,-3091203.2245108844,301.7550530930112,138,18:45
24562500,98250.00001818115,-3628643.142888466,-3089849.375386641,301.1441046340723,138,18:14
24575000,98300.00001819133,-3628655.294399731,-3089982.3059126004,301.07659849270135,138,17:42
24587500,98350.00001820152,-3626736.364134714,-3087714.282624822,301.2717145317398,138,17:11
24600000,98400.00001821171,-3627564.160554331,-3088697.537817229,301.18482508393396,138,16:40
24612500,98450.0000182219,-3626067.255533479,-3087006.2216250338,301.29348591421143,138,16:09
24625000,98500.00001823208,-3628137.2781719808,-3090952.685964349,300.24469992229166,138,15:37
24637500,98550.00001824227,-3626922.228920372,-3089393.826960706,300.43686302102407,138,15:06
24650000,98600.00001825245,-3626714.946170971,-3088140.3550275685,301.0216019768494,138,14:35
24662500,98650.00001826264,-3630586.3326279446,-3093934.2783038463,299.94705237365,138,14:04
24675000,98700.00001827283,-3628701.1120398957,-3089244.739074836,301.5144499145619,138,13:32
24687500,98750.00001828301,-3631911.570598012,-3093471.9171999176,300.9461821985535,138,13:01
24700000,98800.0000182932,-3623850.052152559,-3085599.378487753,300.8405571226753,138,12:30
24712500,98850.00001830338,-3626093.1568644103,-3089202.979672685,300.0801446662669,138,11:59
24725000,98900.00001831357,-3628666.5842631105,-3090992.9441506807,300.51803993158035,138,11:27
24737500,98950.00001832376,-3631399.457784001,-3093396.972001897,300.7018392639592,138,10:56
24750000,99000.00001833394,-3625140.056690784,-3088162.2922548857,300.1290991713387,138,10:25
24762500,99050.00001834413,-3627637.9400888626,-3087023.7609613575,302.1615741412321,138,9:53
24775000,99100.00001835432,-3627317.6871003285,-3089002.5989750884,300.8765598312866,138,9:22
24787500,99150.0000183645,-3626736.019297015,-3087240.213965399,301.53648956207877,138,8:51
24800000,99200.00001837469,-3627429.690031726,-3089606.1841383986,300.6018033288685,138,8:20
24812500,99250.00001838488,-3629362.0107816923,-3091073.255814577,300.86184162962206,138,7:48
24825000,99300.00001839506,-3627800.590958232,-3086467.9777046563,302.56312333256227,138,7:17
24837500,99350.00001840525,-3628914.778470397,-3089208.208166809,301.654290903893,138,6:46
24850000,99400.00001841543,-3629354.6867207903,-3090890.1810771655,300.96007268444987,138,6:15
24862500,99450.00001842562,-3629181.2820430864,-3092935.6664093267,299.7198845352799,138,5:43
24875000,99500.0000184358,-3629405.5027735066,-3091562.3151635746,300.6128038884186,138,5:12
24887500,99550.000018446,-3625863.9825119264,-3086137.6660367576,301.6653274887966,138,4:41
24900000,99600.00001845618,-3626211.8697992675,-3087268.778807619,301.22756493253155,138,4:10
24912500,99650.00001846637,-3632213.241830297,-3094210.250414413,300.702121874192,138,3:38
24925000,99700.00001847655,-3627601.3116818126,-3088239.4005214833,301.4616530610654,138,3:07
24937500,99750.00001848674,-3629967.654794613,-3092091.4125367003,300.63127888380745,138,2:36
24950000,99800.00001849692,-3629054.9330051187,-3091591.654167593,300.40046422524955,138,2:05
24962500,99850.00001850711,-3624376.1905316114,-3087538.482316999,300.05081856027437,138,1:33
24975000,99900.0000185173,-3630297.3228888996,-3091902.36207637,300.9212024948608,138,1:02
24987500,99950.00001852748,-3628898.8035872485,-3089635.3397704386,301.4066285991915,138,0:31
25000000,100000.00001853767,-3629110.551996587,-3090420.628845336,301.08606366206936,138,0:00
25012500,100050.00001854786,-3625344.6340727285,-3085983.9776871633,301.46095173887926,138,23:59:29
25025000,100100.00001855804,-3627697.786073029,-3089079.7913902686,301.0458612032665,138,23:58:58
25037500,100150.00001856823,-3630788.583324544,-3091191.9823102974,301.59282656415223,138,23:58:27
25050000,100200.00001857842,-3631350.8240152337,-3092144.5957865985,301.37463832574406,138,23:57:55
25062500,100250.0000185886,-3628112.0111263134,-3090129.4507458624,300.6907025032874,138,23:57:24
25075000,100300.00001859879,-3632569.207448652,-3093580.4587118416,301.2530840858992,138,23:56:53
25087500,100350.00001860897,-3627443.827135736,-3088087.9176305835,301.45829859933326,138,23:56:22
25100000,100400.00001861916,-3631089.034073131,-3093191.493642652,300.6431829174002,138,23:55:50
