#"Step","Time (ps)","Potential Energy (kJ/mole)","Total Energy (kJ/mole)","Temperature (K)","Speed (ns/day)","Time Remaining"
112500,450.00000000069247,-3527662.258415723,-3003798.6382729867,301.04140966807523,0,--
125000,500.0000000009312,-3529917.2396495044,-3006789.217760885,300.6186936655622,53.4,1:20:43:19
137500,550.00000000117,-3526219.645990653,-3002107.359557985,301.1843072612266,53.4,1:20:42:18
150000,600.0000000014087,-3529782.104619285,-3007791.359911668,299.9651504291393,53.4,1:20:38:18
162500,650.0000000016474,-3524522.419576494,-2999698.7359193526,301.59311599513154,53.4,1:20:38:17
175000,700.0000000018862,-3529624.462206619,-3006019.1184265236,300.8929895882991,53.5,1:20:34:18
187500,750.0000000021249,-3526444.1331931707,-3001806.0878284196,301.4864378234075,53.5,1:20:32:10
200000,800.0000000023637,-3528541.5806426406,-3005307.0504837697,300.67989928966915,53.5,1:20:32:09
212500,850.0000000026024,-3528154.6507245284,-3003458.972386712,301.5195569612666,53.5,1:20:29:32
225000,900.0000000028411,-3529781.4058024157,-3006379.0473495424,300.77634283769584,53.5,1:20:27:36
237500,950.0000000030799,-3523255.855272481,-2999870.4072776856,300.76662514029886,53.5,1:20:25:41
250000,1000.0000000033186,-3526286.248324195,-3002585.2455259305,300.94796062383165,53.5,1:20:23:29
262500,1050.0000000028183,-3530676.746415686,-3007123.0418217303,300.8633148164846,53.5,1:20:22:08
275000,1100.000000001636,-3525801.4697096236,-3002003.5880114743,301.00363267179785,53.5,1:20:20:05
287500,1150.0000000004536,-3525801.780169541,-3003260.688350032,300.28141073812105,53.5,1:20:18:57
300000,1199.9999999992713,-3524175.9340531994,-3001478.1198816556,300.37147218917255,53.5,1:20:17:14
312500,1249.999999998089,-3527050.502174694,-3002156.541890942,301.6335008852596,53.5,1:20:15:57
325000,1299.9999999969066,-3527907.027073009,-3001811.0440678354,302.3242505395518,53.5,1:20:14:18
337500,1349.9999999957242,-3525194.878057413,-3002493.9607961494,300.3732553985186,53.5,1:20:13:08
350000,1399.999999994542,-3526525.096589327,-3003903.292383152,300.32779260112005,53.5,1:20:11:51
362500,1449.9999999933596,-3528345.720808236,-3006004.2895537736,300.16667458228653,53.5,1:20:10:33
375000,1499.9999999921772,-3528383.685002215,-3004599.818633625,300.99557867758057,53.5,1:20:09:24
387500,1549.9999999909949,-3529248.3186930604,-3006281.7144591166,300.52593403034325,53.5,1:20:07:37
400000,1599.9999999898125,-3528397.5592368394,-3004286.291798399,301.1837216900076,53.5,1:20:06:20
412500,1649.9999999886302,-3526285.0321259797,-3003475.868995616,300.4354595443529,53.5,1:20:05:15
425000,1699.9999999874478,-3526868.343126543,-3001943.536629785,301.65122684882954,53.5,1:20:04:02
437500,1749.9999999862655,-3526776.332442932,-3002216.6965555553,301.44137934121375,53.5,1:20:02:26
450000,1799.9999999850832,-3525301.88977962,-3001494.5536032985,301.0090657450773,53.5,1:20:00:58
462500,1849.9999999839008,-3524375.5641690046,-2999364.1902406435,301.7009733489473,53.5,1:19:59:36
475000,1899.9999999827185,-3527034.6719063055,-3003167.864204931,301.04324141799816,53.5,1:19:58:09
487500,1949.9999999815361,-3527947.699694395,-3004687.745932064,300.69450911774317,53.6,1:19:56:36
500000,1999.9999999803538,-3525531.4382819645,-3002288.3462121612,300.6848194437655,53.6,1:19:55:13
512500,2049.9999999791717,-3529089.814536102,-3005356.209264358,300.96669583314485,53.5,1:19:54:07
525000,2099.9999999779893,-3528706.794463584,-3004722.543315164,301.11073100783716,53.5,1:19:52:48
537500,2149.999999976807,-3528515.924667144,-3004399.234599293,301.18683783691864,53.5,1:19:51:31
550000,2199.9999999756246,-3528147.850698864,-3003578.4666069136,301.446981206153,53.5,1:19:50:04
562500,2249.9999999744423,-3530150.86319652,-3006401.1439049193,300.97595585248314,53.5,1:19:48:36
575000,2299.99999997326,-3525274.1325428784,-3002130.067537545,300.62791293997884,53.6,1:19:47:08
587500,2349.9999999720776,-3526607.200121848,-3004949.4815179207,299.7737749568671,53.5,1:19:46:32
600000,2399.9999999708953,-3527623.6151335333,-3002609.594939255,301.70249404172176,53.5,1:19:45:11
612500,2449.999999969713,-3529216.4341861643,-3006217.5635406724,300.54447611962735,53.6,1:19:43:05
625000,2499.9999999685306,-3525846.4005219694,-3001202.8905959893,301.489578066693,53.6,1:19:41:08
637500,2549.9999999673482,-3527006.3098109476,-3001633.975861815,301.9084012162562,53.6,1:19:38:59
650000,2599.999999966166,-3524340.0274938475,-3000448.94113173,301.0571932977888,53.6,1:19:36:48
662500,2649.9999999649835,-3526404.533017732,-3003650.356456858,300.4038611783748,53.6,1:19:34:42
675000,2699.999999963801,-3524782.728822535,-3000286.4981339127,301.4049431588193,53.6,1:19:32:40
687500,2749.999999962619,-3525636.09223973,-3000962.357335568,301.5069470338997,53.6,1:19:30:25
700000,2799.9999999614365,-3526697.8104633223,-3002846.337331265,301.03442931464446,53.7,1:19:28:22
712500,2849.999999960254,-3528722.086558642,-3006548.9712467333,300.0699508040592,53.7,1:19:26:21
725000,2899.999999959072,-3529951.0102672633,-3005721.2127260496,301.251835733157,53.7,1:19:24:14
737500,2949.9999999578895,-3527261.905366989,-3005889.123997658,299.61003404516475,53.7,1:19:22:01
750000,2999.999999956707,-3525440.6842398886,-3003279.914460974,300.0628563685752,53.7,1:19:19:59
762500,3049.999999955525,-3530142.6781522315,-3003998.8140642922,302.3517656944469,53.7,1:19:17:59
775000,3099.9999999543425,-3524478.75932814,-3001941.692813236,300.27909757239263,53.8,1:19:15:52
787500,3149.99999995316,-3528469.037594551,-3005934.705554291,300.27752618993753,53.8,1:19:13:49
800000,3199.9999999519778,-3528048.023020461,-3003457.4123460567,301.4591791906259,53.8,1:19:11:51
812500,3249.9999999507954,-3524380.6874331236,-3001214.3178441287,300.6407304043902,53.8,1:19:09:54
825000,3299.999999949613,-3527735.462136414,-3002989.6024379767,301.54839398479635,53.8,1:19:08:01
837500,3349.9999999484307,-3529164.3008962944,-3006285.1932755853,300.4756535703598,53.8,1:19:06:08
850000,3399.9999999472484,-3525682.4815958906,-3000079.0686663305,302.04119215522894,53.8,1:19:04:07
862500,3449.999999946066,-3527985.699143041,-3003342.1364600486,301.4896083838302,53.8,1:19:02:15
875000,3499.9999999448837,-3529748.906656351,-3008247.256795715,299.6840891060481,53.9,1:19:00:24
887500,3549.9999999437014,-3528211.3917311598,-3004334.6811160315,301.048932187507,53.9,1:18:58:39
900000,3599.999999942519,-3526347.847231604,-3001886.8942288067,301.3846706224908,53.9,1:18:56:42
912500,3649.9999999413367,-3530638.1138191875,-3008036.5648777243,300.3161527902846,53.9,1:18:54:57
925000,3699.9999999401543,-3527631.410617156,-3003242.2040611403,301.343441091278,53.9,1:18:53:16
937500,3749.999999938972,-3529263.7941197827,-3006654.7647197237,300.32045148123035,53.9,1:18:51:33
950000,3799.9999999377897,-3524134.764244793,-3001431.6270583454,300.3745310920028,53.9,1:18:49:47
962500,3849.9999999366073,-3527411.2762096245,-3002645.9926432995,301.5595560283994,53.9,1:18:48:07
975000,3899.999999935425,-3527399.290070694,-3004173.09548417,300.67510920241506,53.9,1:18:46:27
987500,3949.9999999342426,-3528594.9189693313,-3005622.4809589996,300.5292864453613,53.9,1:18:44:38
1000000,3999.9999999330603,-3526872.130709894,-3003427.126812312,300.80084930139645,53.9,1:18:42:59
1012500,4049.999999931878,-3527242.145441899,-3002273.0250618802,301.6766920908731,53.9,1:18:41:20
1025000,4099.999999930696,-3526388.4423885755,-3002891.3780377014,300.83076615693733,54,1:18:39:34
1037500,4149.999999929513,-3531266.853480475,-3009505.4695535274,299.8333468640884,54,1:18:37:53
1050000,4199.999999928331,-3525782.0165857878,-3001808.6607743106,301.10446993631746,54,1:18:36:16
1062500,4249.999999927149,-3527318.0828532744,-3005086.1258412558,300.10376454425295,54,1:18:34:43
1075000,4299.999999925966,-3524077.6937586293,-2998873.2561543398,301.8119185624007,54,1:18:33:05
1087500,4349.999999924784,-3529889.196512036,-3006854.156806856,300.565260889358,54,1:18:31:31
1100000,4399.9999999236015,-3528069.702666374,-3004823.0038123094,300.6868921042379,54,1:18:29:54
1112500,4449.999999922419,-3530343.323127847,-3006332.3487209002,301.12608769058494,54,1:18:28:16
1125000,4499.999999921237,-3527664.3800010514,-3002875.914723417,301.5728775395387,54,1:18:26:31
1137500,4549.9999999200545,-3524937.168109175,-3002109.588922836,300.44604244272216,54,1:18:24:47
1150000,4599.999999918872,-3525716.969391158,-3002420.109363999,300.71571752688266,54,1:18:23:08
1162500,4649.99999991769,-3524060.352839388,-3000051.622065887,301.12479837300447,54,1:18:21:27
1175000,4699.9999999165075,-3523858.551641749,-3000992.1851936374,300.4683317781758,54,1:18:19:46
1187500,4749.999999915325,-3525176.083714718,-3001727.5092197075,300.80290116688565,54,1:18:18:09
1200000,4799.999999914143,-3528746.466603387,-3006032.998652622,300.3804677284355,54,1:18:16:37
1212500,4849.99999991296,-3525963.430905951,-3002159.009798304,301.0073905831664,54.1,1:18:14:57
1225000,4899.999999911778,-3527392.2261714227,-3001783.4804894626,302.04425665377073,54.1,1:18:13:22
1237500,4949.999999910596,-3526201.3769366797,-3002033.533263514,301.21623356676406,54.1,1:18:11:44
1250000,4999.999999909413,-3530571.377744591,-3007803.843836848,300.41153705884466,54.1,1:18:10:11
1262500,5049.999999908231,-3529161.746779874,-3006871.080574974,300.13750213836323,54.1,1:18:08:35
1275000,5099.999999907049,-3524876.7795762047,-3000642.458942753,301.25443495557136,54.1,1:18:07:01
1287500,5149.999999905866,-3529930.6878950074,-3005584.3206013096,301.3188232491121,54.1,1:18:05:22
1300000,5199.999999904684,-3525262.845131347,-3002217.83204321,300.5709921544222,54.1,1:18:03:50
1312500,5249.999999903502,-3527649.2333820537,-3004728.1295584366,300.49978694331804,54.1,1:18:02:14
1325000,5299.999999902319,-3528834.6679791454,-3005425.136162798,300.7804650545655,54.1,1:18:00:43
1337500,5349.999999901137,-3525992.4471726865,-3002783.2275698343,300.66535442499384,54.1,1:17:59:05
1350000,5399.999999899955,-3531391.896827502,-3006102.430688635,301.86078072600026,54.1,1:17:57:30
1362500,5449.999999898772,-3524661.724922266,-3001489.4026366356,300.64415115765013,54.1,1:17:55:57
1375000,5499.99999989759,-3524855.308085328,-3000536.337390759,301.30307962709884,54.1,1:17:54:23
1387500,5549.999999896408,-3529212.347225163,-3008784.427532697,299.0670635463405,54.1,1:17:52:48
1400000,5599.999999895225,-3528193.159859959,-3003604.491299955,301.458063142795,54.1,1:17:51:14
1412500,5649.999999894043,-3527469.2955797687,-3005626.8144149776,299.87994988415284,54.1,1:17:49:41
1425000,5699.999999892861,-3526969.9635120872,-3005471.7577824024,299.682109915288,54.1,1:17:48:02
1437500,5749.999999891678,-3525704.6043649055,-3003008.660704953,300.3703972883306,54.1,1:17:46:25
1450000,5799.999999890496,-3528108.292792434,-3004296.510202889,301.01162090343024,54.2,1:17:44:48
1462500,5849.999999889314,-3525437.9414474797,-3002937.79053511,300.257883797283,54.2,1:17:43:13
1475000,5899.999999888131,-3530023.5925364923,-3007315.614196041,300.3773130905413,54.2,1:17:41:36
1487500,5949.999999886949,-3527376.4423518833,-3004135.499505025,300.68358437975235,54.2,1:17:40:01
1500000,5999.999999885767,-3528137.603322739,-3005877.7189255473,300.11981318568843,54.2,1:17:38:29
1512500,6049.999999884584,-3530532.5485554077,-3006934.03160099,300.889066511478,54.2,1:17:36:50
1525000,6099.999999883402,-3526764.0035993587,-3002068.464988346,301.5194766664104,54.2,1:17:35:12
1537500,6149.9999998822195,-3528993.0580031183,-3004825.881347374,301.2158502611534,54.2,1:17:33:41
1550000,6199.999999881037,-3527150.849893566,-3002547.5169129977,301.46649014109965,54.2,1:17:32:07
1562500,6249.999999879855,-3530312.6519840136,-3006367.7945147734,301.0880931909388,54.2,1:17:30:33
1575000,6299.9999998786725,-3526693.304837985,-3002755.880480535,301.0838217081226,54.2,1:17:29:01
1587500,6349.99999987749,-3526422.7821136285,-3001707.9320369554,301.5305741173915,54.2,1:17:27:33
1600000,6399.999999876308,-3527823.3957766574,-3004118.38173585,300.9502657087108,54.2,1:17:26:03
1612500,6449.9999998751255,-3522662.8809404857,-2996846.4917635852,302.1635802487328,54.2,1:17:24:31
1625000,6499.999999873943,-3526865.634064093,-3003777.9544783738,300.5955107162845,54.2,1:17:22:56
1637500,6549.999999872761,-3529625.0337554626,-3004853.253954132,301.5632891292838,54.2,1:17:21:29
1650000,6599.999999871578,-3526778.8681437857,-3003509.405093305,300.69997368790905,54.2,1:17:19:55
1662500,6649.999999870396,-3530316.2045975626,-3005847.2677466134,301.389258589301,54.2,1:17:18:24
1675000,6699.999999869214,-3527466.5158510823,-3002994.3154889587,301.3911339858097,54.2,1:17:16:50
1687500,6749.999999868031,-3527929.4754956793,-3005028.9826293006,300.48794273161286,54.2,1:17:15:18
1700000,6799.999999866849,-3526682.112828493,-3002500.3642585212,301.22422410012985,54.3,1:17:13:47
1712500,6849.999999865667,-3526465.1369288918,-3004322.6302806376,300.05236134966646,54.3,1:17:12:14
1725000,6899.999999864484,-3525575.531549163,-3001378.5848185476,301.23295781541094,54.3,1:17:10:41
1737500,6949.999999863302,-3527310.2597314194,-3004556.998403548,300.4033352341734,54.3,1:17:09:12
1750000,6999.99999986212,-3526505.2210387383,-3002321.5980836092,301.2253012269396,54.3,1:17:07:43
1762500,7049.999999860937,-3526274.790932711,-3001614.114187073,301.4994430838284,54.3,1:17:06:09
1775000,7099.999999859755,-3526691.6340335477,-3003784.100964801,300.4919884266443,54.3,1:17:04:37
1787500,7149.999999858573,-3526509.5392165296,-3003086.695990739,300.78811453681493,54.3,1:17:03:05
1800000,7199.99999985739,-3526777.6529134624,-3002368.485190359,301.35491189712855,54.3,1:17:01:36
1812500,7249.999999856208,-3525293.6433134824,-3001850.4752514716,300.7997943273401,54.3,1:17:00:06
1825000,7299.999999855026,-3529743.0099704154,-3007031.354240116,300.37942632494287,54.3,1:16:58:37
1837500,7349.999999853843,-3526466.7897620536,-3001507.8120820792,301.6708635267166,54.3,1:16:57:07
1850000,7399.999999852661,-3529288.083911676,-3003447.8830603594,302.1772637719954,54.3,1:16:55:35
1862500,7449.999999851479,-3529560.2338055894,-3006594.7362637594,300.52529806300134,54.3,1:16:54:07
1875000,7499.999999850296,-3524471.8495400604,-2999277.132289514,301.80633270211047,54.3,1:16:52:38
1887500,7549.999999849114,-3531672.565275207,-3007017.2811066895,301.4963442066479,54.3,1:16:51:06
1900000,7599.999999847932,-3527061.715987129,-3004838.4476690567,300.0987715335281,54.3,1:16:49:37
1912500,7649.999999846749,-3526085.086355265,-3001790.995110398,301.2887825002856,54.3,1:16:48:05
1925000,7699.999999845567,-3528689.2672585566,-3004949.5713821445,300.97019583609324,54.3,1:16:46:34
1937500,7749.999999844385,-3526466.8573750574,-3004455.7594362,299.97684653703516,54.3,1:16:45:03
1950000,7799.999999843202,-3525530.3251580857,-3004289.168188903,299.5343952845336,54.3,1:16:43:33
1962500,7849.99999984202,-3527419.27887341,-3005682.338499185,299.81930022812054,54.3,1:16:42:01
1975000,7899.9999998408375,-3526264.436255129,-3002290.9082246954,301.10456890298656,54.3,1:16:40:30
1987500,7949.999999839655,-3528287.489013251,-3005297.177165655,300.5395577544565,54.3,1:16:39:00
2000000,7999.999999838473,-3526198.0670917016,-3003215.547317032,300.5350799924441,54.4,1:16:37:31
2012500,8049.9999998372905,-3526898.8244004957,-3001854.4814546993,301.7199191949701,54.4,1:16:36:03
2025000,8099.999999836108,-3528942.0592279807,-3005718.5042315233,300.67359234595864,54.4,1:16:34:32
2037500,8149.999999834926,-3527660.703670414,-3003485.023706646,301.22073673873257,54.4,1:16:32:59
2050000,8199.999999835562,-3527931.4727935996,-3004452.2620260627,300.8205064868843,54.4,1:16:31:30
2062500,8249.999999845748,-3527835.618957406,-3003716.4150316822,301.18828244060677,54.4,1:16:30:02
2075000,8299.999999855934,-3526838.687336255,-3004509.674628871,300.15953818881553,54.4,1:16:28:33
2087500,8349.99999986612,-3525591.708865043,-3001525.626646947,301.1577557288187,54.4,1:16:27:03
2100000,8399.999999876307,-3530543.743536493,-3007440.152480071,300.6046543395214,54.4,1:16:25:34
2112500,8449.999999886493,-3525781.8145827074,-3001730.537194456,301.14924804346924,54.4,1:16:24:08
2125000,8499.99999989668,-3527185.8105630744,-3004583.5605884125,300.3165556432684,54.4,1:16:22:39
2137500,8549.999999906866,-3530183.560048716,-3006617.3004734833,300.87052961269643,54.4,1:16:21:10
2150000,8599.999999917052,-3525632.5046266485,-3000994.1115018656,301.48663766582104,54.4,1:16:19:41
2162500,8649.999999927239,-3528003.7456345074,-3004714.006965646,300.71162519510364,54.4,1:16:18:16
2175000,8699.999999937425,-3528086.741968816,-3004568.2888596114,300.8430573367624,54.4,1:16:16:46
2187500,8749.999999947611,-3526543.5598797407,-3001390.9602947077,301.7821295299286,54.4,1:16:15:17
2200000,8799.999999957798,-3528212.233016493,-3002336.8108091103,302.19750393808613,54.4,1:16:13:53
2212500,8849.999999967984,-3525794.936032245,-3002591.2385829263,300.6621810859409,54.4,1:16:12:29
2225000,8899.99999997817,-3526395.5207852107,-3003167.229533254,300.67631406393474,54.4,1:16:11:03
2237500,8949.999999988357,-3526456.222189678,-3001910.59309351,301.4333302536113,54.4,1:16:09:37
2250000,8999.999999998543,-3528968.2787628975,-3003933.635779404,301.71434505274465,54.4,1:16:08:11
2262500,9050.00000000873,-3525466.7630920876,-3002013.9833287587,300.8053177498546,54.4,1:16:06:46
2275000,9100.000000018916,-3530291.853865059,-3005760.372515331,301.4252001652289,54.4,1:16:05:19
2287500,9150.000000029102,-3525626.5464753974,-3003780.4511315785,299.8820267940728,54.4,1:16:03:51
2300000,9200.000000039288,-3528500.6657529827,-3005780.8603353254,300.3841095922594,54.4,1:16:02:21
2312500,9250.000000049475,-3523624.364876397,-3000373.087663885,300.6895230857144,54.4,1:16:00:55
2325000,9300.000000059661,-3525765.6788596474,-3001064.1048856513,301.52294492438955,54.4,1:15:59:27
2337500,9350.000000069847,-3527381.2277452014,-3003457.753917004,301.0758049517944,54.4,1:15:58:02
2350000,9400.000000080034,-3529969.6946605835,-3007657.158255632,300.15006998159595,54.4,1:15:56:36
2362500,9450.00000009022,-3527109.629071273,-3002956.733998581,301.2076432627497,54.4,1:15:55:07
2375000,9500.000000100406,-3525404.6335727014,-3000948.533402019,301.3818819130545,54.4,1:15:53:38
2387500,9550.000000110593,-3529058.2042710334,-3005245.7393530845,301.0120130075898,54.4,1:15:52:10
2400000,9600.000000120779,-3530023.679944506,-3008216.56668608,299.85962550204323,54.4,1:15:50:45
2412500,9650.000000130965,-3527393.546433201,-3002626.6692853444,301.5604717897011,54.5,1:15:49:20
2425000,9700.000000141152,-3526893.8565853927,-3001886.0271107676,301.6989365070896,54.5,1:15:47:54
2437500,9750.000000151338,-3527137.0694656484,-3002058.492976589,301.7395917084362,54.5,1:15:46:30
2450000,9800.000000161524,-3526448.8756265473,-3001536.365228829,301.64416082086734,54.5,1:15:45:04
2462500,9850.00000017171,-3528811.587230254,-3005219.3568463116,300.88545389558885,54.5,1:15:43:39
2475000,9900.000000181897,-3527772.6519222893,-3002700.9225371284,301.73565697861267,54.5,1:15:42:18
2487500,9950.000000192083,-3527633.6140656024,-3004742.2220599726,300.4827128667325,54.5,1:15:40:50
2500000,10000.00000020227,-3529850.131862838,-3005712.3147114036,301.1989786437614,54.5,1:15:39:26
2512500,10050.000000212456,-3527434.8635409866,-3005040.830976889,300.1969022442086,54.5,1:15:38:01
2525000,10100.000000222642,-3529534.792397501,-3006096.6611545635,300.7968998886812,54.5,1:15:36:35
2537500,10150.000000232829,-3525599.9214035515,-3003416.5998792425,300.07581586597667,54.5,1:15:35:10
2550000,10200.000000243015,-3531924.720414629,-3007444.7606016174,301.3955930013702,54.5,1:15:33:45
2562500,10250.000000253202,-3528725.4336556066,-3006067.659645282,300.3484628674456,54.5,1:15:32:20
2575000,10300.000000263388,-3529887.07146745,-3006438.8426062353,300.80270254632654,54.5,1:15:30:54
2587500,10350.000000273574,-3525072.1250150874,-3003925.7262295517,299.4799419190282,54.5,1:15:29:28
2600000,10400.00000028376,-3525153.2293823734,-3000243.2840114064,301.6426868126725,54.5,1:15:28:05
2612500,10450.000000293947,-3525229.2324499525,-3000585.225354628,301.48986376807477,54.5,1:15:26:36
2625000,10500.000000304133,-3527096.9035474192,-3001526.670730816,302.0221250018834,54.5,1:15:25:08
2637500,10550.00000031432,-3526289.995079953,-3002849.094575779,300.79849126146297,54.5,1:15:23:45
2650000,10600.000000324506,-3532114.514339011,-3007036.2433078657,301.73941617519176,54.5,1:15:22:19
2662500,10650.000000334692,-3528715.114750067,-3005695.445987646,300.556427883785,54.5,1:15:20:52
2675000,10700.000000344879,-3527968.4471559282,-3004001.2099191323,301.1009538602313,54.5,1:15:19:25
2687500,10750.000000355065,-3530908.8151114807,-3007592.7068086425,300.72677866535736,54.5,1:15:17:57
2700000,10800.000000365251,-3527210.3457537144,-3001995.4170745523,301.81794732226706,54.5,1:15:16:34
2712500,10850.000000375438,-3526621.9321252927,-3003530.9414303387,300.59741346530757,54.5,1:15:15:09
2725000,10900.000000385624,-3527489.7056450862,-3004823.2900649267,300.3534287980141,54.5,1:15:13:47
2737500,10950.00000039581,-3526741.5632461235,-3004184.131545556,300.2908005499703,54.5,1:15:12:22
2750000,11000.000000405997,-3527381.062700577,-3003940.7758736815,300.7981386080891,54.5,1:15:10:58
2762500,11050.000000416183,-3526352.2717301734,-3001918.8071081922,301.368874257574,54.5,1:15:09:33
2775000,11100.00000042637,-3527385.889240006,-3005292.747448861,300.0239935348367,54.5,1:15:08:08
2787500,11150.000000436556,-3526723.2633647416,-3002150.206736151,301.4490916516291,54.5,1:15:06:44
2800000,11200.000000446742,-3527476.4123767205,-3002804.8289453164,301.5057106770179,54.5,1:15:05:22
2812500,11250.000000456928,-3528703.741020931,-3004969.942157533,300.96680708176405,54.5,1:15:03:57
2825000,11300.000000467115,-3525997.1406989302,-3002686.7813295186,300.72347500586227,54.5,1:15:02:35
2837500,11350.000000477301,-3525740.6160301547,-3001460.2821903387,301.2808767239524,54.5,1:15:01:11
2850000,11400.000000487487,-3528872.401326107,-3005057.724161395,301.0132842886229,54.5,1:14:59:49
2862500,11450.000000497674,-3527631.704787381,-3005204.4616212603,300.21598691828126,54.5,1:14:58:24
2875000,11500.00000050786,-3527514.2585242745,-3003724.3801896,300.99903349038925,54.5,1:14:57:01
2887500,11550.000000518046,-3528225.750448318,-3004335.793340514,301.05654436494194,54.5,1:14:55:38
2900000,11600.000000528233,-3526211.177584246,-3000705.7168027526,301.98490335867916,54.5,1:14:54:13
2912500,11650.000000538419,-3528758.5016769227,-3004637.111562914,301.1895387469768,54.5,1:14:52:49
2925000,11700.000000548605,-3524278.5375353713,-3001077.4380045575,300.66068817630037,54.5,1:14:51:24
2937500,11750.000000558792,-3530267.3957114667,-3005204.121379819,301.73079823078103,54.5,1:14:50:00
2950000,11800.000000568978,-3525801.586114561,-3002715.0786279202,300.5948371624331,54.5,1:14:48:37
2962500,11850.000000579164,-3526478.767588645,-3003275.4693308133,300.6619516881296,54.5,1:14:47:14
2975000,11900.00000058935,-3523646.711863734,-3001169.8056341154,300.2445260992226,54.5,1:14:45:51
2987500,11950.000000599537,-3526174.6232402734,-3002153.828108904,301.13173122949564,54.5,1:14:44:27
3000000,12000.000000609723,-3528843.9326061215,-3002875.958481948,302.2506894589487,54.5,1:14:43:06
3012500,12050.00000061991,-3525799.0783424694,-3001534.367452197,301.2718989011513,54.5,1:14:41:42
3025000,12100.000000630096,-3525868.293926941,-3000765.639190698,301.7534284193584,54.6,1:14:40:19
3037500,12150.000000640282,-3530127.0585240815,-3005616.3920318554,301.41323878099945,54.6,1:14:38:56
3050000,12200.000000650469,-3526320.383245066,-3001529.9928020057,301.5739838475381,54.6,1:14:37:33
3062500,12250.000000660655,-3530920.6304987352,-3006245.0669343574,301.5079978845945,54.6,1:14:36:10
3075000,12300.000000670841,-3528789.459634114,-3006874.5882598916,299.9215493574803,54.6,1:14:34:49
3087500,12350.000000681028,-3527975.5522886235,-3004185.173944104,300.999320824082,54.6,1:14:33:27
3100000,12400.000000691214,-3528631.3457432855,-3004191.3492655614,301.3726278281312,54.6,1:14:32:06
3112500,12450.0000007014,-3529377.683916187,-3005967.6685299766,300.780742940923,54.6,1:14:30:44
3125000,12500.000000711587,-3527081.8069474846,-3004635.4377119895,300.226977830161,54.6,1:14:29:20
3137500,12550.000000721773,-3529880.869393211,-3005730.574875046,301.2061488383027,54.6,1:14:27:58
3150000,12600.00000073196,-3525058.8791787233,-3001180.201877439,301.0500623556462,54.6,1:14:26:34
3162500,12650.000000742146,-3528555.785109721,-3006655.3213365534,299.91326994206634,54.6,1:14:25:12
3175000,12700.000000752332,-3528645.3264185507,-3008859.850093812,298.69787956483054,54.6,1:14:23:48
3187500,12750.000000762519,-3529783.935322741,-3004543.401273989,301.8326616033508,54.6,1:14:22:25
3200000,12800.000000772705,-3524706.2913441565,-3001897.2008231515,300.4354178189442,54.6,1:14:21:02
3212500,12850.000000782891,-3528442.331717681,-3004590.7246424477,301.03450628590383,54.6,1:14:19:37
3225000,12900.000000793078,-3527862.2723457776,-3005334.7322383234,300.273623164517,54.6,1:14:18:14
3237500,12950.000000803264,-3529921.7532429267,-3007671.630667043,300.11420349581033,54.6,1:14:16:50
3250000,13000.00000081345,-3527784.3055440206,-3004365.5017839796,300.78579323329865,54.6,1:14:15:28
3262500,13050.000000823637,-3525212.2554290146,-3002501.067132382,300.3791577113484,54.6,1:14:14:05
3275000,13100.000000833823,-3528786.842652738,-3004800.2409548196,301.1120817653761,54.6,1:14:12:41
3287500,13150.00000084401,-3529942.295102194,-3005665.326009275,301.2789431517209,54.6,1:14:11:19
3300000,13200.000000854196,-3528006.504213229,-3005673.77149448,300.1616759159304,54.6,1:14:09:58
3312500,13250.000000864382,-3527708.4130555578,-3002806.8263835283,301.63788343558275,54.6,1:14:08:34
3325000,13300.000000874568,-3530293.531611366,-3005537.2576406063,301.55437860961115,54.6,1:14:07:11
3337500,13350.000000884755,-3526849.573923435,-3002156.873958726,301.5178454210791,54.6,1:14:05:48
3350000,13400.000000894941,-3530341.839412244,-3009235.6550561013,299.45683245303763,54.6,1:14:04:25
3362500,13450.000000905127,-3527590.9224316943,-3003451.1452585794,301.20010498211946,54.6,1:14:03:03
3375000,13500.000000915314,-3530123.0320815146,-3005797.3477118285,301.3069376812635,54.6,1:14:01:41
3387500,13550.0000009255,-3526822.7246269453,-3002894.1253956454,301.0787502958035,54.6,1:14:00:19
3400000,13600.000000935686,-3528095.5462080315,-3005914.6226344164,300.07443786905264,54.6,1:13:58:58
3412500,13650.000000945873,-3528869.1368874777,-3006605.3150607045,300.12207585350154,54.6,1:13:57:35
3425000,13700.000000956059,-3527776.291301625,-3002450.7983036553,301.8814837793009,54.6,1:13:56:11
3437500,13750.000000966245,-3528127.3990181666,-3006295.8255829634,299.8736816911249,54.6,1:13:54:48
3450000,13800.000000976432,-3531363.0872754306,-3009178.2434765263,300.07669065031456,54.6,1:13:53:26
3462500,13850.000000986618,-3528198.962863177,-3004117.098706655,301.1668249155468,54.6,1:13:52:03
3475000,13900.000000996804,-3525517.5988996085,-3003043.1999393725,300.24308528165056,54.6,1:13:50:41
3487500,13950.00000100699,-3525731.042849073,-2999403.569894405,302.4572776443941,54.6,1:13:49:18
3500000,14000.000001017177,-3524469.9577238336,-3000463.6255920157,301.12341997899927,54.6,1:13:47:58
3512500,14050.000001027363,-3525804.917269973,-3003285.707064433,300.2688363358116,54.6,1:13:46:37
3525000,14100.00000103755,-3527640.67518642,-3005459.6112752426,300.07451851488463,54.6,1:13:45:14
3537500,14150.000001047736,-3526791.538944658,-3002985.2752781734,301.0084494207883,54.6,1:13:43:52
3550000,14200.000001057922,-3527733.571771592,-3003336.5453685224,301.34793481386174,54.6,1:13:42:29
3562500,14250.000001068109,-3532420.922391504,-3009555.206564289,300.4679578949275,54.6,1:13:41:07
3575000,14300.000001078295,-3527401.8823792525,-3003939.727960744,300.81070495236696,54.6,1:13:39:45
3587500,14350.000001088481,-3525561.081515398,-3000202.4138165843,301.90054782254305,54.6,1:13:38:22
3600000,14400.000001098668,-3527696.1843672283,-3004740.9754410964,300.5193856475289,54.6,1:13:37:01
3612500,14450.000001108854,-3526774.125378391,-3002786.7247594763,301.11254087017693,54.6,1:13:35:38
3625000,14500.00000111904,-3523205.7181297336,-3000528.1071631596,300.3598622947837,54.6,1:13:34:13
3637500,14550.000001129227,-3527062.591561416,-3001994.2149310587,301.73373029771045,54.6,1:13:32:50
3650000,14600.000001139413,-3525839.7727291994,-3001685.8975710915,301.20820647478394,54.6,1:13:31:27
3662500,14650.0000011496,-3528773.6980594452,-3003417.419019327,301.89917516532233,54.6,1:13:30:05
3675000,14700.000001159786,-3527051.955292184,-3004472.4772254513,300.30346962812956,54.6,1:13:28:43
3687500,14750.000001169972,-3526433.31783122,-3001539.8926703506,301.6331933736464,54.6,1:13:27:20
3700000,14800.000001180159,-3526994.857446106,-3002050.1661188183,301.66265378741355,54.6,1:13:25:59
3712500,14850.000001190345,-3527765.741258621,-3005086.071758991,300.36104524330176,54.6,1:13:24:36
3725000,14900.000001200531,-3528532.091720091,-3005118.5478021307,300.7827706331148,54.6,1:13:23:14
3737500,14950.000001210718,-3530748.603147574,-3009115.3013915913,299.7597436669621,54.6,1:13:21:53
3750000,15000.000001220904,-3526555.8593529407,-3000935.855769977,302.0507260749288,54.6,1:13:20:31
3762500,15050.00000123109,-3528799.9839306585,-3005615.582565923,300.6510924737894,54.6,1:13:19:09
3775000,15100.000001241277,-3530231.5937822293,-3006012.7825824954,301.2455223653283,54.6,1:13:17:46
3787500,15150.000001251463,-3526090.4387268797,-2999231.3954301453,302.76274776860265,54.6,1:13:16:25
3800000,15200.00000126165,-3526964.447548328,-3001587.691019822,301.9109426783422,54.6,1:13:15:03
3812500,15250.000001271836,-3528805.680038547,-3003474.689271857,301.884643105473,54.6,1:13:13:42
3825000,15300.000001282022,-3527655.2400408722,-3002167.5782950306,301.97467503478504,54.6,1:13:12:19
3837500,15350.000001292208,-3528844.071052987,-3004930.5179633847,301.0701039391325,54.6,1:13:10:59
3850000,15400.000001302395,-3528250.146281792,-3004652.3480775366,300.8886534773337,54.6,1:13:09:38
3862500,15450.000001312581,-3526320.7444060463,-3003212.8361291992,300.6071352564483,54.6,1:13:08:16
3875000,15500.000001322767,-3523907.382462794,-2998634.7192353746,301.85112483092684,54.6,1:13:06:53
3887500,15550.000001332954,-3528245.2829545476,-3004345.2562627834,301.06233091249663,54.6,1:13:05:33
3900000,15600.00000134314,-3527530.928599065,-3003810.335707871,300.9592181896644,54.6,1:13:04:12
3912500,15650.000001353326,-3529091.776159739,-3004535.3134792116,301.4395558386334,54.6,1:13:02:50
3925000,15700.000001363513,-3530285.4464253318,-3006309.805662344,301.10578299757475,54.6,1:13:01:28
3937500,15750.000001373699,-3525080.3424065597,-3003771.8848830173,299.5730699566752,54.6,1:13:00:05
3950000,15800.000001383885,-3528452.116685318,-3005686.36843759,300.4105109184765,54.6,1:12:58:44
3962500,15850.000001394072,-3528317.138997307,-3005825.1066187667,300.2532184325308,54.6,1:12:57:23
3975000,15900.000001404258,-3528346.425260661,-3004716.0247805538,300.90738857307895,54.6,1:12:56:01
3987500,15950.000001414444,-3529956.091903208,-3007028.262759812,300.5036516891579,54.7,1:12:54:38
4000000,16000.00000142463,-3527997.8333032746,-3003141.448284198,301.6119080312961,54.7,1:12:53:16
4012500,16050.000001434817,-3527871.5219351985,-3005020.1501908163,300.45971498064523,54.7,1:12:51:55
4025000,16100.000001445003,-3526992.1977444813,-3003954.863583146,300.56657941251706,54.7,1:12:50:33
4037500,16150.00000145519,-3528353.0047471467,-3005179.363824921,300.64490892017517,54.7,1:12:49:14
4050000,16200.000001465376,-3526803.1170624346,-3001257.4792571245,302.00799132932855,54.7,1:12:47:52
4062500,16250.000001475562,-3524908.3476085085,-3000525.18115676,301.33997010869166,54.7,1:12:46:31
4075000,16300.000001485749,-3527528.5130609646,-3004135.1193490447,300.77119119488236,54.7,1:12:45:09
4087500,16350.000001495935,-3527823.127561299,-3005782.964923996,299.9935487424474,54.7,1:12:43:50
4100000,16400.00000150612,-3527759.4238428418,-3004820.8784967493,300.50980982009514,54.7,1:12:42:27
4112500,16450.000001516306,-3522713.057549199,-2997289.085936644,301.9380751130319,54.7,1:12:41:05
4125000,16500.000001526492,-3525850.3697794843,-3002210.802182153,300.9126565126452,54.7,1:12:39:43
4137500,16550.00000153668,-3529054.904918559,-3004722.4552393085,301.31082540747656,54.7,1:12:38:22
4150000,16600.000001546865,-3527026.6569240335,-3002984.8113062484,301.143828019311,54.7,1:12:37:01
4162500,16650.00000155705,-3530789.626647491,-3007527.0712770983,300.69600414761004,54.7,1:12:35:40
4175000,16700.000001567238,-3527232.3567036,-3001654.1958250282,302.0266809108246,54.7,1:12:34:19
4187500,16750.000001577424,-3526742.791189192,-3003204.8541501625,300.85425389532213,54.7,1:12:32:58
4200000,16800.00000158761,-3526421.119157145,-3001032.4817886483,301.9177700751709,54.7,1:12:31:36
4212500,16850.000001597797,-3528518.7125854585,-3000972.7091338094,303.1575135921295,54.7,1:12:30:13
4225000,16900.000001607983,-3524730.4437890537,-3000544.5711407373,301.22659402678755,54.7,1:12:28:53
4237500,16950.00000161817,-3529720.9947894663,-3004887.9979822827,301.59846785334304,54.7,1:12:27:33
4250000,17000.000001628356,-3526828.591799764,-3003403.686016958,300.78929979772533,54.7,1:12:26:12
4262500,17050.000001638542,-3526537.750374658,-3001718.5567752956,301.5905357561698,54.7,1:12:24:51
4275000,17100.00000164873,-3528493.589822989,-3006241.7452867525,300.1151930307809,54.7,1:12:23:30
4287500,17150.000001658915,-3525595.9392125756,-3002109.531508255,300.82464225029935,54.7,1:12:22:10
4300000,17200.0000016691,-3528044.9155620188,-3003366.597216556,301.5095809362689,54.7,1:12:20:48
4312500,17250.000001679287,-3524819.420598259,-3001083.0848681764,300.9682649076057,54.7,1:12:19:27
4325000,17300.000001689474,-3529544.407696383,-3005850.8129448593,300.9437035447981,54.7,1:12:18:06
4337500,17350.00000169966,-3529328.6416102108,-3003573.6151219686,302.1283178071651,54.7,1:12:16:47
4350000,17400.000001709846,-3525343.1323142964,-3003507.627006678,299.87594116547837,54.7,1:12:15:26
4362500,17450.000001720033,-3526545.2002188433,-3003247.607032613,300.7161388411943,54.7,1:12:14:04
4375000,17500.00000173022,-3527163.033121381,-3003373.8619822655,300.9986270961677,54.7,1:12:12:42
4387500,17550.000001740405,-3525957.117164992,-3001670.4814209235,301.2844981514897,54.7,1:12:11:20
4400000,17600.00000175059,-3528341.6630930994,-3006185.1836954285,300.06039087494673,54.7,1:12:10:00
4412500,17650.000001760778,-3526584.3256511632,-3001288.9434307,301.86418043820566,54.7,1:12:08:39
4425000,17700.000001770964,-3525029.878786683,-3000864.436717054,301.214853470712,54.7,1:12:07:17
4437500,17750.00000178115,-3529321.7591665294,-3005983.1979307486,300.7396813795837,54.7,1:12:05:58
4450000,17800.000001791337,-3530983.0733160023,-3006361.7548662564,301.4768256001514,54.7,1:12:04:37
4462500,17850.000001801523,-3525943.626013387,-2999633.8727413677,302.44709492118454,54.7,1:12:03:17
4475000,17900.00000181171,-3528426.0239208117,-3004124.918763208,301.2928130878208,54.7,1:12:01:56
4487500,17950.000001821896,-3527978.124162661,-3004733.098004076,300.6859308796255,54.7,1:12:00:35
4500000,18000.000001832082,-3527516.260172311,-3004276.3240548805,300.6830058565749,54.7,1:11:59:14
4512500,18050.00000184227,-3527773.9679316673,-3004228.8122677463,300.8584021219401,54.7,1:11:57:53
4525000,18100.000001852455,-3526629.3749811165,-3004113.910247981,300.2666839773557,54.7,1:11:56:33
4537500,18150.00000186264,-3523801.0497697033,-3000790.51130307,300.5511811038812,54.7,1:11:55:13
4550000,18200.000001872828,-3529248.3467097394,-3005703.43067148,300.8582644195989,54.7,1:11:53:53
4562500,18250.000001883014,-3526867.439771589,-3001943.6846953062,301.6506226436704,54.7,1:11:52:33
4575000,18300.0000018932,-3530958.446589617,-3006352.3537842287,301.4680760911872,54.7,1:11:51:12
4587500,18350.000001903387,-3529270.683872711,-3005034.782509767,301.25534333137034,54.7,1:11:49:52
4600000,18400.000001913573,-3527533.2050592005,-3005463.2598757204,300.01066346341656,54.7,1:11:48:31
4612500,18450.00000192376,-3522750.461603632,-2999653.365570462,300.60092193497877,54.7,1:11:47:10
4625000,18500.000001933946,-3526805.6127424985,-3002263.342587398,301.4314000177348,54.7,1:11:45:49
4637500,18550.000001944132,-3525128.6199906226,-3001596.561507747,300.85087574733984,54.7,1:11:44:29
4650000,18600.00000195432,-3525280.3131935652,-2999423.26504917,302.18694517124266,54.7,1:11:43:08
4662500,18650.000001964505,-3530411.5049075093,-3005262.260908488,301.78020122205527,54.7,1:11:41:48
4675000,18700.00000197469,-3527764.585807318,-3003928.394898766,301.02564729212924,54.7,1:11:40:28
4687500,18750.000001984878,-3526955.657182809,-3002849.1374011086,301.18099342023874,54.7,1:11:39:08
4700000,18800.000001995064,-3524972.7780719083,-3002108.4027737635,300.467187551759,54.7,1:11:37:49
4712500,18850.00000200525,-3527179.935461791,-3003115.5635374044,301.1567728981559,54.7,1:11:36:28
4725000,18900.000002015437,-3525601.3050302565,-3000772.729463185,301.59592716087127,54.7,1:11:35:08
4737500,18950.000002025623,-3528894.369457001,-3005735.8882408226,300.6361973030612,54.7,1:11:33:48
4750000,19000.00000203581,-3530048.261199672,-3005880.518633932,301.2161754647679,54.7,1:11:32:29
4762500,19050.000002045996,-3523748.806802461,-2999655.356453994,301.17348299108744,54.7,1:11:31:09
4775000,19100.000002056182,-3525870.227371663,-3002445.6263136556,300.78912468577005,54.7,1:11:29:49
4787500,19150.00000206637,-3527053.9708880503,-3004029.627514705,300.559114177332,54.7,1:11:28:29
4800000,19200.000002076555,-3526676.926427977,-3002704.3343329625,301.1040310620159,54.7,1:11:27:08
4812500,19250.00000208674,-3529257.261613589,-3004701.9104132694,301.43891711978415,54.7,1:11:25:48
4825000,19300.000002096927,-3525951.383856455,-3002447.18974684,300.8348633160823,54.7,1:11:24:28
4837500,19350.000002107114,-3526856.38641309,-3005668.730351459,299.5036506632077,54.7,1:11:23:07
4850000,19400.0000021173,-3524562.174712343,-3001563.1938969633,300.54453942942246,54.7,1:11:21:48
4862500,19450.000002127486,-3528759.01777089,-3006098.847446969,300.34983992360213,54.7,1:11:20:28
4875000,19500.000002137673,-3528915.330720812,-3004896.0236855876,301.13087608601177,54.7,1:11:19:10
4887500,19550.00000214786,-3527669.9879937004,-3003842.5603240267,301.02061144370685,54.7,1:11:17:50
4900000,19600.000002158045,-3523249.2102597505,-3000795.817911543,300.23101370451826,54.7,1:11:16:30
4912500,19650.00000216823,-3526004.3565054517,-3001240.6232640413,301.5586651247755,54.7,1:11:15:10
4925000,19700.000002178418,-3526998.5576987434,-3002666.356693362,301.31068250552823,54.7,1:11:13:50
4937500,19750.000002188604,-3527083.197348483,-3003049.046352337,301.1394062582721,54.7,1:11:12:30
4950000,19800.00000219879,-3528504.8022649456,-3005243.8053384456,300.69510857836593,54.7,1:11:11:10
4962500,19850.000002208977,-3529245.769130975,-3005775.0900039985,300.8156037278411,54.7,1:11:09:50
4975000,19900.000002219163,-3526278.4262790177,-3001648.3473345996,301.48185987159934,54.7,1:11:08:32
4987500,19950.00000222935,-3523367.8319956884,-2998591.2945623696,301.56602313138916,54.7,1:11:07:12
5000000,20000.000002239536,-3529482.766827669,-3005314.352677596,301.2165613947823,54.7,1:11:05:55
5012500,20050.000002249722,-3528165.6933176704,-3004970.033208256,300.6575623797706,54.7,1:11:04:35
5025000,20100.00000225991,-3525635.35855213,-3002314.557988371,300.72947510158224,54.7,1:11:03:15
5037500,20150.000002270095,-3528841.4665032253,-3005560.2559214323,300.7067244780961,54.7,1:11:01:56
5050000,20200.00000228028,-3525762.336313028,-3001892.5051011676,301.04497889665436,54.7,1:11:00:36
5062500,20250.000002290468,-3527687.430057464,-3002363.111312049,301.8808089879417,54.7,1:10:59:16
5075000,20300.000002300654,-3528355.520284839,-3003905.6457507145,301.37830431321106,54.7,1:10:57:56
5087500,20350.00000231084,-3527245.585767042,-3004811.300112175,300.22003392719404,54.7,1:10:56:36
5100000,20400.000002321027,-3525352.9300345983,-3000962.2980841002,301.344260202871,54.7,1:10:55:17
5112500,20450.000002331213,-3530120.934624335,-3005937.0400904357,301.22545729132867,54.7,1:10:53:57
5125000,20500.0000023414,-3531987.630679732,-3007360.537662187,301.4801439905943,54.7,1:10:52:38
5137500,20550.000002351586,-3529631.0341048557,-3007768.662490115,299.89138005197054,54.7,1:10:51:18
5150000,20600.000002361772,-3525322.515701417,-3000006.626229604,301.87596505469264,54.7,1:10:49:59
5162500,20650.00000237196,-3527011.274751069,-3005682.3472080915,299.58483317761625,54.7,1:10:48:39
5175000,20700.000002382145,-3528639.518367674,-3005320.35038923,300.7285369265194,54.7,1:10:47:19
5187500,20750.00000239233,-3530329.580483809,-3004584.250306981,302.12274576294493,54.7,1:10:45:59
5200000,20800.000002402518,-3528013.08799332,-3005228.813883099,300.4211569178281,54.7,1:10:44:39
5212500,20850.000002412704,-3530846.178900698,-3006623.8248179723,301.2475583045483,54.7,1:10:43:19
5225000,20900.00000242289,-3525768.9006899446,-3000797.0875934274,301.6782394767562,54.7,1:10:41:59
5237500,20950.000002433077,-3526403.641607834,-3001567.562640522,301.60023903537234,54.7,1:10:40:39
5250000,21000.000002443263,-3527759.570093373,-3002547.2449537553,301.8164511824617,54.7,1:10:39:18
5262500,21050.00000245345,-3528445.606679842,-3006165.9937356194,300.1311503150109,54.7,1:10:37:59
5275000,21100.000002463636,-3528528.7568924893,-3005434.971399849,300.59901951276527,54.7,1:10:36:40
5287500,21150.000002473822,-3529870.2103885766,-3007882.8458118835,299.96320801638325,54.7,1:10:35:20
5300000,21200.00000248401,-3525618.2445485443,-3001648.7866929816,301.1022299522868,54.7,1:10:34:00
5312500,21250.000002494195,-3526572.4093340375,-3002559.372216357,301.12727303983064,54.7,1:10:32:40
5325000,21300.00000250438,-3528336.0095749144,-3003726.8354520034,301.4698467890081,54.7,1:10:31:20
5337500,21350.000002514567,-3526181.9923809133,-3003235.3928012783,300.5144382342974,54.7,1:10:30:01
5350000,21400.000002524754,-3528523.961689422,-3006962.8031976693,299.7182861021937,54.7,1:10:28:42
5362500,21450.00000253494,-3528730.898043072,-3004324.0877291197,301.353557197648,54.7,1:10:27:23
5375000,21500.000002545126,-3532506.291715136,-3010653.7437624307,299.8857348249428,54.7,1:10:26:03
5387500,21550.000002555313,-3531165.596259795,-3008286.5760802873,300.4756033217426,54.7,1:10:24:43
5400000,21600.0000025655,-3528428.3473597784,-3006246.7844736264,300.0748052538832,54.7,1:10:23:24
5412500,21650.000002575685,-3526271.5456421096,-3004391.750219571,299.9013927489007,54.7,1:10:22:04
5425000,21700.00000258587,-3528013.1033689193,-3004091.787503004,301.0745648656681,54.7,1:10:20:44
5437500,21750.000002596058,-3527092.958562037,-3003943.2584618167,300.631151181466,54.7,1:10:19:24
5450000,21800.000002606244,-3527560.6562505215,-3002782.8846724005,301.56673234019235,54.7,1:10:18:06
5462500,21850.00000261643,-3525177.6989522185,-3000283.2764049536,301.63376652779374,54.7,1:10:16:46
5475000,21900.000002626617,-3529599.5463988464,-3007984.5529844677,299.7492226673103,54.7,1:10:15:26
5487500,21950.000002636803,-3525406.224149367,-3000328.602860069,301.7390427970946,54.7,1:10:14:07
5500000,22000.00000264699,-3529795.9725855757,-3006392.7150381836,300.77685950781944,54.7,1:10:12:49
5512500,22050.000002657176,-3528592.45656332,-3001989.7976974365,302.61541489891556,54.7,1:10:11:29
5525000,22100.000002667362,-3531654.788930135,-3007625.939169786,301.136359870938,54.7,1:10:10:10
5537500,22150.00000267755,-3529815.9281665403,-3007163.3185026757,300.34549514439993,54.7,1:10:08:50
5550000,22200.000002687735,-3525472.5951618906,-3002254.5779931885,300.670409999619,54.7,1:10:07:31
5562500,22250.00000269792,-3526692.40001902,-3003154.024982428,300.8545055932803,54.7,1:10:06:12
5575000,22300.000002708108,-3525146.813534811,-3002132.914239289,300.5531124246057,54.7,1:10:04:54
5587500,22350.000002718294,-3527578.65046848,-3004170.507152424,300.77966714444324,54.7,1:10:03:34
5600000,22400.00000272848,-3529888.544013409,-3006285.3795086835,300.8917372544776,54.7,1:10:02:15
5612500,22450.000002738667,-3529565.044195937,-3007040.9575660247,300.2716386026817,54.7,1:10:00:55
5625000,22500.000002748853,-3528935.6101312675,-3006638.429751637,300.1412455484194,54.7,1:9:59:35
5637500,22550.00000275904,-3525521.8425191026,-3002530.2981886836,300.54026600819304,54.7,1:9:58:17
5650000,22600.000002769226,-3529146.4620069023,-3006184.0362501983,300.52353284303024,54.7,1:9:56:57
5662500,22650.000002779412,-3527755.181000525,-3005653.512425938,300.02889350270743,54.7,1:9:55:38
5675000,22700.0000027896,-3528578.5035608727,-3006000.3942509093,300.30268306374234,54.7,1:9:54:18
5687500,22750.000002799785,-3527728.541388182,-3004357.5570767596,300.7583134968402,54.7,1:9:53:00
5700000,22800.00000280997,-3526725.4126554504,-3004600.3416715683,300.0423418392837,54.7,1:9:51:42
5712500,22850.000002820158,-3529540.163557358,-3006464.47697271,300.58861886540984,54.7,1:9:50:23
5725000,22900.000002830344,-3527902.2498434857,-3003340.195917822,301.4427688815952,54.7,1:9:49:04
5737500,22950.00000284053,-3524369.167889582,-3000669.5858901944,300.94714415313143,54.7,1:9:47:45
5750000,23000.000002850717,-3525574.146349326,-3003495.3588016983,300.0157447816556,54.7,1:9:46:25
5762500,23050.000002860903,-3525969.870634675,-3002718.9130867,300.68933938854804,54.7,1:9:45:07
5775000,23100.00000287109,-3525569.837331509,-3002354.1688100463,300.66906033522446,54.7,1:9:43:48
5787500,23150.000002881276,-3528230.735232994,-3004945.143747133,300.70924199121504,54.7,1:9:42:29
5800000,23200.000002891462,-3526787.5374953374,-3001725.548251745,301.73005974712845,54.7,1:9:41:10
5812500,23250.00000290165,-3529430.737187786,-3004637.9221912865,301.57537713189134,54.7,1:9:39:51
5825000,23300.000002911835,-3527988.8210455794,-3004997.132628254,300.54034880860837,54.7,1:9:38:32
5837500,23350.00000292202,-3521341.156140523,-2995572.4543003356,302.13617643118266,54.7,1:9:37:13
5850000,23400.000002932207,-3529794.814695958,-3007261.993609145,300.2766579113662,54.7,1:9:35:54
5862500,23450.000002942394,-3526854.51064427,-3002287.066474037,301.44586641836105,54.7,1:9:34:36
5875000,23500.00000295258,-3529164.670139419,-3006193.594297906,300.5285036667798,54.7,1:9:33:17
5887500,23550.000002962766,-3527081.596827537,-3004088.1283080997,300.54137175509385,54.7,1:9:31:58
5900000,23600.000002972953,-3528558.4951044526,-3003694.5310693025,301.6162633588946,54.7,1:9:30:39
5912500,23650.00000298314,-3522509.2251122054,-2998253.9566398994,301.26647275834205,54.7,1:9:29:21
5925000,23700.000002993325,-3524939.7174279857,-3001948.225137408,300.54023610318245,54.7,1:9:28:02
5937500,23750.00000300351,-3528920.6199907158,-3004871.439412517,301.14804309884283,54.7,1:9:26:43
5950000,23800.000003013698,-3531268.4795964304,-3006114.0833664774,301.7831619828392,54.7,1:9:25:25
5962500,23850.000003023884,-3526050.5610523243,-3002894.81945002,300.63462296731655,54.7,1:9:24:07
5975000,23900.00000303407,-3525334.0649067312,-3000490.2275495045,301.6046974412379,54.7,1:9:22:48
5987500,23950.000003044257,-3529954.936811935,-3005245.013381185,301.5277429904025,54.7,1:9:21:28
6000000,24000.000003054443,-3530333.74491198,-3005508.564582483,301.59397606698695,54.7,1:9:20:09
6012500,24050.00000306463,-3533686.562767513,-3008477.4332980886,301.8146147711847,54.7,1:9:18:50
6025000,24100.000003074816,-3528008.86651434,-3003667.9676501034,301.31568078292344,54.7,1:9:17:31
6037500,24150.000003085002,-3526120.2125927396,-3003719.9441061434,300.20048575493047,54.7,1:9:16:13
6050000,24200.00000309519,-3530117.613208482,-3007974.2774610054,300.0528377965681,54.7,1:9:14:54
6062500,24250.000003105375,-3527767.503002243,-3004591.574734966,300.6462233568954,54.7,1:9:13:35
6075000,24300.00000311556,-3526090.902714787,-3003178.90432861,300.49455444841453,54.7,1:9:12:16
6087500,24350.000003125748,-3531637.062790213,-3007993.966442056,300.9146843307299,54.7,1:9:10:57
6100000,24400.000003135934,-3526357.5505982675,-3002352.7813673075,301.12252184853287,54.7,1:9:09:37
6112500,24450.00000314612,-3526845.229582805,-3004717.585998154,300.0438201999342,54.7,1:9:08:19
6125000,24500.000003156307,-3529302.7242352385,-3005196.3103025295,301.1809325934735,54.7,1:9:07:00
6137500,24550.000003166493,-3527414.3156043068,-3003443.6190919774,301.1029417539179,54.7,1:9:05:41
6150000,24600.00000317668,-3527032.756229818,-3003177.3687641937,301.0366787101924,54.7,1:9:04:21
6162500,24650.000003186866,-3526636.4366103727,-3003513.948338166,300.6155137392964,54.7,1:9:03:03
6175000,24700.000003197052,-3526161.6976581383,-3002491.002052349,300.93054441168226,54.7,1:9:01:45
6187500,24750.00000320724,-3528519.44294166,-3003391.4554667445,301.76798603143067,54.7,1:9:00:26
6200000,24800.000003217425,-3527048.0012472123,-3003026.9409172777,301.1318836274612,54.7,1:8:59:07
6212500,24850.00000322761,-3529669.737628881,-3006527.9944664068,300.626578678884,54.7,1:8:57:48
6225000,24900.000003237798,-3527103.625450257,-3003280.3169532027,301.01824433615394,54.7,1:8:56:29
6237500,24950.000003247984,-3528976.181227617,-3006382.6700161914,300.3115338599218,54.7,1:8:55:10
6250000,25000.00000325817,-3526733.4422285557,-3003449.4123129193,300.7083446254054,54.7,1:8:53:50
6262500,25050.000003268357,-3526293.741417475,-3001046.959393101,301.8362520404734,54.7,1:8:52:30
6275000,25100.000003278543,-3531385.8412361033,-3006982.6925704246,301.351453009238,54.7,1:8:51:11
6287500,25150.00000328873,-3526777.5494616125,-3002859.014395107,301.0729668624051,54.7,1:8:49:52
6300000,25200.000003298916,-3525892.4262564927,-3000206.183738323,302.08879068117835,54.7,1:8:48:33
6312500,25250.000003309102,-3528270.9791831896,-3002562.2938494203,302.1016875814121,54.7,1:8:47:14
6325000,25300.00000331929,-3528141.1011440363,-3006619.284435182,299.69567810780893,54.7,1:8:45:55
6337500,25350.000003329475,-3529340.199238913,-3005905.3732556286,300.79500050115576,54.7,1:8:44:35
6350000,25400.00000333966,-3526347.317497283,-3002792.1082580453,300.8641794700309,54.7,1:8:43:16
6362500,25450.000003349847,-3526051.1386975963,-3001949.545847824,301.1781621288952,54.7,1:8:41:56
6375000,25500.000003360034,-3530389.8325665984,-3006539.144609684,301.0339781089817,54.7,1:8:40:37
6387500,25550.00000337022,-3530763.366224047,-3008036.4767860305,300.38818046756546,54.7,1:8:39:18
6400000,25600.000003380406,-3524750.3925784435,-3000435.557444866,301.3007031018686,54.7,1:8:37:59
6412500,25650.000003390593,-3529433.626155194,-3007327.9524933193,300.03119505043213,54.7,1:8:36:41
6425000,25700.00000340078,-3522612.362034984,-2997454.6120234514,301.7850892537846,54.7,1:8:35:22
6437500,25750.000003410965,-3529559.1220315825,-3007115.660162463,300.22530709442276,54.7,1:8:34:03
6450000,25800.00000342115,-3526089.9331370257,-3002876.1003426267,300.6680054235227,54.7,1:8:32:45
6462500,25850.000003431338,-3525969.527988117,-3003955.162206445,299.97872442274763,54.7,1:8:31:27
6475000,25900.000003441524,-3527578.8151659984,-3004133.563304059,300.80099179561967,54.7,1:8:30:07
6487500,25950.00000345171,-3529920.356955871,-3006783.2793464,300.6238975905265,54.7,1:8:28:48
6500000,26000.000003461897,-3528401.967737725,-3004121.8144693966,301.2807729574509,54.7,1:8:27:31
6512500,26050.000003472083,-3526434.8710158654,-3004293.42981249,300.0517490852986,54.7,1:8:26:12
6525000,26100.00000348227,-3526439.9526288714,-3004066.9102979596,300.18484007927765,54.7,1:8:24:55
6537500,26150.000003492456,-3527056.100502532,-3002395.937874888,301.4991476428017,54.7,1:8:23:36
6550000,26200.000003502642,-3526341.4011968654,-3001681.030563027,301.49926717482407,54.7,1:8:22:17
6562500,26250.00000351283,-3528840.640172852,-3005502.2499374663,300.7395831131685,54.7,1:8:20:58
6575000,26300.000003523015,-3527976.774628792,-3004849.798633547,300.618092636585,54.7,1:8:19:39
6587500,26350.0000035332,-3528576.3490789253,-3006336.512526342,300.10829257007475,54.7,1:8:18:20
6600000,26400.000003543388,-3528190.6653947774,-3003325.433943806,301.6169916870908,54.7,1:8:17:00
6612500,26450.000003553574,-3529314.907824915,-3005966.681369364,300.74523555680173,54.7,1:8:15:40
6625000,26500.00000356376,-3529228.931925241,-3005655.250178932,300.87479480836464,54.7,1:8:14:21
6637500,26550.000003573947,-3527380.434664905,-3004044.1267929645,300.73838647037275,54.7,1:8:13:01
6650000,26600.000003584133,-3526828.3649362084,-3003491.538155293,300.7386846645653,54.7,1:8:11:42
6662500,26650.00000359432,-3530323.252796173,-3005946.3663079785,301.3363612895101,54.7,1:8:10:23
6675000,26700.000003604506,-3528170.430505324,-3003939.729458168,301.25235493833185,54.7,1:8:09:04
6687500,26750.000003614692,-3528548.1759818885,-3005608.694179983,300.5103479601136,54.7,1:8:07:45
6700000,26800.00000362488,-3527511.893873632,-3003978.9907450206,300.85136112813984,54.7,1:8:06:27
6712500,26850.000003635065,-3526304.636578582,-3000502.7706355415,302.15523438422514,54.7,1:8:05:07
6725000,26900.00000364525,-3529012.7475290652,-3005291.993919501,300.9593105474514,54.7,1:8:03:49
6737500,26950.000003655437,-3528426.0595529806,-3004190.9065821194,301.25491326331655,54.7,1:8:02:30
6750000,27000.000003665624,-3525852.680542875,-2999930.9772121804,302.22409966656807,54.7,1:8:01:11
6762500,27050.00000367581,-3525821.186451195,-3002169.375910598,300.9196919943191,54.7,1:7:59:52
6775000,27100.000003685996,-3532024.817908272,-3009137.348962502,300.48045845656736,54.7,1:7:58:34
6787500,27150.000003696183,-3529220.585136324,-3004677.011512204,301.43214906412027,54.7,1:7:57:14
6800000,27200.00000370637,-3528092.0137621947,-3004404.7787391683,300.94004888820757,54.7,1:7:55:56
6812500,27250.000003716556,-3531483.69960667,-3007941.766794584,300.85655009056717,54.7,1:7:54:37
6825000,27300.000003726742,-3527302.12320086,-3004845.0358578283,300.23313705572593,54.7,1:7:53:18
6837500,27350.00000373693,-3527847.847305773,-3005881.0018987176,299.95141655097973,54.7,1:7:52:00
6850000,27400.000003747115,-3525605.8252204023,-3002705.4897542084,300.4878522806412,54.7,1:7:50:41
6862500,27450.0000037573,-3526294.0097378492,-3002662.462777419,300.9080474049568,54.7,1:7:49:22
6875000,27500.000003767487,-3531250.2310384754,-3007197.280334997,301.150209624223,54.7,1:7:48:03
6887500,27550.000003777674,-3526963.896368768,-3004399.9917713553,300.2945202394389,54.7,1:7:46:45
6900000,27600.00000378786,-3528356.560276771,-3003233.432535734,301.7651933558539,54.7,1:7:45:26
6912500,27650.000003798046,-3527665.841919385,-3003461.9553072327,301.23694586046776,54.7,1:7:44:08
6925000,27700.000003808233,-3528608.5161794014,-3004391.873702517,301.2442760955766,54.7,1:7:42:49
6937500,27750.00000381842,-3528388.1785300393,-3006452.4707051436,299.9335231503568,54.7,1:7:41:30
6950000,27800.000003828605,-3529786.3799333908,-3006743.477345685,300.56977934253666,54.7,1:7:40:12
6962500,27850.00000383879,-3527248.5293908883,-3003792.221870663,300.80734499677214,54.7,1:7:38:53
6975000,27900.000003848978,-3527054.623121733,-3003661.3012132715,300.7711499325891,54.7,1:7:37:34
6987500,27950.000003859164,-3526002.8577342406,-3004110.304246231,299.9087242486774,54.7,1:7:36:15
7000000,28000.00000386935,-3529374.281521799,-3007189.069958185,300.0769019885378,54.7,1:7:34:56
7012500,28050.000003879537,-3528794.6434728634,-3005095.9369006013,300.94664108361906,54.7,1:7:33:37
7025000,28100.000003889723,-3525599.408553293,-3001870.8253845526,300.9638098511648,54.7,1:7:32:18
7037500,28150.00000389991,-3529090.369842911,-3005027.7509291787,301.15576551994104,54.7,1:7:30:58
7050000,28200.000003910096,-3527975.8970484473,-3003753.9165489534,301.2473436226758,54.7,1:7:29:39
7062500,28250.000003920282,-3528162.116717493,-3003749.4437012607,301.35692623510573,54.7,1:7:28:20
7075000,28300.00000393047,-3526105.896293279,-3002938.5481845187,300.6412927167137,54.7,1:7:27:01
7087500,28350.000003940655,-3527927.9380698,-3005030.911141431,300.485951009294,54.7,1:7:25:42
7100000,28400.00000395084,-3529531.0426189937,-3006477.4649805203,300.575913825268,54.7,1:7:24:23
7112500,28450.000003961028,-3530194.6476439685,-3006218.8853041413,301.1058528624437,54.7,1:7:23:04
7125000,28500.000003971214,-3529250.0090368837,-3006853.610418917,300.1982619114288,54.7,1:7:21:46
7137500,28550.0000039814,-3526916.795611337,-3003912.606072103,300.547532654207,54.7,1:7:20:27
7150000,28600.000003991587,-3525638.713099422,-3002398.7438101554,300.6830249189717,54.7,1:7:19:08
7162500,28650.000004001773,-3527335.00462709,-3002867.0637093876,301.38868627021435,54.7,1:7:17:49
7175000,28700.00000401196,-3530962.5484991055,-3006091.616616642,301.6202674746547,54.7,1:7:16:31
7187500,28750.000004022146,-3526800.5791406315,-3004179.125240237,300.3275912957768,54.7,1:7:15:12
7200000,28800.000004032332,-3530290.053172862,-3006788.905662438,300.8331125693617,54.7,1:7:13:53
7212500,28850.00000404252,-3524284.6180756614,-3001441.2507787733,300.45511517629825,54.7,1:7:12:33
7225000,28900.000004052705,-3526215.6415326223,-3000892.604443484,301.88007247638143,54.7,1:7:11:14
7237500,28950.00000406289,-3530666.5669235345,-3008648.4993281886,299.98085169244877,54.7,1:7:09:56
7250000,29000.000004073077,-3527899.108602956,-3001836.3379745963,302.30516484558467,54.7,1:7:08:37
7262500,29050.000004083264,-3526795.600121662,-3003257.4699635366,300.85436487238303,54.7,1:7:07:18
7275000,29100.00000409345,-3528852.549068814,-3005465.0872417693,300.76778240122684,54.7,1:7:05:59
7287500,29150.000004103636,-3526653.6465106215,-3002641.406625435,301.126814905338,54.7,1:7:04:40
7300000,29200.000004113823,-3528224.019272156,-3003210.2778049423,301.7023338695222,54.7,1:7:03:21
7312500,29250.00000412401,-3529583.9328018054,-3005364.4637688426,301.24590039318673,54.7,1:7:02:03
7325000,29300.000004134195,-3528677.026458636,-3004315.6311707916,301.3274591771827,54.7,1:7:00:44
7337500,29350.000004144382,-3526653.166446192,-3001856.9335257653,301.5773412626263,54.7,1:6:59:24
7350000,29400.000004154568,-3527624.0301961433,-3003354.0620963676,301.2749199885086,54.7,1:6:58:05
7362500,29450.000004164755,-3525327.2690402996,-2999998.533065343,301.8833473757146,54.7,1:6:56:47
7375000,29500.00000417494,-3528153.00395217,-3005343.344457521,300.43574478310285,54.7,1:6:55:28
7387500,29550.000004185127,-3530853.960035557,-3007497.6158191236,300.74990047737515,54.7,1:6:54:09
7400000,29600.000004195314,-3529789.4597665314,-3006476.81443742,300.72478864648167,54.7,1:6:52:51
7412500,29650.0000042055,-3526742.523782674,-3002044.95496075,301.52064333943633,54.7,1:6:51:31
7425000,29700.000004215686,-3530837.1675421987,-3007198.459230792,300.9121627187719,54.7,1:6:50:13
7437500,29750.000004225873,-3527594.832846636,-3003193.010876116,301.3506906158107,54.7,1:6:48:54
7450000,29800.00000423606,-3527734.8056621067,-3004020.8459580997,300.95540638837736,54.7,1:6:47:36
7462500,29850.000004246245,-3527406.393288927,-3002751.5340911066,301.496099994657,54.7,1:6:46:17
7475000,29900.00000425643,-3524258.0165004265,-2999563.556514105,301.5188568281838,54.7,1:6:44:57
7487500,29950.000004266618,-3526620.1513508484,-3002291.1562300716,301.30884022447714,54.7,1:6:43:39
7500000,30000.000004276804,-3525117.972274564,-3000543.8621928515,301.44969702486117,54.7,1:6:42:20
7512500,30050.00000428699,-3527796.5404791776,-3003862.430375567,301.0819171520328,54.7,1:6:41:01
7525000,30100.000004297177,-3526149.343456639,-3002783.8245969894,300.7551727417984,54.7,1:6:39:42
7537500,30150.000004307363,-3526879.9255503863,-3003450.3834380517,300.7919640926361,54.7,1:6:38:24
7550000,30200.00000431755,-3526283.318268677,-3001205.9260759936,301.73891114533427,54.7,1:6:37:05
7562500,30250.000004327736,-3527020.7315981966,-3002025.3226476004,301.6917989775521,54.7,1:6:35:46
7575000,30300.000004337922,-3526038.3883446995,-3002266.476706569,300.9887088191451,54.7,1:6:34:28
7587500,30350.00000434811,-3525186.5150196664,-2999856.382793593,301.8841497398951,54.7,1:6:33:09
7600000,30400.000004358295,-3527043.1277144346,-3002432.8345044195,301.47048987920635,54.7,1:6:31:50
7612500,30450.00000436848,-3527299.57654923,-3003605.3059587684,300.9440919197468,54.7,1:6:30:31
7625000,30500.000004378668,-3527221.7844149526,-3004561.4750775057,300.34991980856853,54.7,1:6:29:12
7637500,30550.000004388854,-3526650.2993582077,-3002816.7882629824,301.0241073211322,54.7,1:6:27:54
7650000,30600.00000439904,-3524156.0372540075,-3001596.3564479575,300.29209301209005,54.7,1:6:26:35
7662500,30650.000004409227,-3526376.2176500503,-3003928.4781902907,300.22776523785296,54.7,1:6:25:16
7675000,30700.000004419413,-3528037.2316962443,-3003834.4142154194,301.23633147766,54.7,1:6:23:58
7687500,30750.0000044296,-3529565.5099116117,-3005219.6625734353,301.3185244535148,54.7,1:6:22:40
7700000,30800.000004439786,-3529182.3433458507,-3003625.6295713773,302.01435620225016,54.7,1:6:21:21
7712500,30850.000004449972,-3527700.65469289,-3001601.317303229,302.3261781569617,54.7,1:6:20:03
7725000,30900.00000446016,-3525050.6706481706,-3002117.335327809,300.506815847179,54.7,1:6:18:44
7737500,30950.000004470345,-3528025.0611318704,-3002408.2877789997,302.048869803595,54.7,1:6:17:26
7750000,31000.00000448053,-3526433.4366817977,-3003149.748856238,300.70814804126576,54.7,1:6:16:07
7762500,31050.000004490717,-3528605.1983390823,-3005666.6641860697,300.50980338792385,54.7,1:6:14:49
7775000,31100.000004500904,-3528012.396012971,-3003659.3379382766,301.3226681470312,54.7,1:6:13:31
7787500,31150.00000451109,-3525520.9163935073,-3004250.2271378073,299.55136619227005,54.7,1:6:12:12
7800000,31200.000004521276,-3529306.582058076,-3005818.4720924,300.8256204651216,54.7,1:6:10:54
7812500,31250.000004531463,-3530079.0644179024,-3006163.096699842,301.07149152003507,54.7,1:6:09:36
7825000,31300.00000454165,-3527200.7614952195,-3001786.976675036,301.932221210952,54.7,1:6:08:17
7837500,31350.000004551835,-3526118.312208399,-3003498.7796530365,300.32648718318984,54.7,1:6:06:59
7850000,31400.00000456202,-3526144.9281846806,-3001890.2309869784,301.26614447192287,54.7,1:6:05:40
7862500,31450.000004572208,-3525738.8431232255,-3002986.330423452,300.40290503049204,54.7,1:6:04:22
7875000,31500.000004582394,-3529911.207396198,-3006182.8925965503,300.96365563123663,54.7,1:6:03:04
7887500,31550.00000459258,-3527514.531800283,-3004187.6490404075,300.7329702725052,54.7,1:6:01:45
7900000,31600.000004602767,-3529200.056475075,-3005517.375553737,300.9374318460246,54.7,1:6:00:27
7912500,31650.000004612953,-3526786.2592523005,-3001408.803795974,301.9113443214575,54.7,1:5:59:09
7925000,31700.00000462314,-3527832.713225631,-3004721.5256378157,300.60901973240493,54.7,1:5:57:51
7937500,31750.000004633326,-3528807.8353264686,-3006784.1477905167,299.98408122543617,54.7,1:5:56:33
7950000,31800.000004643513,-3528587.4722954743,-3005602.442732745,300.53652225738944,54.7,1:5:55:14
7962500,31850.0000046537,-3527568.2349194493,-3004441.3591557927,300.6180350378942,54.7,1:5:53:56
7975000,31900.000004663885,-3528613.8079558555,-3006497.067495108,300.03755465359023,54.7,1:5:52:38
7987500,31950.00000467407,-3524043.6241334435,-3000173.583431092,301.04509928163696,54.7,1:5:51:19
8000000,32000.000004684258,-3528918.242932707,-3006480.5159681104,300.22201149672236,54.7,1:5:50:01
8012500,32050.000004694444,-3524747.6366529576,-3000432.862621384,301.3006679892309,54.7,1:5:48:43
8025000,32100.00000470463,-3524692.4529735576,-2999050.2774035386,302.06346734189515,54.7,1:5:47:25
8037500,32150.000004714817,-3528061.7324418183,-3004310.199654754,300.976997988661,54.7,1:5:46:06
8050000,32200.000004725003,-3530650.90786987,-3007431.1867496595,300.6713891856978,54.7,1:5:44:47
8062500,32250.00000473519,-3527365.011014713,-3006333.4518764513,299.4139486185356,54.7,1:5:43:28
8075000,32300.000004745376,-3526209.422295328,-3001119.313477657,301.74621883108557,54.7,1:5:42:10
8087500,32350.000004755562,-3525732.9987790175,-3001660.8505872865,301.1612415773946,54.7,1:5:40:51
8100000,32400.00000476575,-3528786.452370301,-3006006.5513611245,300.4186438887637,54.7,1:5:39:33
8112500,32450.000004775935,-3529307.628616765,-3005818.822910729,300.82602027654343,54.7,1:5:38:15
8125000,32500.00000478612,-3528052.5303096212,-3003225.796348774,301.59486887067436,54.7,1:5:36:56
8137500,32550.000004796308,-3528172.8721536435,-3003963.7070981944,301.2399791499535,54.7,1:5:35:38
8150000,32600.000004806494,-3526098.2977261357,-3001865.243351515,301.25370729224653,54.7,1:5:34:20
8162500,32650.00000481668,-3525165.544003926,-3001296.873874806,301.0443116734089,54.7,1:5:33:01
8175000,32700.000004826867,-3526592.5542064905,-3002527.753239385,301.157019450159,54.7,1:5:31:43
8187500,32750.000004837053,-3529367.3991963677,-3005715.51937209,300.9197318086067,54.7,1:5:30:25
8200000,32800.000004847236,-3525967.7308999486,-3003102.6146767074,300.4676133288637,54.7,1:5:29:07
8212500,32850.00000485742,-3525615.4188816957,-3002001.9528457187,300.89765709195126,54.7,1:5:27:48
8225000,32900.00000486761,-3525256.321474295,-3001431.002553011,301.01939963864265,54.7,1:5:26:30
8237500,32950.000004877795,-3527824.450561948,-3002522.485514279,301.8679632998236,54.7,1:5:25:12
8250000,33000.00000488798,-3526792.6387420595,-3002809.1183350324,301.110311082859,54.7,1:5:23:53
8262500,33050.00000489817,-3526913.491601629,-3000416.27279129,302.5548231308749,54.7,1:5:22:34
8275000,33100.000004908354,-3525348.006455146,-3002086.544995627,300.69537552508524,54.7,1:5:21:16
8287500,33150.00000491854,-3524025.787083024,-2999275.7871526615,301.5507731942074,54.7,1:5:19:56
8300000,33200.00000492873,-3529044.034722427,-3004878.058443802,301.2151604571543,54.7,1:5:18:38
8312500,33250.00000493891,-3525886.523504764,-3003466.4710549624,300.211854729494,54.7,1:5:17:19
8325000,33300.0000049491,-3528532.385722259,-3004760.1367619582,300.98890266337816,54.7,1:5:16:00
8337500,33350.000004959285,-3527455.148559535,-3003114.103295067,301.31576491270533,54.7,1:5:14:42
8350000,33400.00000496947,-3527324.6626598146,-3001640.346965501,302.08768342015173,54.7,1:5:13:24
8362500,33450.00000497966,-3528870.0972450897,-3004815.4424312115,301.15118890160994,54.7,1:5:12:06
8375000,33500.000004989844,-3525321.042557344,-3001598.9800212216,300.96006273004434,54.7,1:5:10:47
8387500,33550.00000500003,-3526013.9876091164,-3002433.333978527,300.87880124399237,54.7,1:5:09:29
8400000,33600.00000501022,-3527606.225238908,-3005352.064326101,300.11652415064003,54.7,1:5:08:10
8412500,33650.0000050204,-3527026.055624159,-3002019.237772375,301.6983551718826,54.7,1:5:06:51
8425000,33700.00000503059,-3529702.906623699,-3005568.5368481376,301.1969975882871,54.7,1:5:05:32
8437500,33750.000005040776,-3525570.385308342,-3002189.9335575644,300.7637540183421,54.7,1:5:04:13
8450000,33800.00000505096,-3528058.7974151503,-3004238.6616039537,301.0164211329646,54.7,1:5:02:54
8462500,33850.00000506115,-3532444.8725696187,-3010318.65036044,300.04300339788966,54.7,1:5:01:35
8475000,33900.000005071335,-3527450.547392044,-3003712.1655414095,300.9694407232029,54.7,1:5:00:16
8487500,33950.00000508152,-3528580.4476276934,-3005056.094787162,300.8464476531863,54.7,1:4:58:57
8500000,34000.00000509171,-3529611.574777253,-3004492.023671963,301.7631380204085,54.7,1:4:57:39
8512500,34050.000005101894,-3526623.714924732,-3004066.6959976805,300.29056334716324,54.7,1:4:56:20
8525000,34100.00000511208,-3525525.025442807,-3002158.2786860466,300.75587836032753,54.7,1:4:55:02
8537500,34150.00000512227,-3524522.7027845103,-2999653.5770666674,301.6192295511905,54.7,1:4:53:43
8550000,34200.00000513245,-3525856.6999899168,-3002870.3820728827,300.537262618012,54.7,1:4:52:24
8562500,34250.00000514264,-3524730.5987964123,-3002171.3180986256,300.2918630874473,54.7,1:4:51:06
8575000,34300.000005152826,-3525441.1827445794,-3001487.502574268,301.0931632096719,54.7,1:4:49:47
8587500,34350.00000516301,-3527800.489552848,-3003087.1809966424,301.52968827329636,54.7,1:4:48:28
8600000,34400.0000051732,-3524989.4857243355,-3002165.6220833017,300.4439072820557,54.7,1:4:47:09
8612500,34450.000005183385,-3527578.986084409,-3003185.2782735378,301.3460277647079,54.7,1:4:45:51
8625000,34500.00000519357,-3528197.3235886823,-3004831.3930733046,300.7554093022616,54.7,1:4:44:32
8637500,34550.00000520376,-3532307.5683688037,-3007007.194576061,301.8670488755198,54.7,1:4:43:13
8650000,34600.000005213944,-3528366.661065357,-3004345.1206656434,301.13215950247405,54.7,1:4:41:55
8662500,34650.00000522413,-3528224.8970443606,-3003773.7248173,301.3790500403348,54.7,1:4:40:36
8675000,34700.00000523432,-3527579.9418603927,-3006600.1372473002,299.38420756644774,54.7,1:4:39:17
8687500,34750.0000052445,-3527121.6843861025,-3003124.4735763557,301.11817835589574,54.7,1:4:37:59
8700000,34800.00000525469,-3527001.1199226845,-3004013.306538562,300.53812199725337,54.7,1:4:36:40
8712500,34850.000005264876,-3528208.4732292797,-3004892.4766879682,300.7267144409174,54.7,1:4:35:21
8725000,34900.00000527506,-3526325.3850184437,-3003071.714246704,300.6908985590561,54.7,1:4:34:03
8737500,34950.00000528525,-3527500.4991860706,-3004511.1023754873,300.539031922882,54.7,1:4:32:44
8750000,35000.000005295435,-3528243.6792936213,-3002942.8016921254,301.8673383922782,54.7,1:4:31:26
8762500,35050.00000530562,-3526927.1333059333,-3002690.788691259,301.25559804866816,54.7,1:4:30:07
8775000,35100.00000531581,-3532279.202820478,-3008478.708345109,301.00513412008934,54.7,1:4:28:48
8787500,35150.000005325994,-3528760.599434836,-3005004.5458843173,300.9795958728251,54.7,1:4:27:30
8800000,35200.00000533618,-3529097.045992423,-3005415.2711586547,300.9369111573017,54.7,1:4:26:11
8812500,35250.00000534637,-3525744.7436399907,-3002361.3701728215,300.76543300040413,54.7,1:4:24:53
8825000,35300.00000535655,-3526809.3942329865,-3005366.4146849606,299.65037385472203,54.7,1:4:23:35
8837500,35350.00000536674,-3525748.87512107,-3001596.885291762,301.20712305914327,54.7,1:4:22:16
8850000,35400.000005376925,-3530519.463211477,-3006887.636180794,300.908208349028,54.7,1:4:20:57
8862500,35450.00000538711,-3528501.5173950586,-3003713.126692998,301.57283468423213,54.7,1:4:19:39
8875000,35500.0000053973,-3527270.8460203446,-3002794.095039554,301.39374902645363,54.7,1:4:18:21
8887500,35550.000005407484,-3523721.0338976216,-3000308.9617436416,300.78192487500826,54.7,1:4:17:02
8900000,35600.00000541767,-3527070.384183636,-3003182.9331625234,301.05510422701013,54.7,1:4:15:44
8912500,35650.00000542786,-3529993.0167695396,-3008403.7115262058,299.7344608038676,54.7,1:4:14:25
8925000,35700.00000543804,-3528952.7076292466,-3003459.473792074,301.9778770708964,54.7,1:4:13:07
8937500,35750.00000544823,-3525522.9360378142,-3000431.2711021267,301.74711306375065,54.7,1:4:11:48
8950000,35800.000005458416,-3524584.7484125886,-3001798.8878632905,300.42206857467465,54.7,1:4:10:29
8962500,35850.0000054686,-3525666.0788475834,-3001526.137698115,301.2001992121264,54.7,1:4:09:11
8975000,35900.00000547879,-3525774.535920853,-3003199.152094326,300.30111684813915,54.7,1:4:07:53
8987500,35950.000005488975,-3527470.887765372,-3005458.6502387146,299.97750140808296,54.7,1:4:06:34
9000000,36000.00000549916,-3528372.8909103293,-3003757.960659344,301.473154582951,54.7,1:4:05:16
9012500,36050.00000550935,-3529604.6917277034,-3006427.7509100316,300.64680522512674,54.7,1:4:03:58
9025000,36100.000005519534,-3526158.92695635,-2999423.346748261,302.6917989551738,54.7,1:4:02:39
9037500,36150.00000552972,-3525552.8211945836,-3000827.438021874,301.5366270249746,54.7,1:4:01:21
9050000,36200.00000553991,-3527363.774552377,-3001809.3476192416,302.0130420549918,54.7,1:4:00:02
9062500,36250.00000555009,-3528687.731359815,-3003885.1369349547,301.58099693976953,54.7,1:3:58:44
9075000,36300.00000556028,-3522425.43410768,-2998674.715294145,300.9765302338306,54.7,1:3:57:26
9087500,36350.000005570466,-3525110.8763029166,-3001797.339581648,300.72530089039634,54.7,1:3:56:08
9100000,36400.00000558065,-3524204.390043797,-3001144.576104168,300.5794975535875,54.7,1:3:54:49
9112500,36450.00000559084,-3526146.326614946,-3001564.1189711867,301.45435033805114,54.7,1:3:53:31
9125000,36500.000005601025,-3528958.453188194,-3005662.016694747,300.715474140664,54.7,1:3:52:13
9137500,36550.00000561121,-3527621.997058127,-3002812.536932975,301.58494235612346,54.7,1:3:50:54
9150000,36600.0000056214,-3528147.2077929266,-3005394.9234010098,300.4027738319962,54.7,1:3:49:36
9162500,36650.000005631584,-3529243.44573598,-3005035.9056708007,301.2390453394296,54.7,1:3:48:18
9175000,36700.00000564177,-3525699.9813501127,-3002550.5423405464,300.63100114413663,54.7,1:3:47:00
9187500,36750.00000565196,-3528060.0237181187,-3005472.115335223,300.3083141604926,54.7,1:3:45:41
9200000,36800.00000566214,-3527550.603866024,-3004967.389206119,300.3056168840808,54.7,1:3:44:23
9212500,36850.00000567233,-3529869.750013601,-3006287.605719682,300.87965786272486,54.7,1:3:43:05
9225000,36900.000005682516,-3529804.637651425,-3007565.219929106,300.10805188672055,54.7,1:3:41:46
9237500,36950.0000056927,-3529301.4250452165,-3005655.738698482,300.9161726891362,54.7,1:3:40:28
9250000,37000.00000570289,-3530144.421106225,-3007199.204084723,300.51364373887293,54.7,1:3:39:09
9262500,37050.000005713075,-3528293.4910228867,-3006848.4819053584,299.65154015915783,54.7,1:3:37:50
9275000,37100.00000572326,-3527617.4592874832,-3004560.1725190887,300.57804529929524,54.7,1:3:36:32
9287500,37150.00000573345,-3531266.156552857,-3007155.01280593,301.18365060992824,54.7,1:3:35:13
9300000,37200.000005743634,-3528130.6793818306,-3006013.5060102995,300.03780342840025,54.7,1:3:33:54
9312500,37250.00000575382,-3527903.8604988866,-3002643.5710450006,301.8440141668454,54.7,1:3:32:36
9325000,37300.000005764006,-3527562.8200904876,-3004779.8006418743,300.42043591891786,54.7,1:3:31:17
9337500,37350.00000577419,-3525664.6360497978,-3004252.4646484586,299.63266976619354,54.7,1:3:29:58
9350000,37400.00000578438,-3527785.7326696813,-3003283.651046345,301.4083054339737,54.7,1:3:28:40
9362500,37450.000005794565,-3525739.269459944,-3002136.3153179665,300.8916163682473,54.7,1:3:27:21
9375000,37500.00000580475,-3522745.0465370584,-3000412.157083898,300.1617659843115,54.7,1:3:26:02
9387500,37550.00000581494,-3525042.7763083056,-3002379.2870673016,300.35174715945254,54.7,1:3:24:43
9400000,37600.000005825124,-3527399.4868926574,-3004431.8820305066,300.52650904741705,54.7,1:3:23:25
9412500,37650.00000583531,-3527740.620107565,-3004184.6259955955,300.86463050191094,54.7,1:3:22:07
9425000,37700.0000058455,-3527722.5846287236,-3004215.280319025,300.8366506114422,54.7,1:3:20:49
9437500,37750.00000585568,-3528698.8776279483,-3003666.5370680974,301.7130219510203,54.7,1:3:19:30
9450000,37800.00000586587,-3528360.2295966316,-3005418.4290210046,300.5116804575096,54.7,1:3:18:12
9462500,37850.000005876056,-3529488.7887907606,-3005726.558924935,300.9831451299125,54.7,1:3:16:54
9475000,37900.00000588624,-3529040.0259609967,-3002768.4614888784,302.425149495479,54.7,1:3:15:36
9487500,37950.00000589643,-3531214.4589498527,-3008328.1291518225,300.4798038384029,54.7,1:3:14:17
9500000,38000.000005906615,-3526709.232403958,-3002389.5508281053,301.3034881393446,54.7,1:3:12:59
9512500,38050.0000059168,-3527801.202799935,-3004690.4236581125,300.6087850164353,54.7,1:3:11:40
9525000,38100.00000592699,-3530429.0670495126,-3005992.082595155,301.37089695061786,54.7,1:3:10:22
9537500,38150.000005937174,-3526679.7281435803,-3002692.51086203,301.1124355142474,54.7,1:3:09:04
9550000,38200.00000594736,-3527694.87901113,-3005772.2766097346,299.9259920391801,54.7,1:3:07:45
9562500,38250.00000595755,-3527638.130741339,-3005489.987387252,300.0556005168935,54.7,1:3:06:27
9575000,38300.00000596773,-3529333.800370265,-3005538.052331251,301.00240655162224,54.7,1:3:05:08
9587500,38350.00000597792,-3527432.888145296,-3002788.8977311766,301.4898541821192,54.7,1:3:03:50
9600000,38400.000005988106,-3526947.1354317144,-3002475.217598144,301.3909716290617,54.7,1:3:02:31
9612500,38450.00000599829,-3527907.237155093,-3004463.7515553334,300.79997680233504,54.7,1:3:01:13
9625000,38500.00000600848,-3526591.0812258534,-3001393.6773543437,301.80787658515726,54.7,1:2:59:55
9637500,38550.000006018665,-3527033.837185556,-3002767.4334969595,301.2728716779849,54.7,1:2:58:37
9650000,38600.00000602885,-3527538.924168788,-3005050.3752106773,300.2512166638331,54.7,1:2:57:19
9662500,38650.00000603904,-3526191.2671820372,-3001702.318205349,301.40075867884946,54.7,1:2:56:01
9675000,38700.000006049224,-3527506.293534776,-3002545.4623627914,301.6719286471528,54.7,1:2:54:42
9687500,38750.00000605941,-3530136.771497952,-3006682.028234359,300.80644608720183,54.7,1:2:53:24
9700000,38800.0000060696,-3527644.568181826,-3004572.77184966,300.58638330820304,54.7,1:2:52:05
9712500,38850.00000607978,-3529002.129909618,-3006824.20374914,300.0727153873961,54.7,1:2:50:47
9725000,38900.00000608997,-3528719.541689003,-3004004.320808351,301.53078720214916,54.7,1:2:49:28
9737500,38950.000006100156,-3530644.2506117485,-3008896.685839284,299.825405603069,54.7,1:2:48:10
9750000,39000.00000611034,-3528606.079703821,-3004294.6363683557,301.29875398449184,54.7,1:2:46:51
9762500,39050.00000612053,-3527684.338976482,-3005110.084182554,300.30046804270205,54.7,1:2:45:33
9775000,39100.000006130715,-3529278.15109431,-3003003.367617542,302.42699931604346,54.7,1:2:44:15
9787500,39150.0000061409,-3530210.464856852,-3006211.57733876,301.1191418865257,54.7,1:2:42:57
9800000,39200.00000615109,-3528625.699870024,-3003845.594605433,301.5680734072899,54.7,1:2:41:38
9812500,39250.00000616127,-3528115.2579847686,-3006771.3232603623,299.59345714553217,54.7,1:2:40:20
9825000,39300.00000617146,-3525788.0566432606,-3003744.9855277087,299.9952201171304,54.7,1:2:39:01
9837500,39350.000006181646,-3525216.8282863777,-3001866.6090246523,300.7463807349679,54.7,1:2:37:44
9850000,39400.00000619183,-3524576.6486981697,-3002621.522209687,299.9446822032771,54.7,1:2:36:25
9862500,39450.00000620202,-3526780.8326917086,-3003098.788674132,300.93706584541155,54.7,1:2:35:07
9875000,39500.000006212205,-3525843.8006043304,-3002443.6879023835,300.7750523032922,54.7,1:2:33:49
9887500,39550.00000622239,-3527107.48637883,-3006037.2477068477,299.4361760474101,54.7,1:2:32:30
9900000,39600.00000623258,-3524575.867579393,-3000036.3598161205,301.4298125925004,54.7,1:2:31:12
9912500,39650.000006242764,-3527219.6072075497,-3004837.264193178,300.190184773492,54.7,1:2:29:53
9925000,39700.00000625295,-3525020.283662582,-3000470.3282144684,301.4358164180216,54.7,1:2:28:35
9937500,39750.00000626314,-3524881.51714525,-3002377.1959045874,300.2602803017546,54.7,1:2:27:17
9950000,39800.00000627332,-3525840.3474800456,-3002175.2174649956,300.9273461111753,54.7,1:2:25:58
9962500,39850.00000628351,-3528031.1053707637,-3004030.8615841577,301.11992127446103,54.7,1:2:24:39
9975000,39900.000006293696,-3528913.9425830077,-3003010.930197756,302.2133588012975,54.7,1:2:23:21
9987500,39950.00000630388,-3527661.3005665336,-3004481.868363086,300.64823691508786,54.7,1:2:22:03
10000000,40000.00000631407,-3530554.759426363,-3006948.829959849,300.89332615655513,54.7,1:2:20:44
10012500,40050.000006324255,-3527949.3799985126,-3003238.186447379,301.52847287279144,54.7,1:2:19:26
10025000,40100.00000633444,-3528971.842396861,-3004628.670418812,301.31698704157577,54.7,1:2:18:08
10037500,40150.00000634463,-3527626.407827899,-3004365.6315982146,300.69498175360087,54.7,1:2:16:50
10050000,40200.000006354814,-3529597.4642904606,-3006932.7502984833,300.35245097003485,54.7,1:2:15:31
10062500,40250.000006365,-3527594.9969460517,-3006094.5353842117,299.68340624293097,54.7,1:2:14:12
10075000,40300.00000637519,-3529990.1112223715,-3006447.2789299097,300.85706698242603,54.7,1:2:12:54
10087500,40350.00000638537,-3527252.7380309943,-3001478.7537833946,302.13921199867156,54.7,1:2:11:35
10100000,40400.00000639556,-3528896.5225270577,-3004768.233014498,301.1935035282402,54.7,1:2:10:17
10112500,40450.000006405746,-3530709.784766052,-3007545.1776951677,300.6397175626576,54.7,1:2:08:59
10125000,40500.00000641593,-3526455.8301470634,-3002496.5034402586,301.0964080261475,54.7,1:2:07:40
10137500,40550.00000642612,-3525609.3309569005,-2999820.1357240966,302.14795308366456,54.7,1:2:06:22
10150000,40600.000006436305,-3530066.7302444335,-3005044.957880347,301.7069488731652,54.7,1:2:05:03
10162500,40650.00000644649,-3529999.814185053,-3008303.259523852,299.79609233295145,54.7,1:2:03:46
10175000,40700.00000645668,-3528426.654415274,-3005215.1344516072,300.6666763413014,54.7,1:2:02:28
10187500,40750.000006466864,-3528677.646973338,-3006398.130664675,300.1310947828,54.7,1:2:01:09
10200000,40800.00000647705,-3528370.774942821,-3004656.395950108,300.95564733517784,54.7,1:1:59:51
10212500,40850.00000648724,-3524206.2736776453,-3000286.446180138,301.0737095657268,54.7,1:1:58:32
10225000,40900.00000649742,-3526696.076857513,-3001713.6505619287,301.6843384160322,54.7,1:1:57:14
10237500,40950.00000650761,-3526600.4715365414,-3001305.1622669334,301.8641385165539,54.7,1:1:55:55
10250000,41000.000006517796,-3527574.7099984903,-3003023.3552681226,301.436620524064,54.6,1:1:54:37
10262500,41050.00000652798,-3529230.332717046,-3004350.8631188176,301.6251737248513,54.6,1:1:53:19
10275000,41100.00000653817,-3527207.6276697516,-3002828.883428189,301.33742885876165,54.6,1:1:52:01
10287500,41150.000006548355,-3526155.8007577583,-3002613.4030258437,300.85681725956937,54.6,1:1:50:42
10300000,41200.00000655854,-3525601.4409789518,-2999733.663836537,302.19311065508964,54.6,1:1:49:24
10312500,41250.00000656873,-3529814.1942223534,-3005206.9131470253,301.46875893772193,54.6,1:1:48:06
10325000,41300.00000657891,-3530944.941099737,-3007323.5234607235,300.90222652890986,54.6,1:1:46:47
10337500,41350.0000065891,-3528883.1642634086,-3004997.0489046704,301.0543366805182,54.6,1:1:45:28
10350000,41400.000006599286,-3528433.8725295085,-3004641.8697927822,301.0002542909254,54.6,1:1:44:10
10362500,41450.00000660947,-3526778.132835109,-3001849.1895202915,301.6536040964417,54.6,1:1:42:52
10375000,41500.00000661966,-3527902.9399008583,-3002688.1963785216,301.81784092077316,54.6,1:1:41:34
10387500,41550.000006629845,-3525066.7705707736,-3001406.8806555816,300.92433485597957,54.6,1:1:40:15
10400000,41600.00000664003,-3527014.8058603965,-3003411.6691220417,300.8917212983641,54.6,1:1:38:57
10412500,41650.00000665022,-3526835.0753499195,-3002121.1213483256,301.5300591824073,54.6,1:1:37:39
10425000,41700.000006660404,-3526098.5580718517,-3002552.7828813717,300.8587581366384,54.6,1:1:36:20
10437500,41750.00000667059,-3527200.014831988,-3005661.5838400517,299.7052256064466,54.6,1:1:35:02
10450000,41800.00000668078,-3529727.954090139,-3005240.5367933568,301.3998784896928,54.6,1:1:33:44
10462500,41850.00000669096,-3526900.9282772243,-3005124.6908244733,299.8418825328665,54.6,1:1:32:26
10475000,41900.00000670115,-3528836.2008505296,-3004512.936101173,301.30554723175186,54.6,1:1:31:08
10487500,41950.000006711336,-3528607.685756825,-3003971.422183142,301.4854139063528,54.6,1:1:29:49
10500000,42000.00000672152,-3529376.801265437,-3007695.748149966,299.78718427558863,54.6,1:1:28:31
10512500,42050.00000673171,-3530615.6472927555,-3005676.609824203,301.6594047631667,54.6,1:1:27:13
10525000,42100.000006741895,-3528022.53460034,-3003765.21757751,301.26764997033735,54.6,1:1:25:55
10537500,42150.00000675208,-3528051.419223571,-3003249.479913038,301.58062047434413,54.6,1:1:24:37
10550000,42200.00000676227,-3524601.9551637694,-3001125.8443971914,300.81872505251334,54.6,1:1:23:18
10562500,42250.000006772454,-3526302.321329683,-3003603.9647460273,300.37178388958546,54.6,1:1:22:00
10575000,42300.00000678264,-3528263.521569047,-3003258.5046442216,301.69732025827255,54.6,1:1:20:41
10587500,42350.00000679283,-3527926.614437163,-3002516.905213111,301.9298791448922,54.6,1:1:19:23
10600000,42400.00000680301,-3524526.138997242,-3001456.910440758,300.58490772031865,54.6,1:1:18:04
10612500,42450.0000068132,-3527184.9263086375,-3003783.2027427773,300.7759779960195,54.6,1:1:16:46
10625000,42500.000006823386,-3525607.363002658,-3001375.8497548876,301.2528216743459,54.6,1:1:15:28
10637500,42550.00000683357,-3528085.722924657,-3003648.7648564246,301.3708817876709,54.6,1:1:14:09
10650000,42600.00000684376,-3526322.2102088053,-3001748.794274922,301.4492981285969,54.6,1:1:12:51
10662500,42650.000006853945,-3525893.906014256,-3002678.211859479,300.6690750655642,54.6,1:1:11:32
10675000,42700.00000686413,-3529049.2112782784,-3005876.734456119,300.64423996300474,54.6,1:1:10:14
10687500,42750.00000687432,-3526528.819290893,-3003897.9159963517,300.33302144749007,54.6,1:1:08:56
10700000,42800.000006884504,-3527974.6956456285,-3003578.146332142,301.3476606514365,54.6,1:1:07:38
10712500,42850.00000689469,-3531327.154252153,-3007161.5888934205,301.2149243195434,54.6,1:1:06:19
10725000,42900.00000690488,-3529877.176171368,-3007108.188786164,300.41237230849185,54.6,1:1:05:00
10737500,42950.00000691506,-3528860.977327155,-3005957.2268974353,300.4898147101632,54.6,1:1:03:42
10750000,43000.00000692525,-3528759.1968329884,-3006166.430753193,300.31110566550706,54.6,1:1:02:23
10762500,43050.000006935436,-3527193.1573603787,-3004589.221796415,300.3175242773937,54.6,1:1:01:05
10775000,43100.00000694562,-3530470.2347190585,-3007832.6507479073,300.336860538862,54.6,1:0:59:47
10787500,43150.00000695581,-3528281.6541094147,-3004565.551999162,300.9566375351329,54.6,1:0:58:28
10800000,43200.000006965995,-3529498.998278685,-3006453.967825527,300.57100213333695,54.6,1:0:57:09
10812500,43250.00000697618,-3527748.7155384775,-3004677.18281799,300.58623182215194,54.6,1:0:55:51
10825000,43300.00000698637,-3528769.8212519493,-3004084.208972106,301.51377243994176,54.6,1:0:54:32
10837500,43350.00000699655,-3531181.960682502,-3007020.364505525,301.2126434051508,54.6,1:0:53:14
10850000,43400.00000700674,-3528792.0541353244,-3003457.360489793,301.8867709872791,54.6,1:0:51:56
10862500,43450.000007016926,-3524498.676459683,-3002086.1624817746,300.2075227008549,54.6,1:0:50:37
10875000,43500.00000702711,-3525965.35781643,-3001982.729422988,301.10979848183695,54.6,1:0:49:20
10887500,43550.0000070373,-3525803.6408401392,-3002083.0332443775,300.9592266397333,54.6,1:0:48:01
10900000,43600.000007047485,-3532185.0193418916,-3008057.341450935,301.1931520561729,54.6,1:0:46:42
10912500,43650.00000705767,-3529059.1848641355,-3005886.101779611,300.6445883553537,54.6,1:0:45:24
10925000,43700.00000706786,-3526856.9424868952,-3004201.460596798,300.3471456866417,54.6,1:0:44:06
10937500,43750.000007078044,-3525969.153634647,-3001875.829527138,301.17341044595446,54.6,1:0:42:47
10950000,43800.00000708823,-3526742.635560427,-3003828.575387397,300.4957392667464,54.6,1:0:41:29
10962500,43850.00000709842,-3526706.6694288123,-3002983.649729586,300.9606127696328,54.6,1:0:40:10
10975000,43900.0000071086,-3524973.3961536717,-3001159.6079880493,301.012773419899,54.6,1:0:38:52
10987500,43950.00000711879,-3526143.962993497,-3000461.1503367946,302.0868196904637,54.6,1:0:37:35
11000000,44000.000007128976,-3529436.2724995967,-3006867.4408973483,300.29735157267925,54.6,1:0:36:16
11012500,44050.00000713916,-3525344.0103638284,-3000375.0925136274,301.67657570588364,54.6,1:0:34:58
11025000,44100.00000714935,-3526473.5526883285,-3002697.126850135,300.9913029316168,54.6,1:0:33:40
11037500,44150.000007159535,-3529832.913608484,-3007520.1276849853,300.1502133689436,54.6,1:0:32:22
11050000,44200.00000716972,-3526938.118878577,-3003664.0668662577,300.7026107626887,54.6,1:0:31:03
11062500,44250.00000717991,-3529451.8994199634,-3005698.216143988,300.9782337801689,54.6,1:0:29:45
11075000,44300.000007190094,-3526905.3845417853,-3002929.862771139,301.10571461790346,54.6,1:0:28:27
11087500,44350.00000720028,-3527702.077503998,-3004447.0370497988,300.6916856553967,54.6,1:0:27:08
11100000,44400.00000721047,-3530319.1953712944,-3007790.877107074,300.2740703370268,54.6,1:0:25:49
11112500,44450.00000722065,-3526277.3459756523,-3004242.5838206373,299.99044532251446,54.6,1:0:24:31
11125000,44500.00000723084,-3526599.78542516,-3004591.423181994,299.9752744528978,54.6,1:0:23:13
11137500,44550.000007241026,-3527422.2650235407,-3003888.43506995,300.85189373374106,54.6,1:0:21:54
11150000,44600.00000725121,-3527731.418833591,-3004827.781772355,300.4897495622758,54.6,1:0:20:36
11162500,44650.0000072614,-3527196.2398922592,-3002817.002014409,301.3377125298513,54.6,1:0:19:17
11175000,44700.000007271585,-3528293.961235108,-3004378.316907612,301.0713056816836,54.6,1:0:17:59
11187500,44750.00000728177,-3526581.019404644,-3001675.0645991126,301.6403936100185,54.6,1:0:16:40
11200000,44800.00000729196,-3527003.2302576415,-3004404.993714416,300.31424930052805,54.6,1:0:15:22
11212500,44850.000007302144,-3527567.7249058615,-3004670.1275744033,300.48627879489214,54.6,1:0:14:03
11225000,44900.00000731233,-3526808.1221447065,-3002190.297821844,301.47481767892504,54.6,1:0:12:44
11237500,44950.00000732252,-3528451.5872581545,-3002431.9085435225,302.2804018157521,54.6,1:0:11:26
11250000,45000.0000073327,-3528198.318023097,-3003825.92735873,301.3337777370535,54.6,1:0:10:07
11262500,45050.00000734289,-3526775.0480860956,-3002936.592803045,301.0269485286818,54.6,1:0:08:48
11275000,45100.000007353075,-3525469.0357074514,-3001940.8127758177,300.8486716245332,54.6,1:0:07:29
11287500,45150.00000736326,-3528540.9748313203,-3004280.3667691527,301.2695411860725,54.6,1:0:06:11
11300000,45200.00000737345,-3526028.640030304,-3003412.7643948877,300.32438571194166,54.6,1:0:04:52
11312500,45250.000007383635,-3526051.1807123534,-3002179.498885177,301.0460423639808,54.6,1:0:03:34
11325000,45300.00000739382,-3527137.124372972,-3003930.318898721,300.66396713133696,54.6,1:0:02:15
11337500,45350.00000740401,-3527284.782021001,-3004293.2488320055,300.54025960570635,54.6,1:0:00:56
11350000,45400.00000741419,-3528405.0321283527,-3004853.658631689,300.861975237274,54.6,23:59:38
11362500,45450.00000742438,-3526505.2281885035,-3001613.7619189997,301.63206768483076,54.6,23:58:19
11375000,45500.000007434566,-3529562.221555978,-3003937.629905103,302.05336263600793,54.6,23:57:01
11387500,45550.00000744475,-3527380.801442284,-3003549.6462946697,301.02275346153465,54.6,23:55:42
11400000,45600.00000745494,-3527686.3850930985,-3001844.9177947035,302.1779915434977,54.6,23:54:24
11412500,45650.000007465125,-3529171.888623031,-3006802.8570827115,300.18253525411444,54.6,23:53:05
11425000,45700.00000747531,-3528383.3388340864,-3001747.014733969,302.63476083014837,54.6,23:51:46
11437500,45750.0000074855,-3526003.0926983934,-3003663.18083682,300.1658014539387,54.6,23:50:27
11450000,45800.000007495684,-3525961.087414792,-3001890.4321406325,301.1603836632484,54.6,23:49:09
11462500,45850.00000750587,-3527661.6083427817,-3002874.498974574,301.5720983579548,54.6,23:47:50
11475000,45900.00000751606,-3527145.375551911,-3003275.349359052,301.0450909436692,54.6,23:46:32
11487500,45950.00000752624,-3529408.482746532,-3004876.304391031,301.42560070382785,54.6,23:45:13
11500000,46000.00000753643,-3529625.7749439776,-3005233.3576875925,301.3452861397376,54.6,23:43:55
11512500,46050.000007546616,-3531312.2458504885,-3007661.8128526406,300.91890038101525,54.6,23:42:36
11525000,46100.0000075568,-3524785.7440752834,-3001517.8127946025,300.699093447094,54.6,23:41:18
11537500,46150.00000756699,-3526273.0215044394,-3002180.433113828,301.17298766177294,54.6,23:39:59
11550000,46200.000007577175,-3525526.150679596,-3002314.6104461807,300.6666879894351,54.6,23:38:40
11562500,46250.00000758736,-3529269.1027470734,-3004618.1978622396,301.49382762469264,54.6,23:37:22
11575000,46300.00000759755,-3526871.517063072,-3004243.4840531386,300.3313720210148,54.6,23:36:03
11587500,46350.000007607734,-3529938.646674389,-3004449.0754561946,301.97577232466494,54.6,23:34:45
11600000,46400.00000761792,-3530550.256441923,-3007394.8893863363,300.63440773177103,54.6,23:33:26
11612500,46450.00000762811,-3527070.149116352,-3002573.9849721403,301.40490491867,54.6,23:32:07
11625000,46500.00000763829,-3530854.5761610735,-3007519.527982174,300.73766258011926,54.6,23:30:49
11637500,46550.00000764848,-3524901.5164463148,-3000910.5765506136,301.11457473706906,54.6,23:29:30
11650000,46600.000007658666,-3526405.232278675,-3001740.8290336085,301.5015845393482,54.6,23:28:12
11662500,46650.00000766885,-3530447.581830241,-3008143.1324469345,300.1454227255115,54.6,23:26:53
11675000,46700.00000767904,-3527443.6271529216,-3003377.833151175,301.157590103544,54.6,23:25:34
11687500,46750.000007689225,-3528763.052462632,-3005304.166796629,300.808826543895,54.6,23:24:16
11700000,46800.00000769941,-3525550.024019515,-3001623.8974879533,301.0773293438872,54.6,23:22:57
11712500,46850.0000077096,-3526353.9963942897,-3000782.077231193,302.02309407113347,54.6,23:21:39
11725000,46900.000007719784,-3527179.426962819,-3001729.175257376,301.9531771279551,54.6,23:20:20
11737500,46950.00000772997,-3527966.4217647575,-3003107.5494802734,301.61333735346267,54.6,23:19:01
11750000,47000.00000774016,-3526670.9023550693,-3004722.109474976,299.94104255676507,54.6,23:17:43
11762500,47050.00000775034,-3530607.1951727085,-3005841.5814110525,301.559745777151,54.6,23:16:24
11775000,47100.00000776053,-3524709.735608423,-3000424.580441256,301.2836473289849,54.6,23:15:05
11787500,47150.000007770715,-3527583.9004059024,-3003572.8263267465,301.126144967825,54.6,23:13:46
11800000,47200.0000077809,-3530431.530331826,-3006220.93089156,301.2408034278966,54.6,23:12:28
11812500,47250.00000779109,-3525532.543926511,-3003001.8113871934,300.27545771486854,54.6,23:11:09
11825000,47300.000007801274,-3528363.3815895002,-3005742.223157748,300.32742150292745,54.6,23:09:50
11837500,47350.00000781146,-3524454.350754449,-3000386.3698685234,301.15884680981395,54.6,23:08:32
11850000,47400.00000782165,-3528750.61907614,-3002861.6547412653,302.2052860038633,54.6,23:07:13
11862500,47450.00000783183,-3527838.135669401,-3004785.7110086475,300.5752512596214,54.6,23:05:55
11875000,47500.00000784202,-3527502.318653362,-3004458.5210158355,300.5702936883497,54.6,23:04:36
11887500,47550.000007852206,-3526235.385880815,-3003047.804149636,300.652920090674,54.6,23:03:18
11900000,47600.00000786239,-3525242.966227852,-3000910.7062014653,301.31071642230694,54.6,23:01:59
11912500,47650.00000787258,-3525576.284844646,-3004254.8917079642,299.5805034852975,54.6,23:00:40
11925000,47700.000007882765,-3528429.673917696,-3004796.746549353,300.90884066474416,54.6,22:59:21
11937500,47750.00000789295,-3530501.0449575186,-3005431.101814125,301.7346305039367,54.6,22:58:02
11950000,47800.00000790314,-3525926.5924303774,-3003991.2807638035,299.9332954955723,54.6,22:56:43
11962500,47850.000007913324,-3526274.408601649,-3001882.1473317826,301.3451965011377,54.6,22:55:24
11975000,47900.00000792351,-3533493.82763201,-3010864.4138984648,300.3321654622206,54.6,22:54:05
11987500,47950.0000079337,-3528617.4713452086,-3003219.411682055,301.923184653998,54.6,22:52:47
12000000,48000.00000794388,-3529700.2564745266,-3005673.4431247404,301.1351896352453,54.6,22:51:28
12012500,48050.00000795407,-3530293.7106218357,-3007656.187330589,300.33682566878633,54.6,22:50:09
12025000,48100.000007964256,-3529755.625513427,-3004878.9488655264,301.6235687389894,54.6,22:48:50
12037500,48150.00000797444,-3529009.257562371,-3005057.085822297,301.0922963810783,54.6,22:47:31
12050000,48200.00000798463,-3525948.000558544,-3003161.722413594,300.4223085485513,54.6,22:46:12
12062500,48250.000007994815,-3527698.194343118,-3003301.5075846217,301.3477396350457,54.6,22:44:53
12075000,48300.000008005,-3527312.965699043,-3003962.1795706,300.74670648836883,54.6,22:43:34
12087500,48350.00000801519,-3527007.0536227096,-3004354.88929065,300.34523923177477,54.6,22:42:15
12100000,48400.000008025374,-3527235.6864891965,-3003365.416768766,301.04523088826653,54.6,22:40:56
12112500,48450.00000803556,-3528079.960856788,-3005885.5956868245,300.08216216399745,54.6,22:39:37
12125000,48500.00000804575,-3526444.3955486417,-3003413.7862602556,300.56271492345047,54.6,22:38:19
12137500,48550.00000805593,-3528050.1485286187,-3005314.6010468025,300.39315586499777,54.6,22:37:00
12150000,48600.00000806612,-3527800.1546062883,-3004604.456831388,300.6575840244706,54.6,22:35:40
12162500,48650.000008076306,-3530714.1499115843,-3005066.769662139,302.06645824252485,54.6,22:34:21
12175000,48700.00000808649,-3526863.379641244,-3005174.3422137257,299.79177250897885,54.6,22:33:02
12187500,48750.00000809668,-3526250.492272109,-3001995.364401565,301.26639196068606,54.6,22:31:44
12200000,48800.000008106865,-3526592.205267491,-3000353.9834933607,302.40598891165797,54.6,22:30:25
12212500,48850.00000811705,-3528528.6667207405,-3004980.889550094,300.8599085866948,54.6,22:29:06
12225000,48900.00000812724,-3529469.7620078996,-3005776.3507015784,300.9435981268989,54.6,22:27:47
12237500,48950.000008137424,-3527194.3082008846,-3003127.7486306005,301.1580300421518,54.6,22:26:28
12250000,49000.00000814761,-3525826.1329009645,-3001769.1641207417,301.15251863641777,54.6,22:25:11
12262500,49050.0000081578,-3527958.5375342164,-3004599.671449152,300.7513496844945,54.6,22:23:52
12275000,49100.00000816798,-3525852.9523310363,-3003330.1060525146,300.27092582722486,54.6,22:22:33
12287500,49150.00000817817,-3528155.160121193,-3005780.2768760803,300.18589797179953,54.6,22:21:14
12300000,49200.000008188355,-3526912.556756217,-3002786.3451253353,301.19230946091943,54.6,22:19:56
12312500,49250.00000819854,-3526150.193687182,-3004108.7246026164,299.9942995002983,54.6,22:18:37
12325000,49300.00000820873,-3530048.9083372112,-3008361.1981397304,299.7910098081804,54.6,22:17:18
12337500,49350.000008218914,-3528397.12287673,-3005062.0125916502,300.7376982698125,54.6,22:15:59
12350000,49400.0000082291,-3529537.124708807,-3007476.16135257,300.005502001863,54.6,22:14:40
12362500,49450.00000823929,-3526602.292923834,-3002855.9516383056,300.9740146607858,54.6,22:13:21
12375000,49500.00000824947,-3526322.108350035,-3000185.19942924,302.34776886542295,54.6,22:12:03
12387500,49550.00000825966,-3528213.834540341,-3003840.6173713203,301.3342526929707,54.6,22:10:44
12400000,49600.000008269846,-3524802.794922475,-3001511.052345749,300.71277675292373,54.6,22:09:25
12412500,49650.00000828003,-3526828.2960188612,-3003990.194225017,300.4520893230075,54.6,22:08:06
12425000,49700.00000829022,-3528765.386370346,-3005022.3088405957,300.9721391237138,54.6,22:06:48
12437500,49750.000008300405,-3527867.5874374993,-3003654.83419455,301.2420411236843,54.6,22:05:29
12450000,49800.00000831059,-3526529.6501170453,-3000916.644848367,302.0467044511379,54.6,22:04:10
12462500,49850.00000832078,-3528022.861595925,-3005426.85586107,300.3129673529546,54.6,22:02:51
12475000,49900.000008330964,-3528661.3813257553,-3003016.4634100804,302.06504324747505,54.6,22:01:32
12487500,49950.00000834115,-3527174.4636442624,-3003033.9545918144,301.2005255610213,54.6,22:00:13
12500000,50000.00000835134,-3529647.5427650698,-3005758.1050287145,301.05624590498564,54.6,21:58:54
12512500,50050.00000836152,-3528576.2469229624,-3004277.0025143414,301.29174379712157,54.6,21:57:36
12525000,50100.00000837171,-3526042.6580251753,-3001865.368090988,301.22166191800807,54.6,21:56:17
12537500,50150.000008381896,-3526890.5880303644,-3004947.5149119906,299.9377556609684,54.6,21:54:58
12550000,50200.00000839208,-3526939.1409140956,-3000951.6068973322,302.26192966997274,54.6,21:53:39
12562500,50250.00000840227,-3527077.863587871,-3001866.674944561,301.81579808795925,54.6,21:52:20
12575000,50300.000008412455,-3525279.8151257727,-3002210.77229744,300.5848009905091,54.6,21:51:02
12587500,50350.00000842264,-3529566.503288362,-3005291.4528187457,301.2778406031924,54.6,21:49:43
12600000,50400.00000843283,-3525497.5356158037,-3000995.2967234286,301.4083958095815,54.6,21:48:24
12612500,50450.000008443014,-3524373.4653128535,-3000792.4851494897,300.87898888803363,54.6,21:47:05
12625000,50500.0000084532,-3531320.052137172,-3007614.09002809,300.95081052190056,54.6,21:45:46
12637500,50550.00000846339,-3530158.583802214,-3006121.8251288314,301.14090477582744,54.6,21:44:27
12650000,50600.00000847357,-3526234.735771207,-3004559.5410410394,299.78381771890804,54.6,21:43:08
12662500,50650.00000848376,-3528302.53229478,-3005949.7771879737,300.1731819027827,54.6,21:41:49
12675000,50700.000008493946,-3528188.855514489,-3006264.0363619006,299.92726590871087,54.6,21:40:31
12687500,50750.00000850413,-3527288.8244556487,-3004463.788923728,300.4445807162684,54.6,21:39:12
12700000,50800.00000851432,-3527659.428188041,-3003988.538965308,300.930655674834,54.6,21:37:53
12712500,50850.000008524505,-3528553.6285523884,-3006047.9542022343,300.2610578743385,54.6,21:36:34
12725000,50900.00000853469,-3530663.7236300632,-3007308.959500648,300.74899247077775,54.6,21:35:15
12737500,50950.00000854488,-3528656.4052252527,-3005954.316766428,300.3739284343075,54.6,21:33:56
12750000,51000.000008555064,-3527640.4352675155,-3005003.9810723434,300.33621130623675,54.6,21:32:37
12762500,51050.00000856525,-3528850.8336705286,-3005417.3930280292,300.7942044066632,54.6,21:31:19
12775000,51100.00000857544,-3525489.5332865417,-3001561.3275771397,301.0785241560557,54.6,21:30:00
12787500,51150.00000858562,-3525374.8800222743,-3003165.9373436444,300.09053921785215,54.6,21:28:41
12800000,51200.00000859581,-3527817.320832044,-3005060.066147276,300.40563004095736,54.6,21:27:22
12812500,51250.000008605995,-3528235.3277436327,-3005010.2995202844,300.6744389447354,54.6,21:26:03
12825000,51300.00000861618,-3531018.1022852026,-3006943.338113222,301.16274486632653,54.6,21:24:44
12837500,51350.00000862637,-3525959.1460327264,-3002450.647537714,300.83733685728276,54.6,21:23:26
12850000,51400.000008636554,-3529167.204789553,-3007172.260241977,299.96756389266864,54.6,21:22:07
12862500,51450.00000864674,-3529445.9463104513,-3004691.4167950735,301.55337614773526,54.6,21:20:48
12875000,51500.00000865693,-3528899.408204023,-3003512.4174929126,301.916823813507,54.6,21:19:29
12887500,51550.00000866711,-3529320.13418431,-3006685.7655798676,300.3350128088624,54.6,21:18:10
12900000,51600.0000086773,-3526129.991645852,-3003744.2623509415,300.1921307201615,54.6,21:16:52
12912500,51650.000008687486,-3525073.544576708,-2998897.524786895,302.3702441637445,54.6,21:15:33
12925000,51700.00000869767,-3530136.9836617205,-3007091.656863818,300.5711724296435,54.6,21:14:14
12937500,51750.00000870786,-3526094.105320303,-3002194.0743083516,301.06233339511834,54.6,21:12:54
12950000,51800.000008718045,-3530098.0720449463,-3006311.764415948,300.9969815626946,54.6,21:11:35
12962500,51850.00000872823,-3528075.0382954013,-3004565.1100737494,300.8381584583759,54.6,21:10:16
12975000,51900.00000873842,-3530004.537471678,-3006024.844197864,301.10811179752386,54.6,21:08:57
12987500,51950.000008748604,-3525314.228118371,-3000765.0395051315,301.43537575170586,54.6,21:07:38
13000000,52000.00000875879,-3526688.441273827,-3002639.905435877,301.1476725949448,54.6,21:06:19
13012500,52050.00000876898,-3527120.705313271,-3003870.3290166734,300.6890053689151,54.6,21:05:00
13025000,52100.00000877916,-3526850.0421776082,-3004795.6845378103,300.0017059868083,54.6,21:03:41
13037500,52150.00000878935,-3526406.820761975,-3004219.845120106,300.07791572681657,54.6,21:02:23
13050000,52200.000008799536,-3529616.523259921,-3006432.217465548,300.65103755370063,54.6,21:01:04
13062500,52250.00000880972,-3527428.8991212957,-3004289.7708076914,300.62507604010625,54.6,20:59:45
13075000,52300.00000881991,-3528230.1120577473,-3004009.714898614,301.2464337465253,54.6,20:58:26
13087500,52350.000008830095,-3526991.0538440403,-3003372.2945595477,300.90069888934596,54.6,20:57:07
13100000,52400.00000884028,-3526863.8320445083,-3003595.0423037726,300.69958676637634,54.6,20:55:48
13112500,52450.00000885047,-3527237.138158791,-3004403.2734449254,300.4496544592744,54.6,20:54:29
13125000,52500.000008860654,-3525662.6148577854,-3000463.576108226,301.80881607775365,54.6,20:53:10
13137500,52550.00000887084,-3527022.578751659,-3004491.586958944,300.2756066964073,54.6,20:51:51
13150000,52600.00000888103,-3527823.023465324,-3004564.574354725,300.6936444604909,54.6,20:50:32
13162500,52650.00000889121,-3525882.573364906,-3000421.8292184803,301.95920667286504,54.6,20:49:13
13175000,52700.0000089014,-3523351.867702825,-2999920.684431021,300.79290719488864,54.6,20:47:55
13187500,52750.000008911586,-3526284.7535783015,-3002901.853314871,300.76516107100286,54.6,20:46:35
13200000,52800.00000892177,-3526359.6392682903,-3003850.757961852,300.2629007712364,54.6,20:45:16
13212500,52850.00000893196,-3527843.3706218507,-3004871.8681190386,300.5287488502856,54.6,20:43:58
13225000,52900.000008942145,-3526969.350836521,-3001559.1447822833,301.9301646513747,54.6,20:42:38
13237500,52950.00000895233,-3528395.559293637,-3005557.6460502306,300.4519809713536,54.6,20:41:19
13250000,53000.00000896252,-3524588.416269269,-3001238.2004825324,300.7463787380445,54.6,20:40:00
13262500,53050.000008972704,-3526838.9320951793,-3003585.4103887063,300.6908128977956,54.6,20:38:41
13275000,53100.00000898289,-3527867.8591305446,-3004283.021212393,300.88120577024284,54.6,20:37:22
13287500,53150.000008993076,-3526826.9747047294,-3002614.2058104244,301.2420501178308,54.6,20:36:04
13300000,53200.00000900326,-3529181.691082146,-3004694.6023212895,301.3996896945286,54.6,20:34:45
13312500,53250.00000901345,-3528367.4388129544,-3005698.838896185,300.3546840403078,54.6,20:33:26
13325000,53300.000009023635,-3526101.2529494874,-3005354.6136784917,299.25021768707546,54.6,20:32:07
13337500,53350.00000903382,-3527348.8253126126,-3003205.8696009885,301.2019315485705,54.6,20:30:48
13350000,53400.00000904401,-3525610.4144634884,-3001846.812856791,300.98393340913213,54.6,20:29:29
13362500,53450.000009054194,-3529052.4666967466,-3004672.9547694335,301.3378700140388,54.6,20:28:11
13375000,53500.00000906438,-3530198.85179626,-3006620.0438115904,300.87774063236014,54.6,20:26:52
13387500,53550.00000907457,-3527985.2366091274,-3004419.5002823225,300.87022892481065,54.6,20:25:33
13400000,53600.00000908475,-3530729.241721118,-3007041.0579998004,300.94059406344,54.6,20:24:14
13412500,53650.00000909494,-3529243.8723111358,-3006133.2857957776,300.60867432246823,54.6,20:22:55
13425000,53700.000009105126,-3524986.2461321335,-3003248.067533822,299.82001178110926,54.6,20:21:36
13437500,53750.00000911531,-3526634.6615472473,-3004556.074034208,300.0156298305649,54.6,20:20:17
13450000,53800.0000091255,-3526421.250677312,-3002354.2232310837,301.15829890990346,54.6,20:18:58
13462500,53850.000009135685,-3526585.298059806,-3002267.76539779,301.30225325296254,54.6,20:17:39
13475000,53900.00000914587,-3529074.4025573973,-3006369.2008069176,300.37571750625773,54.6,20:16:20
13487500,53950.00000915606,-3527335.561843697,-3004815.8403298417,300.269130162239,54.6,20:15:01
13500000,54000.000009166244,-3526300.3524608966,-3003128.747956047,300.6437386805671,54.6,20:13:42
13512500,54050.00000917643,-3527588.701254785,-3002562.677578931,301.709391915282,54.6,20:12:23
13525000,54100.00000918662,-3527656.859820174,-3003981.1378663788,300.93343283307837,54.6,20:11:04
13537500,54150.0000091968,-3527793.908644432,-3004587.4465876333,300.6637697844132,54.6,20:09:45
13550000,54200.00000920699,-3527374.9804686755,-3003786.434092555,300.8833368581284,54.6,20:08:26
13562500,54250.000009217176,-3528994.7383762933,-3005595.328153985,300.7746486191032,54.6,20:07:08
13575000,54300.00000922736,-3528952.3667431306,-3005454.3300055414,300.83132494486665,54.6,20:05:49
13587500,54350.00000923755,-3527744.713344032,-3004155.102256852,300.88394870080253,54.6,20:04:30
13600000,54400.000009247735,-3529366.547600448,-3005238.353134395,301.1934489091882,54.6,20:03:10
13612500,54450.00000925792,-3524958.958643969,-3000195.0772536094,301.5587502594684,54.6,20:01:52
13625000,54500.00000926811,-3526039.7756649535,-3001211.447803734,301.5957848151997,54.6,20:00:33
13637500,54550.000009278294,-3526681.438301271,-3003415.782524815,300.69778581477686,54.6,19:59:14
13650000,54600.00000928848,-3528562.8891237415,-3007102.220754575,299.66053884317864,54.6,19:57:55
13662500,54650.00000929867,-3527665.471620161,-3005243.7046200065,300.2128400062635,54.6,19:56:36
13675000,54700.00000930885,-3527299.535191944,-3004012.5413975026,300.710047836354,54.6,19:55:17
13687500,54750.00000931904,-3527677.077588927,-3003651.913438432,301.1342419128603,54.6,19:53:58
13700000,54800.000009329226,-3527167.438026497,-3004987.1731213797,300.07405936120165,54.6,19:52:39
13712500,54850.00000933941,-3528821.4741316047,-3003855.6239015916,301.6748128793192,54.6,19:51:19
13725000,54900.0000093496,-3529371.788086245,-3005216.20200128,301.20918966928906,54.6,19:50:01
13737500,54950.000009359785,-3524594.208550947,-3000299.3563926956,301.2892197637814,54.6,19:48:42
13750000,55000.00000936997,-3526462.810823817,-3001601.0523265386,301.6149959331668,54.6,19:47:23
13762500,55050.00000938016,-3525818.9251909796,-3004454.4946443024,299.60523519422946,54.6,19:46:04
13775000,55100.00000939034,-3526793.53471658,-3003918.7965547233,300.47314263430354,54.6,19:44:44
13787500,55150.00000940053,-3527383.8439002503,-3005240.8211874105,300.0526579093136,54.6,19:43:25
13800000,55200.000009410716,-3529293.9108237233,-3005257.8649232327,301.14049517655786,54.6,19:42:06
13812500,55250.0000094209,-3528501.7544850074,-3004521.400008685,301.1084917615595,54.6,19:40:47
13825000,55300.00000943109,-3527308.3013293203,-3004704.4009004026,300.3175040868261,54.6,19:39:28
13837500,55350.000009441275,-3525072.617176067,-3000634.9238903318,301.3713042848724,54.6,19:38:09
13850000,55400.00000945146,-3526405.7606954444,-3001423.408655521,301.684295744566,54.6,19:36:50
13862500,55450.00000946165,-3523991.821202202,-3001330.838918876,300.3503065210031,54.6,19:35:31
13875000,55500.000009471834,-3529117.363573294,-3004837.190398545,301.2807843967965,54.6,19:34:12
13887500,55550.00000948202,-3526517.4589291587,-3002781.004990213,300.96833283704643,54.6,19:32:53
13900000,55600.00000949221,-3524996.8390540406,-3001598.1687816493,300.77422340239116,54.6,19:31:34
13912500,55650.00000950239,-3528563.8181673847,-3004773.547059171,300.99925920008815,54.6,19:30:15
13925000,55700.00000951258,-3527244.460757844,-3002160.9455097,301.7424297963275,54.6,19:28:55
13937500,55750.000009522766,-3530885.596176138,-3004638.9979823674,302.4108024720573,54.6,19:27:36
13950000,55800.00000953295,-3528013.1837377604,-3003876.5989125343,301.1982704800245,54.6,19:26:17
13962500,55850.00000954314,-3526917.5160633437,-3002444.1984903645,301.3917759978105,54.6,19:24:58
13975000,55900.000009553325,-3528626.1339802183,-3004352.5054170517,301.27702349601856,54.6,19:23:39
13987500,55950.00000956351,-3525736.395201752,-3000997.448509176,301.5444213840096,54.6,19:22:20
14000000,56000.0000095737,-3527328.3114276547,-3005575.499648264,299.82842082745356,54.6,19:21:01
14012500,56050.000009583884,-3526002.2188438885,-3001840.622357741,301.21264358281786,54.6,19:19:42
14025000,56100.00000959407,-3526458.315665325,-3005062.9558613542,299.6230088797035,54.6,19:18:22
14037500,56150.00000960426,-3527948.4193525575,-3005305.9794967677,300.33965100244944,54.6,19:17:03
14050000,56200.00000961444,-3527002.1732922606,-3003203.4964497755,301.0040896063179,54.6,19:15:44
14062500,56250.00000962463,-3527589.252751168,-3000832.155173343,302.70416404232327,54.6,19:14:25
14075000,56300.000009634816,-3530450.215951856,-3005199.995979191,301.8382276783306,54.6,19:13:06
14087500,56350.000009645,-3528049.014397487,-3003604.1873842306,301.375403724701,54.6,19:11:47
14100000,56400.00000965519,-3525890.699651394,-3001836.38351447,301.15099427884223,54.6,19:10:28
14112500,56450.000009665375,-3525468.216667887,-3001927.5213370947,300.8558389644289,54.6,19:09:09
14125000,56500.00000967556,-3527984.7684224043,-3004438.5632789154,300.8590052117452,54.6,19:07:50
14137500,56550.00000968575,-3525704.6166766174,-3000525.4676487707,301.797386328422,54.6,19:06:31
14150000,56600.000009695934,-3526808.241532674,-3001796.7601157804,301.7010351178851,54.6,19:05:12
14162500,56650.00000970612,-3528370.268831007,-3003348.8961824626,301.70671917420265,54.6,19:03:52
14175000,56700.00000971631,-3524746.6188558955,-2999525.8819274222,301.82128506799546,54.6,19:02:33
14187500,56750.00000972649,-3530156.611041963,-3007753.4587431476,300.20214295513006,54.6,19:01:14
14200000,56800.00000973668,-3526593.5282329153,-3001629.4945416553,301.6737689942966,54.6,18:59:55
14212500,56850.000009746866,-3531181.6409458052,-3009300.1488394313,299.90236775856715,54.6,18:58:36
14225000,56900.00000975705,-3529682.2918728627,-3009356.076805851,299.008618365879,54.6,18:57:16
14237500,56950.00000976724,-3527523.445494037,-3004858.924844027,300.35233986489965,54.6,18:55:58
14250000,57000.000009777425,-3524988.631429173,-3002487.3365399675,300.2585411905169,54.6,18:54:39
14262500,57050.00000978761,-3525762.056877099,-3001099.442271919,301.5005566865788,54.6,18:53:20
14275000,57100.0000097978,-3528934.4616624787,-3004367.0004098685,301.4458762348528,54.6,18:52:01
14287500,57150.00000980798,-3527328.5207467694,-3002420.435826217,301.64161769354723,54.6,18:50:43
14300000,57200.00000981817,-3526622.873904422,-3004125.740912364,300.25614953105423,54.6,18:49:25
14312500,57250.000009828356,-3527134.538459001,-3002929.920087149,301.23736637062194,54.6,18:48:07
14325000,57300.00000983854,-3525643.7454936206,-3001722.3885290734,301.07458848324654,54.6,18:46:49
14337500,57350.00000984873,-3526980.2753909975,-3003227.5097779916,300.97770643957256,54.6,18:45:31
14350000,57400.000009858915,-3525598.7431433387,-3001764.803979527,301.024353313344,54.6,18:44:13
14362500,57450.0000098691,-3525024.7572923116,-3002295.647463654,300.38945642852735,54.6,18:42:54
14375000,57500.00000987929,-3527645.3276010714,-3005782.969964751,299.89137201918646,54.6,18:41:36
14387500,57550.000009889474,-3531193.8444416653,-3005558.716920987,302.05941713755317,54.6,18:40:18
14400000,57600.00000989966,-3526047.7111991197,-3004187.5917794476,299.89008581440135,54.6,18:39:00
14412500,57650.00000990985,-3526501.027605379,-3002589.5101572475,301.0689341454029,54.6,18:37:42
14425000,57700.00000992003,-3526721.623193614,-3000826.6007503974,302.20876733260036,54.6,18:36:24
14437500,57750.00000993022,-3527985.5196003895,-3004625.5154412393,300.7520036856769,54.6,18:35:06
14450000,57800.000009940406,-3529398.835529765,-3006204.79406,300.65663221866924,54.6,18:33:48
14462500,57850.00000995059,-3525471.530661436,-3001877.240934329,300.88663730964043,54.6,18:32:31
14475000,57900.00000996078,-3528051.35454881,-3003284.1010980178,301.56068803446783,54.6,18:31:13
14487500,57950.000009970965,-3526081.7148498558,-3002150.662851647,301.0801597931981,54.6,18:29:55
14500000,58000.00000998115,-3525229.0741902534,-3002886.2500335807,300.1674750219979,54.6,18:28:37
14512500,58050.00000999134,-3526280.830640599,-3002557.648967429,300.96070584894295,54.6,18:27:19
14525000,58100.000010001524,-3523004.193180818,-2997004.08037343,302.26915814837037,54.6,18:26:01
14537500,58150.00001001171,-3524910.962471707,-3000589.021983508,301.304786237038,54.6,18:24:43
14550000,58200.0000100219,-3530841.2559890077,-3007001.7964921948,301.027525606217,54.5,18:23:25
14562500,58250.00001003208,-3528493.5329668596,-3004034.4307811754,301.3836070392007,54.5,18:22:08
14575000,58300.00001004227,-3526916.1064749323,-3003378.5633412465,300.85402753522516,54.5,18:20:50
14587500,58350.000010052456,-3528896.4683633465,-3006858.735205246,299.9921526274743,54.5,18:19:32
14600000,58400.00001006264,-3526375.06136957,-3003377.304346177,300.54383616992766,54.5,18:18:14
14612500,58450.00001007283,-3526045.782794051,-3004579.4941079216,299.6637685924419,54.5,18:16:56
14625000,58500.000010083015,-3528722.9372814074,-3005444.5815136833,300.70508394186,54.5,18:15:38
14637500,58550.0000100932,-3528296.6811715085,-3004546.3557396275,300.9763041746749,54.5,18:14:20
14650000,58600.00001010339,-3526061.205558678,-3002161.283591752,301.0622707317326,54.5,18:13:02
14662500,58650.000010113574,-3524851.995370658,-3002640.6555032833,300.0919167769176,54.5,18:11:44
14675000,58700.00001012376,-3529013.284959823,-3001084.520681808,303.3774694247248,54.5,18:10:25
14687500,58750.00001013395,-3530169.085158162,-3006403.4799570725,300.9850847868134,54.5,18:09:07
14700000,58800.00001014413,-3525893.2096211594,-3001155.762891981,301.543559420937,54.5,18:07:49
14712500,58850.00001015432,-3525789.36462084,-3002066.4591326797,300.96054713755063,54.5,18:06:30
14725000,58900.000010164506,-3528963.7738994546,-3005532.1243306445,300.7931751552942,54.5,18:05:12
14737500,58950.00001017469,-3528070.108709531,-3006049.2842280925,299.9824359537787,54.5,18:03:54
14750000,59000.00001018488,-3529315.7815853395,-3006922.569994594,300.1964304668879,54.5,18:02:35
14762500,59050.000010195065,-3528369.006185947,-3004754.586319038,300.89820521668696,54.5,18:01:17
14775000,59100.00001020525,-3526259.134948684,-3005254.7396219717,299.39833876931846,54.5,17:59:59
14787500,59150.00001021544,-3529200.5897809416,-3004963.3293608953,301.25612432178497,54.5,17:58:41
14800000,59200.00001022562,-3527688.1081530415,-3004229.870983377,300.8084538815373,54.5,17:57:22
14812500,59250.00001023581,-3527065.049932709,-3003659.7686701915,300.7780224480022,54.5,17:56:04
14825000,59300.000010245996,-3526562.7470149137,-3003102.8293670793,300.8094195785197,54.5,17:54:46
14837500,59350.00001025618,-3528129.383688394,-3003302.3119611377,301.5950629701919,54.5,17:53:28
14850000,59400.00001026637,-3524804.0221958254,-2999589.138799754,301.8179213000642,54.5,17:52:09
14862500,59450.000010276555,-3528738.933339728,-3006010.4039155915,300.3891228955457,54.5,17:50:51
14875000,59500.00001028674,-3529214.424355468,-3007411.277585329,299.85734613546856,54.5,17:49:32
14887500,59550.00001029693,-3524077.2002447955,-2999132.585507204,301.66260977467954,54.5,17:48:13
14900000,59600.000010307114,-3527152.1447293367,-3004100.165923695,300.5749950462746,54.5,17:46:55
14912500,59650.0000103173,-3528147.805720715,-3003367.261813624,301.5683254758656,54.5,17:45:36
14925000,59700.00001032749,-3528236.919680005,-3003241.6782949837,301.6917026849771,54.5,17:44:17
14937500,59750.00001033767,-3527829.966210667,-3001998.405378774,302.1722987323809,54.5,17:42:58
14950000,59800.00001034786,-3528289.2517035827,-3004586.265131448,300.9491006115296,54.5,17:41:39
14962500,59850.000010358046,-3527288.7401032485,-3002623.1876319204,301.5022449491964,54.5,17:40:20
14975000,59900.00001036823,-3527299.5503634326,-3004038.90310177,300.69490764134423,54.5,17:39:00
14987500,59950.00001037842,-3526396.4267418142,-3000850.6112331306,302.0080934476511,54.5,17:37:41
15000000,60000.000010388605,-3529144.1834239084,-3004470.4368922994,301.5069537156826,54.5,17:36:22
15012500,60050.00001039879,-3529285.8595543113,-3003641.6930447686,302.0646114473794,54.5,17:35:03
15025000,60100.00001040898,-3526790.4266932905,-3002737.3308238303,301.150293044736,54.5,17:33:44
15037500,60150.000010419164,-3532160.3628685344,-3007983.951146078,301.2211572483055,54.5,17:32:25
15050000,60200.00001042935,-3528287.1256273035,-3003451.4776218305,301.59999138053536,54.5,17:31:06
15062500,60250.00001043954,-3526307.2071786486,-3003641.155649108,300.35321959411584,54.5,17:29:47
15075000,60300.00001044972,-3523474.9820404314,-3000022.687298184,300.8050390295458,54.5,17:28:27
15087500,60350.00001045991,-3526138.2080689315,-3002356.8306368277,300.9941483951183,54.5,17:27:08
15100000,60400.000010470096,-3530234.2609508745,-3006573.6787236566,300.9247326972883,54.5,17:25:49
15112500,60450.00001048028,-3525652.565307418,-3002510.9517663335,300.62650419116557,54.5,17:24:30
15125000,60500.00001049047,-3527628.3235734645,-3004887.4914855813,300.3961926959569,54.5,17:23:11
15137500,60550.000010500655,-3527519.183593834,-3003305.022112572,301.2428503763799,54.5,17:21:52
15150000,60600.00001051084,-3526702.4224863984,-3001909.213180089,301.5756037244175,54.5,17:20:33
15162500,60650.00001052103,-3527243.376293918,-3005127.210141351,300.0372246239079,54.5,17:19:13
15175000,60700.000010531214,-3529924.0641049948,-3004850.786212732,301.73654683761947,54.5,17:17:54
15187500,60750.0000105414,-3528734.679139737,-3005956.2662343592,300.4177887408815,54.5,17:16:34
15200000,60800.00001055159,-3529989.6072373744,-3005024.015020502,301.67466461050157,54.5,17:15:15
15212500,60850.00001056177,-3526536.1157780513,-3001836.417993256,301.52186676087507,54.5,17:13:56
15225000,60900.00001057196,-3525716.4276171867,-3001930.904460351,300.9965307610041,54.5,17:12:37
15237500,60950.000010582145,-3529245.0722584743,-3004974.7660803297,301.2751142672956,54.5,17:11:17
15250000,61000.00001059233,-3528022.663881235,-3005653.3095533364,300.1827207459564,54.5,17:09:58
15262500,61050.00001060252,-3528301.401719928,-3003312.5289883455,301.6880428996144,54.5,17:08:39
15275000,61100.000010612705,-3525465.7887054775,-3002587.8772542495,300.47496618430574,54.5,17:07:19
15287500,61150.00001062289,-3525032.862669479,-3003089.3633417105,299.9380005847847,54.5,17:06:00
15300000,61200.00001063308,-3531844.080418287,-3008603.122009784,300.6835933223459,54.5,17:04:41
15312500,61250.00001064326,-3529307.336355731,-3005983.564213172,300.73118273737975,54.5,17:03:22
15325000,61300.00001065345,-3528546.44479654,-3004325.2858224493,301.24687152811555,54.5,17:02:02
15337500,61350.000010663636,-3529334.281909611,-3005697.6313056494,300.91098024469613,54.5,17:00:43
15350000,61400.00001067382,-3527783.281827109,-3004580.8072190243,300.6614783728021,54.5,16:59:24
15362500,61450.00001068401,-3528318.5517358016,-3004929.324952619,300.76879664398643,54.5,16:58:04
15375000,61500.000010694195,-3528346.59387389,-3003942.613441672,301.3519309889295,54.5,16:56:45
15387500,61550.00001070438,-3527240.8788137417,-3003708.2049740604,300.8512293658642,54.5,16:55:26
15400000,61600.00001071457,-3528861.8237338867,-3003487.5109170713,301.9095383845837,54.5,16:54:07
15412500,61650.000010724754,-3527593.1124342047,-3006300.70322441,299.5638476957515,54.5,16:52:47
15425000,61700.00001073494,-3526633.7749450225,-3003115.323420612,300.84305642605074,54.5,16:51:28
15437500,61750.00001074513,-3527200.36997021,-3002803.8710269206,301.3476317058968,54.5,16:50:09
15450000,61800.00001075531,-3530714.3116592597,-3007044.2936768597,300.93015501128775,54.5,16:48:49
15462500,61850.0000107655,-3527455.2455911785,-3005227.466930853,300.10136342908595,54.5,16:47:30
15475000,61900.000010775686,-3526721.830601394,-3003616.0750937536,300.60589815455455,54.5,16:46:10
15487500,61950.00001078587,-3526773.0909781978,-3001251.886818496,301.9939503865442,54.5,16:44:51
15500000,62000.00001079606,-3526520.087830929,-3002014.2855886724,301.41044351022384,54.5,16:43:31
15512500,62050.000010806245,-3526943.523761306,-3002424.251114013,301.4181843602561,54.5,16:42:12
15525000,62100.00001081643,-3533627.799553858,-3009562.741654686,301.15716709773073,54.5,16:40:53
15537500,62150.00001082662,-3525297.460510766,-3000701.3061079513,301.46236492781276,54.5,16:39:33
15550000,62200.000010836804,-3527525.5673543457,-3002843.235195992,301.51188749821426,54.5,16:38:14
15562500,62250.00001084699,-3529226.3406617474,-3003870.050105067,301.89918178338473,54.5,16:36:54
15575000,62300.00001085718,-3526662.6929215994,-3003695.0569476886,300.52652692597894,54.5,16:35:35
15587500,62350.00001086736,-3528038.282399023,-3005346.016590826,300.36828378849134,54.5,16:34:16
15600000,62400.00001087755,-3522734.794442136,-2998596.5139437118,301.19924490892197,54.5,16:32:56
15612500,62450.000010887736,-3529299.734129356,-3004947.0878545204,301.32243150374234,54.5,16:31:37
15625000,62500.00001089792,-3530432.6790198963,-3007378.5114894686,300.57625281026066,54.5,16:30:18
15637500,62550.00001090811,-3525347.995907197,-3001513.9736976093,301.02440103610337,54.5,16:28:58
15650000,62600.000010918295,-3527925.819108257,-3002438.6670707795,301.9743821277791,54.5,16:27:39
15662500,62650.00001092848,-3528623.9150508195,-3004816.49983615,301.00911116494376,54.5,16:26:20
15675000,62700.00001093867,-3525267.578605868,-3002069.916928989,300.65871259266567,54.5,16:25:00
15687500,62750.000010948854,-3525089.6720090713,-3002895.213133712,300.0822160123722,54.5,16:23:41
15700000,62800.00001095904,-3527174.65001769,-3004080.1824881667,300.59941144940063,54.5,16:22:22
15712500,62850.00001096923,-3524886.4188891724,-3002555.76964581,300.1604786341508,54.5,16:21:02
15725000,62900.00001097941,-3526475.9839905296,-3001664.147702394,301.58630783260725,54.5,16:19:43
15737500,62950.0000109896,-3525361.1230237484,-3001849.6235916703,300.839061363986,54.5,16:18:24
15750000,63000.000010999785,-3525991.0376206096,-3003880.3310357155,300.03408725019995,54.5,16:17:04
15762500,63050.00001100997,-3527454.979227077,-3004396.7115931716,300.57860895961574,54.5,16:15:45
15775000,63100.00001102016,-3524934.76170101,-3000624.9170642686,301.29783528256456,54.5,16:14:26
15787500,63150.000011030344,-3528749.711724654,-3005422.920686664,300.7329175639665,54.5,16:13:06
15800000,63200.00001104053,-3530716.7553752568,-3006684.320240755,301.13842022796155,54.5,16:11:47
15812500,63250.00001105072,-3531110.5936566424,-3007268.8469720916,301.0288399525361,54.5,16:10:28
15825000,63300.0000110609,-3527306.290433839,-3003661.901900895,300.9154268925625,54.5,16:09:08
15837500,63350.00001107109,-3528370.633372862,-3004228.251709622,301.2016016681815,54.5,16:07:49
15850000,63400.000011081276,-3526857.9228165355,-3002605.8114847187,301.26465848839337,54.5,16:06:30
15862500,63450.00001109146,-3529818.9251970053,-3006176.1360497633,300.91450779585915,54.5,16:05:10
15875000,63500.00001110165,-3525859.1862967107,-3000858.341091204,301.69492295443973,54.5,16:03:51
15887500,63550.000011111835,-3526113.1059598383,-3002220.3227955047,301.0581683754834,54.5,16:02:32
15900000,63600.00001112202,-3526950.829554571,-3002498.528822982,301.3796985423131,54.5,16:01:12
15912500,63650.00001113221,-3526643.35188864,-3002893.9391370523,300.9757796974034,54.5,15:59:53
15925000,63700.000011142394,-3525991.128952397,-3002110.901725598,301.0509530297525,54.5,15:58:34
15937500,63750.00001115258,-3528655.031596331,-3003984.0074815913,301.5053892623009,54.5,15:57:14
15950000,63800.00001116277,-3527136.062237041,-3002662.4092208324,301.391968762299,54.5,15:55:55
15962500,63850.00001117295,-3525443.7821151223,-3003468.8765396215,299.9560483757099,54.5,15:54:35
15975000,63900.00001118314,-3526809.4148607347,-3004331.998217702,300.2448194113899,54.5,15:53:16
15987500,63950.000011193326,-3526714.093427645,-3001077.116728985,302.0604797789064,54.5,15:51:57
16000000,64000.00001120351,-3524134.6496734917,-2999820.269074324,301.3004419009104,54.5,15:50:37
16012500,64050.0000112137,-3526292.1609596033,-3001481.622498628,301.5855620283506,54.5,15:49:18
16025000,64100.000011223885,-3528569.6502990555,-3006700.8500350295,299.8950743143104,54.5,15:47:59
16037500,64150.00001123407,-3526858.8472204935,-3003087.7272625156,300.9882538753391,54.5,15:46:40
16050000,64200.00001124426,-3529496.4351072516,-3006384.4868280157,300.6094568683477,54.5,15:45:20
16062500,64250.000011254444,-3525926.822652489,-3002275.0488733775,300.91967086910813,54.5,15:44:01
16075000,64300.00001126463,-3527808.0500777625,-3004683.7815826144,300.61653675521706,54.5,15:42:41
16087500,64350.00001127482,-3528279.4426733814,-3004701.026125016,300.87751569111134,54.5,15:41:22
16100000,64400.000011285,-3526076.7612156626,-3002262.294630862,301.0131632775984,54.5,15:40:03
16112500,64450.00001129519,-3526055.2762311697,-3000889.1889325418,301.7898803264292,54.5,15:38:43
16125000,64500.000011305376,-3530269.7255176753,-3006396.7227207534,301.0468014672645,54.5,15:37:24
16137500,64550.00001131556,-3528691.466393044,-3004894.8728472413,301.00289242723176,54.5,15:36:05
16150000,64600.00001132575,-3524403.0937789436,-3003171.705467296,299.5287816661761,54.5,15:34:45
16162500,64650.000011335935,-3527554.073864978,-3004836.7699240153,300.38267210349056,54.5,15:33:26
16175000,64700.00001134612,-3527962.496969182,-3003745.7852918804,301.24431586201626,54.5,15:32:07
16187500,64750.00001135631,-3529272.4557773005,-3005778.375933688,300.8290510917207,54.5,15:30:47
16200000,64800.000011366494,-3529243.472615555,-3004499.7624844867,301.5471587228578,54.5,15:29:28
16212500,64850.00001137668,-3527866.492824925,-3005604.831758622,300.1208341593795,54.5,15:28:09
16225000,64900.00001138687,-3528563.771609163,-3004679.5377006247,301.0532554937385,54.5,15:26:50
16237500,64950.00001139705,-3524244.696982082,-2999977.909779585,301.2730920665762,54.5,15:25:30
16250000,65000.00001140724,-3527789.8392447475,-3002075.608932073,302.1048740372032,54.5,15:24:11
16262500,65050.000011417425,-3529432.9454582855,-3005751.5970556145,300.9366661060829,54.5,15:22:52
16275000,65100.00001142761,-3530418.464367103,-3006646.2314316453,300.9888934546047,54.5,15:21:32
16287500,65150.0000114378,-3525857.3394974694,-3002955.4274213826,300.4887582890875,54.5,15:20:13
16300000,65200.000011447984,-3527854.54038045,-3005333.1375070605,300.2700963657029,54.5,15:18:53
16312500,65250.00001145817,-3529693.4523536693,-3004736.922389918,301.669456931729,54.5,15:17:34
16325000,65300.00001146836,-3530714.649952095,-3005742.2753629955,301.67856214187736,54.5,15:16:14
16337500,65350.00001147854,-3530409.8564594816,-3007135.2966849767,300.7029025513114,54.5,15:14:55
16350000,65400.00001148873,-3528048.559161961,-3003660.6047616233,301.342721532416,54.5,15:13:36
16362500,65450.000011498916,-3527921.559160514,-3002780.072162869,301.77574361412195,54.5,15:12:16
16375000,65500.0000115091,-3524089.0701305754,-2998383.681522578,302.0997930979331,54.5,15:10:57
16387500,65550.00001151928,-3526117.463085614,-3001456.840113908,301.49941218231197,54.5,15:09:37
16400000,65600.00001152947,-3529455.7836243007,-3006476.139752856,300.53342733719626,54.5,15:08:18
16412500,65650.00001153965,-3529868.378144432,-3006425.550247398,300.79959884947095,54.5,15:06:59
16425000,65700.00001154984,-3526931.0145338904,-3001748.553713146,301.79928947031635,54.5,15:05:39
16437500,65750.00001156003,-3530216.664417824,-3006811.796080315,300.7777851581391,54.5,15:04:20
16450000,65800.00001157021,-3526904.564022623,-3004628.3084751526,300.1292209665847,54.5,15:03:00
16462500,65850.0000115804,-3527714.621320609,-3003484.4025567384,301.25207779131415,54.5,15:01:41
16475000,65900.00001159059,-3528122.766255129,-3003105.4413294,301.70439312571307,54.5,15:00:21
16487500,65950.00001160077,-3526727.566121692,-3004000.3084292063,300.388392087232,54.5,14:59:02
16500000,66000.00001161096,-3526312.3580822516,-3001160.5922070043,301.7816504335387,54.5,14:57:42
16512500,66050.00001162114,-3526629.0820012987,-3002766.9823347013,301.0405359172312,54.5,14:56:23
16525000,66100.00001163133,-3527963.9649173673,-3003774.3189921365,301.2287623632738,54.5,14:55:04
16537500,66150.00001164152,-3528352.8606934156,-3005115.1007528948,300.68175530330234,54.5,14:53:44
16550000,66200.0000116517,-3525748.6833613906,-3001101.644009864,301.49160627251,54.5,14:52:25
16562500,66250.00001166189,-3526158.200092884,-3003724.0718013574,300.21994349739504,54.5,14:51:05
16575000,66300.00001167208,-3528608.2425238937,-3002392.2418905813,302.3932193981836,54.5,14:49:46
16587500,66350.00001168226,-3527387.6582914144,-3004401.2081898306,300.537338578666,54.5,14:48:26
16600000,66400.00001169245,-3530857.192166621,-3004066.1488756,302.72367115249415,54.5,14:47:07
16612500,66450.00001170264,-3528592.039656624,-3006215.0195388785,300.1871259386308,54.5,14:45:47
16625000,66500.00001171282,-3530483.649533622,-3005945.1990971863,301.4292049932147,54.5,14:44:28
16637500,66550.00001172301,-3527342.2680720147,-3003382.2496281276,301.09680553706147,54.5,14:43:08
16650000,66600.0000117332,-3527717.8589385822,-3004529.9465595954,300.6531100994443,54.5,14:41:49
16662500,66650.00001174338,-3527083.641701121,-3001919.740790971,301.7886239050169,54.5,14:40:29
16675000,66700.00001175357,-3528585.0937009044,-3004890.0009323615,300.9445643893727,54.5,14:39:10
16687500,66750.00001176375,-3528044.9337819796,-3004322.076441988,300.9605194689132,54.5,14:37:50
16700000,66800.00001177394,-3528964.8100840244,-3005642.732558829,300.73020891522407,54.5,14:36:31
16712500,66850.00001178413,-3528343.5918012504,-3005493.6302486206,300.4589046053936,54.5,14:35:11
16725000,66900.00001179431,-3525942.784902578,-3003153.0133203785,300.4243160734753,54.5,14:33:52
16737500,66950.0000118045,-3530491.1233607903,-3006373.0543555114,301.1876302516833,54.5,14:32:33
16750000,67000.00001181469,-3526571.6620329786,-3001927.7441574084,301.4898124974016,54.5,14:31:13
16762500,67050.00001182487,-3525759.886273114,-2999645.153836,302.3350250144434,54.5,14:29:54
16775000,67100.00001183506,-3526296.531736521,-3003128.97451889,300.641412882396,54.5,14:28:34
16787500,67150.00001184524,-3528627.480194643,-3004752.0002238713,301.0482249902563,54.5,14:27:15
16800000,67200.00001185543,-3525996.0181196667,-3002504.9543389427,300.82731789287146,54.5,14:25:55
16812500,67250.00001186562,-3527032.807386577,-3002089.1869445993,301.6620383966687,54.5,14:24:36
16825000,67300.0000118758,-3528843.945642,-3003695.8837422426,301.77952192153697,54.5,14:23:16
16837500,67350.00001188599,-3525019.4930168,-2999156.2316168463,302.19051565626955,54.5,14:21:57
16850000,67400.00001189618,-3527212.6164955962,-3004970.0459063724,300.10986370082844,54.5,14:20:37
16862500,67450.00001190636,-3529686.3582332637,-3007131.7287707007,300.2891902268884,54.5,14:19:18
16875000,67500.00001191655,-3526862.637638882,-3000869.1226148703,302.26536669209827,54.5,14:17:59
16887500,67550.00001192674,-3528962.74637755,-3005279.9216278447,300.93751449786913,54.5,14:16:39
16900000,67600.00001193692,-3527176.385078458,-3002635.9380760333,301.4303523319812,54.5,14:15:20
16912500,67650.00001194711,-3528267.186154159,-3003430.0732446862,301.60083319651187,54.5,14:14:00
16925000,67700.0000119573,-3527666.169856703,-3004468.765970431,300.6585644517283,54.5,14:12:41
16937500,67750.00001196748,-3526895.242216859,-3004767.767808847,300.0437229815513,54.5,14:11:21
16950000,67800.00001197767,-3527722.498019915,-3002662.8622466726,301.7287073111038,54.5,14:10:02
16962500,67850.00001198785,-3530276.22315586,-3007977.344200479,300.1422216452863,54.5,14:08:42
16975000,67900.00001199804,-3529202.9951004945,-3006279.4353186614,300.5011982746169,54.5,14:07:23
16987500,67950.00001200823,-3526537.7496863715,-3003007.862186874,300.849628178562,54.5,14:06:04
17000000,68000.00001201841,-3524877.7026443407,-3001443.4144083057,300.7946914814342,54.5,14:04:44
17012500,68050.0000120286,-3525327.085012274,-3002948.7288732613,300.1878936913626,54.5,14:03:25
17025000,68100.00001203878,-3529764.5064365678,-3006916.8471155516,300.4575816140201,54.5,14:02:05
17037500,68150.00001204897,-3525998.906994762,-3002776.731764915,300.6727994546993,54.5,14:00:46
17050000,68200.00001205916,-3527862.479411397,-3006028.8853520937,299.87484285503126,54.6,13:59:26
17062500,68250.00001206934,-3527039.5157546606,-3003955.009482232,300.59368715253675,54.6,13:58:07
17075000,68300.00001207953,-3529579.771885462,-3006944.3598835934,300.33561240352793,54.6,13:56:47
17087500,68350.00001208972,-3529190.864050675,-3004476.714807809,301.5301713789897,54.6,13:55:28
17100000,68400.0000120999,-3526446.0004770905,-3004239.446779652,300.08916637530695,54.6,13:54:08
17112500,68450.00001211009,-3526454.672561748,-3000641.842501973,302.1615349804695,54.6,13:52:49
17125000,68500.00001212028,-3530539.448874576,-3007082.863712649,300.8075045452616,54.6,13:51:29
17137500,68550.00001213046,-3528881.4442687817,-3005233.168167797,300.91766090713827,54.6,13:50:10
17150000,68600.00001214065,-3528955.7224554867,-3005428.3410481033,300.8481880375139,54.6,13:48:50
17162500,68650.00001215083,-3524594.896817606,-3004724.5188913574,298.74666878557224,54.6,13:47:31
17175000,68700.00001216102,-3527800.099241333,-3002530.5454214793,301.84933799099224,54.6,13:46:12
17187500,68750.00001217121,-3528018.140766423,-3004218.9193007103,301.0044025773621,54.6,13:44:52
17200000,68800.0000121814,-3526754.711174682,-3003107.4197334587,300.9170950664285,54.6,13:43:33
17212500,68850.00001219158,-3528042.9980769865,-3003293.5448411894,301.5504590328564,54.6,13:42:13
17225000,68900.00001220177,-3527288.6646593623,-3005481.6134276474,299.8595898580171,54.6,13:40:54
17237500,68950.00001221195,-3527059.8823032584,-3002117.335126564,301.66142163825776,54.6,13:39:34
17250000,69000.00001222214,-3528377.2898800895,-3005688.5343647827,300.3662665773711,54.6,13:38:15
17262500,69050.00001223233,-3527435.537740484,-3002619.5984454243,301.5886656504455,54.6,13:36:55
17275000,69100.00001224251,-3526206.496755298,-3003429.138713956,300.4171825568595,54.6,13:35:36
17287500,69150.0000122527,-3529090.961912604,-3003536.598023316,302.0130058264623,54.6,13:34:17
17300000,69200.00001226288,-3523376.922362363,-3000972.3311573714,300.2029698312994,54.6,13:32:57
17312500,69250.00001227307,-3527010.219676757,-3002618.0815100004,301.3451257591882,54.6,13:31:38
17325000,69300.00001228326,-3528415.0581213348,-3006424.0373785044,299.9653090544503,54.6,13:30:18
17337500,69350.00001229344,-3529981.490667511,-3005679.9765167106,301.2930481182444,54.6,13:28:59
17350000,69400.00001230363,-3530567.1291127857,-3006294.1352292057,301.2766587735411,54.6,13:27:39
17362500,69450.00001231382,-3530237.8140908685,-3005985.8823102806,301.26455530818936,54.6,13:26:20
17375000,69500.000012324,-3528556.6581563987,-3005962.83208451,300.3117147963985,54.6,13:25:00
17387500,69550.00001233419,-3528094.7197856437,-3002825.8255848493,301.8489589368952,54.6,13:23:41
17400000,69600.00001234438,-3530623.9057085756,-3006436.6667337622,301.227379194604,54.6,13:22:22
17412500,69650.00001235456,-3528113.28064424,-3004185.4758087797,301.0782937914112,54.6,13:21:02
17425000,69700.00001236475,-3527106.559750691,-3002331.6883740905,301.5650657217815,54.6,13:19:43
17437500,69750.00001237493,-3524236.325690888,-2999192.243806147,301.7197691746496,54.6,13:18:23
17450000,69800.00001238512,-3526661.9425834473,-3001965.6087168898,301.51993366483754,54.6,13:17:04
17462500,69850.0000123953,-3529277.1346058287,-3005913.9930505636,300.7538066094012,54.6,13:15:44
17475000,69900.0000124055,-3527727.8566400483,-3003053.3578050495,301.5073860313927,54.6,13:14:25
17487500,69950.00001241568,-3529133.4317283724,-3006021.6809078474,300.6093433975007,54.6,13:13:05
17500000,70000.00001242587,-3528500.070806993,-3004065.82320664,301.3693242008491,54.6,13:11:46
17512500,70050.00001243605,-3528536.210890824,-3003779.323419941,301.5547311611813,54.6,13:10:27
17525000,70100.00001244624,-3531515.300856743,-3007572.3332804157,301.08700715250296,54.6,13:09:07
17537500,70150.00001245642,-3530302.6873065494,-3008163.106240313,300.0506801461989,54.6,13:07:48
17550000,70200.00001246661,-3524944.995456312,-3001338.5586929563,300.89361767776506,54.6,13:06:28
17562500,70250.0000124768,-3527972.167675283,-3002036.6766899433,302.232022826014,54.6,13:05:09
17575000,70300.00001248698,-3526440.5383929852,-3001643.597003615,301.5777483886057,54.6,13:03:50
17587500,70350.00001249717,-3524624.2549455557,-3001218.0568790985,300.77854929495186,54.6,13:02:30
17600000,70400.00001250736,-3529570.571768824,-3007696.4768079487,299.8981169439987,54.6,13:01:11
17612500,70450.00001251754,-3528994.9777929243,-3005812.981289766,300.6497105054847,54.6,12:59:51
17625000,70500.00001252773,-3530076.4701026753,-3005914.9698402113,301.2125882872937,54.6,12:58:32
17637500,70550.00001253792,-3527760.982131401,-3004723.0829222496,300.5669041206751,54.6,12:57:13
17650000,70600.0000125481,-3528778.3357991073,-3004782.28756956,301.1175102721262,54.6,12:55:53
17662500,70650.00001255829,-3526387.773220204,-3004673.7097847546,299.80615385636827,54.6,12:54:34
17675000,70700.00001256847,-3530684.3023946546,-3005563.379162877,301.7639265212247,54.6,12:53:15
17687500,70750.00001257866,-3528628.47937282,-3004102.7270337055,301.4219079544994,54.6,12:51:55
17700000,70800.00001258885,-3526488.2100964226,-3000653.513361928,302.1741007978486,54.6,12:50:36
17712500,70850.00001259903,-3528399.167925941,-3006355.048441483,299.99582256868666,54.6,12:49:16
17725000,70900.00001260922,-3525348.3916181866,-3000777.570339034,301.4478070945039,54.6,12:47:57
17737500,70950.0000126194,-3527951.1747917235,-3005017.7218615017,300.50688343239926,54.6,12:46:38
17750000,71000.00001262959,-3529247.84307467,-3005270.061832468,301.1070130369502,54.6,12:45:18
17762500,71050.00001263978,-3525101.6275511105,-3000318.7104546414,301.56968924354913,54.6,12:43:59
17775000,71100.00001264997,-3527346.915430855,-3002523.0500816153,301.5932204055988,54.6,12:42:40
17787500,71150.00001266015,-3527846.224460207,-3003609.7769596498,301.25565717266556,54.6,12:41:20
17800000,71200.00001267034,-3526090.9483821057,-3000755.3294452773,301.8873027115401,54.6,12:40:01
17812500,71250.00001268052,-3528813.5689638406,-3004272.2005933477,301.43088180173527,54.6,12:38:41
17825000,71300.00001269071,-3531323.3869253006,-3009487.036707443,299.87642669827665,54.6,12:37:22
17837500,71350.0000127009,-3523513.84962504,-2999759.2453658353,300.9787630287729,54.6,12:36:03
17850000,71400.00001271108,-3528514.5296656787,-3002699.7330211443,302.1626650903404,54.6,12:34:43
17862500,71450.00001272127,-3530847.5163814668,-3005643.1525844517,301.8118761486024,54.6,12:33:24
17875000,71500.00001273146,-3529323.849627206,-3005704.75839946,300.90088964255165,54.6,12:32:05
17887500,71550.00001274164,-3530358.7002780866,-3007418.6547932797,300.5106718839148,54.6,12:30:45
17900000,71600.00001275183,-3524898.716536559,-3001117.2610484324,300.99419325048575,54.6,12:29:26
17912500,71650.00001276202,-3529078.5338621754,-3003994.860625029,301.7425205856667,54.6,12:28:06
17925000,71700.0000127722,-3526204.275615856,-3003101.2135482593,300.6043503528815,54.6,12:26:47
17937500,71750.00001278239,-3524275.881552549,-3000219.4240123318,301.15222484924504,54.6,12:25:28
17950000,71800.00001279257,-3530004.2684203386,-3007146.193539863,300.4635669784959,54.6,12:24:08
17962500,71850.00001280276,-3527793.030457342,-3003571.548863132,301.24705692372567,54.6,12:22:49
17975000,71900.00001281295,-3524455.436833348,-3000882.4279888715,300.8744081212419,54.6,12:21:30
17987500,71950.00001282313,-3529134.265937049,-3005692.939677332,300.7987359244703,54.6,12:20:10
18000000,72000.00001283332,-3529450.650194263,-3007204.112772465,300.1121432652497,54.6,12:18:51
18012500,72050.0000128435,-3524057.24991774,-2998939.896080101,301.76187534721345,54.6,12:17:32
18025000,72100.00001285369,-3527177.2122450303,-3004017.080175297,300.6371459760788,54.6,12:16:12
18037500,72150.00001286388,-3525520.077514766,-2999483.0696782926,302.2903601008222,54.6,12:14:53
18050000,72200.00001287406,-3527267.2709433977,-3003115.90829397,301.2067626464175,54.6,12:13:34
18062500,72250.00001288425,-3531687.553392127,-3009447.406636944,300.10847082988215,54.6,12:12:14
18075000,72300.00001289444,-3529574.630045181,-3007430.4793753563,300.0533060966427,54.6,12:10:55
18087500,72350.00001290462,-3528286.99510826,-3003336.818241307,301.66580608608433,54.6,12:09:36
18100000,72400.00001291481,-3529468.6585638747,-3006856.379853099,300.3223187173599,54.6,12:08:16
18112500,72450.000012925,-3526156.34012245,-3003029.088200442,300.6182511995745,54.6,12:06:57
18125000,72500.00001293518,-3529699.713118091,-3006836.0539426524,300.4667760274985,54.6,12:05:38
18137500,72550.00001294537,-3528420.128087189,-3004403.808092732,301.1291595649007,54.6,12:04:19
18150000,72600.00001295556,-3526302.898596989,-3003979.5454501463,300.15628588799166,54.6,12:02:59
18162500,72650.00001296574,-3528425.186073363,-3003706.4618975846,301.53280039196164,54.6,12:01:40
18175000,72700.00001297593,-3527585.7622745726,-3005374.4027279196,300.0919280857342,54.6,12:00:20
18187500,72750.00001298611,-3527501.5919988398,-3004906.997804625,300.3121562025564,54.6,11:59:01
18200000,72800.0000129963,-3528472.7739340197,-3005661.949146027,300.43641442599716,54.6,11:57:42
18212500,72850.00001300649,-3526191.240153853,-3002750.451367108,300.798427062364,54.6,11:56:22
18225000,72900.00001301667,-3530717.631223887,-3006917.684025063,301.00481962430024,54.6,11:55:03
18237500,72950.00001302686,-3528873.1814908925,-3005886.8504353343,300.5372701681447,54.6,11:53:44
18250000,73000.00001303705,-3531020.565897478,-3010073.8653003173,299.36518414271933,54.6,11:52:24
18262500,73050.00001304723,-3531562.4476853274,-3008776.7627121685,300.4219676787804,54.6,11:51:05
18275000,73100.00001305742,-3528209.9347651973,-3002203.3455640087,302.27287984738575,54.6,11:49:46
18287500,73150.0000130676,-3529175.9557043724,-3005663.880419959,300.83939228102645,54.6,11:48:27
18300000,73200.00001307779,-3525901.3607965466,-3004828.081462452,299.4379233823524,54.6,11:47:07
18312500,73250.00001308798,-3527715.7792612333,-3004158.2397993887,300.8655185465984,54.6,11:45:48
18325000,73300.00001309816,-3525531.1734048873,-3003208.842652739,300.1556983626734,54.6,11:44:29
18337500,73350.00001310835,-3527815.6664534435,-3003990.857146985,301.01910678538917,54.6,11:43:09
18350000,73400.00001311854,-3526709.333639616,-3002188.5546735367,301.4190499754918,54.6,11:41:50
18362500,73450.00001312872,-3525650.616366856,-2999678.6586961625,302.2529786281403,54.6,11:40:31
18375000,73500.00001313891,-3527246.545772882,-3003314.687160246,301.08062331907587,54.6,11:39:12
18387500,73550.0000131491,-3529210.682402393,-3005352.915425,301.03804611107626,54.6,11:37:52
18400000,73600.00001315928,-3528925.243910216,-3005677.6445880635,300.68740956369135,54.6,11:36:33
18412500,73650.00001316947,-3525742.4675080758,-3001086.5998487915,301.4966795131594,54.6,11:35:14
18425000,73700.00001317966,-3528064.2061340287,-3004533.298004544,300.8502146897802,54.6,11:33:54
18437500,73750.00001318984,-3528906.1766385585,-3006119.5588130676,300.4225037480362,54.6,11:32:35
18450000,73800.00001320003,-3529301.4294156097,-3003559.3453168524,302.1208803844749,54.6,11:31:16
18462500,73850.00001321021,-3527562.3742786404,-3002781.5414955737,301.5684914801988,54.6,11:29:56
18475000,73900.0000132204,-3523858.1471692473,-3001306.3675300707,300.28755255857834,54.6,11:28:37
18487500,73950.00001323059,-3528580.817617858,-3005480.900079962,300.6025433297988,54.6,11:27:18
18500000,74000.00001324077,-3528117.3717344813,-3004546.1481999275,300.87338218205605,54.6,11:25:59
18512500,74050.00001325096,-3526596.6357446164,-3005218.092568775,299.61334510225555,54.6,11:24:39
18525000,74100.00001326115,-3528579.2946491614,-3005068.064858077,300.8389064131518,54.6,11:23:20
18537500,74150.00001327133,-3528827.2379059214,-3005051.0999640445,300.9911374902508,54.6,11:22:01
18550000,74200.00001328152,-3525938.4577913024,-3001217.525624466,301.534069227428,54.6,11:20:42
18562500,74250.0000132917,-3527081.296842711,-3002950.8296932327,301.19475492051595,54.6,11:19:22
18575000,74300.00001330189,-3527872.3159648143,-3005263.3924325644,300.3203906436511,54.6,11:18:03
18587500,74350.00001331208,-3526612.3000960927,-3002610.052622302,301.12107270546613,54.6,11:16:44
18600000,74400.00001332226,-3526984.165015733,-3003324.8265457274,300.92401796465515,54.6,11:15:25
18612500,74450.00001333245,-3525551.4075159524,-3002886.6401692918,300.3524816306275,54.6,11:14:05
18625000,74500.00001334264,-3526886.632762134,-3002859.9917622767,301.13509059331204,54.6,11:12:46
18637500,74550.00001335282,-3530122.600977443,-3007671.485724153,300.2297051580996,54.6,11:11:27
18650000,74600.00001336301,-3529356.4319500607,-3006122.1137133483,300.67977750731427,54.6,11:10:08
18662500,74650.0000133732,-3528335.644777363,-3003619.8396854578,301.53112292269253,54.6,11:08:48
18675000,74700.00001338338,-3525349.280920159,-3001089.179989447,301.26924975990306,54.6,11:07:29
18687500,74750.00001339357,-3527120.968331471,-3003040.7072454253,301.1659037013657,54.6,11:06:10
18700000,74800.00001340375,-3528724.3546909783,-3006372.9110804703,300.17242824347284,54.6,11:04:51
18712500,74850.00001341394,-3526283.5369089097,-3001302.138415468,301.68374778329127,54.6,11:03:32
18725000,74900.00001342413,-3529329.3053440545,-3003888.789188887,301.9475825348852,54.6,11:02:12
18737500,74950.00001343431,-3525775.35263665,-3003216.1364371064,300.29182602314046,54.6,11:00:53
18750000,75000.0000134445,-3528232.565959379,-3003085.5584745635,301.7789159955892,54.6,10:59:34
18762500,75050.00001345469,-3529888.5071282424,-3007048.711217709,300.45306285744783,54.6,10:58:15
18775000,75100.00001346487,-3525936.960231509,-3002921.4318792135,300.5540485719702,54.6,10:56:55
18787500,75150.00001347506,-3528613.151778741,-3003536.2737975037,301.73861565060474,54.6,10:55:36
18800000,75200.00001348525,-3526015.5698396824,-3003504.8495799443,300.2639575369146,54.6,10:54:17
18812500,75250.00001349543,-3524732.7397611793,-3000669.6841302095,301.15601648215255,54.6,10:52:58
18825000,75300.00001350562,-3529223.596741842,-3005827.63706852,300.77266574018023,54.6,10:51:39
18837500,75350.0000135158,-3527767.88262506,-3004965.769045752,300.43140847704143,54.6,10:50:19
18850000,75400.00001352599,-3523847.889315374,-2998493.9028368965,301.89785773085754,54.6,10:49:00
18862500,75450.00001353618,-3526962.51165477,-3002031.8189318147,301.65460940444876,54.6,10:47:41
18875000,75500.00001354636,-3526549.003096735,-3000571.8886057353,302.25594202623626,54.6,10:46:22
18887500,75550.00001355655,-3528082.297106141,-3005062.5020061587,300.5565004844319,54.6,10:45:03
18900000,75600.00001356674,-3526613.2607258223,-3003592.275703447,300.55718428055883,54.6,10:43:43
18912500,75650.00001357692,-3527539.7534840517,-3004622.731256452,300.49744142938744,54.6,10:42:24
18925000,75700.00001358711,-3525367.828350723,-2999891.313924361,301.9682691599709,54.6,10:41:05
18937500,75750.0000135973,-3527417.3680879213,-3005519.418890276,299.9118249259766,54.6,10:39:46
18950000,75800.00001360748,-3526487.6070350595,-3004326.682858169,300.06294509430944,54.6,10:38:27
18962500,75850.00001361767,-3524523.202397447,-3001253.8039648863,300.6999365548289,54.6,10:37:07
18975000,75900.00001362785,-3526290.7430483233,-3004116.19767809,300.0707725957575,54.6,10:35:48
18987500,75950.00001363804,-3524269.0097607505,-3000235.054427975,301.13929381912857,54.6,10:34:29
19000000,76000.00001364823,-3528407.0202565864,-3005178.933815702,300.67619636800885,54.6,10:33:10
19012500,76050.00001365841,-3527797.5259069838,-3004473.4800759107,300.7313400141458,54.6,10:31:51
19025000,76100.0000136686,-3526232.702207299,-3001239.010294844,301.69081227116015,54.6,10:30:32
19037500,76150.00001367879,-3526531.397737965,-3003545.502853065,300.53701952002814,54.6,10:29:13
19050000,76200.00001368897,-3527432.686242312,-3002271.0935888244,301.7872974513128,54.6,10:27:53
19062500,76250.00001369916,-3527839.8219948355,-3003401.8057376626,301.3714898823697,54.6,10:26:34
19075000,76300.00001370934,-3527193.438353723,-3001353.3722534766,302.17718633647496,54.6,10:25:15
19087500,76350.00001371953,-3526666.6903920416,-3003339.605836533,300.7330862355908,54.6,10:23:56
19100000,76400.00001372972,-3528978.275172055,-3005582.0220853933,300.77283435193675,54.6,10:22:37
19112500,76450.0000137399,-3528632.4167974778,-3005268.032930471,300.75452051138575,54.6,10:21:17
19125000,76500.00001375009,-3527810.287774004,-3002445.8496656595,301.90386382341194,54.6,10:19:58
19137500,76550.00001376028,-3530746.1691314206,-3006837.3193087666,301.06740117822727,54.6,10:18:39
19150000,76600.00001377046,-3525526.9931928944,-3003206.1904891683,300.154820260371,54.6,10:17:20
19162500,76650.00001378065,-3528041.0958030354,-3004567.799881437,300.817107484757,54.6,10:16:01
19175000,76700.00001379084,-3527182.073210649,-3004080.6578208306,300.6034040794994,54.6,10:14:41
19187500,76750.00001380102,-3526785.999931762,-3003497.188008519,300.71109263510806,54.6,10:13:22
19200000,76800.00001381121,-3528567.654764006,-3004503.3178948867,301.1567527534335,54.6,10:12:03
19212500,76850.0000138214,-3530195.523545919,-3006995.6649146033,300.6599750858701,54.6,10:10:44
19225000,76900.00001383158,-3527002.7482214924,-3003431.160147894,300.873591666631,54.6,10:09:25
19237500,76950.00001384177,-3527575.103448216,-3006019.8976037223,299.71486537730806,54.6,10:08:06
19250000,77000.00001385195,-3525801.9526219796,-3002076.2821599892,300.96213604654815,54.6,10:06:46
19262500,77050.00001386214,-3530697.549927594,-3004376.1774398107,302.4537719740632,54.6,10:05:27
19275000,77100.00001387233,-3530217.340700457,-3008281.297380586,299.9337159445811,54.6,10:04:08
19287500,77150.00001388251,-3524715.6220434643,-3000319.2966674305,301.3475319644198,54.6,10:02:49
19300000,77200.0000138927,-3525905.55859505,-3003186.9906826797,300.38339845233355,54.6,10:01:30
19312500,77250.00001390289,-3525640.8159412537,-3001132.2235950227,301.4120468604113,54.6,10:00:11
19325000,77300.00001391307,-3524360.7503339797,-3000359.991556605,301.12021721703286,54.6,9:58:51
19337500,77350.00001392326,-3527379.316570904,-3003345.7371025924,301.13907782633254,54.6,9:57:32
19350000,77400.00001393344,-3526803.122325981,-3002167.961878156,301.4847799883819,54.6,9:56:13
19362500,77450.00001394363,-3524662.1948333085,-2999209.528972673,301.9545644368925,54.6,9:54:54
19375000,77500.00001395382,-3526904.27237471,-3003758.577055737,300.62884980960956,54.6,9:53:35
19387500,77550.000013964,-3528995.841438843,-3004149.1818240993,301.6063192686537,54.6,9:52:16
19400000,77600.00001397419,-3525916.166020559,-3001768.1946576685,301.20481382302074,54.6,9:50:57
19412500,77650.00001398438,-3527734.030802913,-3003779.397333189,301.0937110289667,54.6,9:49:38
19425000,77700.00001399456,-3528013.2324840985,-3003000.0201981477,301.70202977229667,54.6,9:48:18
19437500,77750.00001400475,-3528212.5496021286,-3003381.273974323,301.59747876716403,54.6,9:46:59
19450000,77800.00001401494,-3527440.9267520327,-3004526.5035725473,300.49594787060977,54.6,9:45:40
19462500,77850.00001402512,-3528964.277968481,-3004566.2425158396,301.3485146703243,54.6,9:44:21
19475000,77900.00001403531,-3527895.0085325353,-3004268.094278711,300.9053851919809,54.6,9:43:02
19487500,77950.0000140455,-3528663.6607364714,-3004911.9361759135,300.97710819246316,54.6,9:41:43
19500000,78000.00001405568,-3527265.6984004695,-3004106.339861806,300.6367014617535,54.6,9:40:24
19512500,78050.00001406587,-3527719.9802226033,-3005211.1128963768,300.26289273742293,54.6,9:39:04
19525000,78100.00001407605,-3529794.7044266164,-3006648.3916366873,300.62920464304307,54.6,9:37:45
19537500,78150.00001408624,-3528887.672123937,-3003639.391168049,301.8371134105677,54.6,9:36:26
19550000,78200.00001409643,-3526593.742531676,-3002830.11351918,300.98394915804073,54.6,9:35:07
19562500,78250.00001410661,-3526193.6068113428,-3001308.716419227,301.62828881696794,54.6,9:33:48
19575000,78300.0000141168,-3528084.1130032763,-3004075.3726033657,301.12480390487895,54.6,9:32:29
19587500,78350.00001412698,-3525210.0328470487,-3003031.78535021,300.0729000452868,54.6,9:31:10
19600000,78400.00001413717,-3525964.412837835,-3002907.0776253943,300.5780731379604,54.6,9:29:51
19612500,78450.00001414736,-3530223.71523338,-3007043.0914916927,300.648921639771,54.6,9:28:31
19625000,78500.00001415754,-3528038.467105357,-3004642.3721964215,300.77274345414645,54.6,9:27:12
19637500,78550.00001416773,-3528074.5033953115,-3005597.9081128663,300.24434741154175,54.6,9:25:53
19650000,78600.00001417792,-3529191.179789128,-3008578.8765273136,299.17302068385123,54.6,9:24:34
19662500,78650.0000141881,-3526813.9935123734,-3001130.841480962,302.08701471420056,54.6,9:23:15
19675000,78700.00001419829,-3526313.6641576104,-3002414.5182274245,301.0618247775085,54.6,9:21:56
19687500,78750.00001420848,-3528579.32243583,-3005482.0355680995,300.60103159921744,54.6,9:20:37
19700000,78800.00001421866,-3526437.767289698,-3000754.3389740745,302.0871734826003,54.6,9:19:18
19712500,78850.00001422885,-3525461.21007761,-3002258.346439589,300.66170193121695,54.6,9:17:59
19725000,78900.00001423903,-3529898.6823500525,-3006036.2418854213,301.04073175889016,54.6,9:16:39
19737500,78950.00001424922,-3527275.897669241,-3003731.2033324344,300.858137017513,54.6,9:15:20
19750000,79000.0000142594,-3530019.9528693166,-3005039.606744566,301.68314303323393,54.6,9:14:01
19762500,79050.0000142696,-3528932.561716426,-3006211.3210107507,300.3849343892326,54.6,9:12:42
19775000,79100.00001427978,-3523547.32425889,-3000368.9803324374,300.6476115301058,54.6,9:11:23
19787500,79150.00001428997,-3525308.641051423,-3001880.7429658654,300.7910193426679,54.6,9:10:04
19800000,79200.00001430015,-3528834.972656561,-3005535.4549007774,300.7172448067719,54.6,9:08:45
19812500,79250.00001431034,-3526562.8202885836,-3003439.5917324405,300.6159391479545,54.6,9:07:26
19825000,79300.00001432053,-3532397.987013556,-3008026.437533155,301.333294345581,54.6,9:06:07
19837500,79350.00001433071,-3526063.132447509,-3003055.01977542,300.5497871063195,54.6,9:04:48
19850000,79400.0000143409,-3528050.84968278,-3003154.1002241373,301.6351037015436,54.6,9:03:28
19862500,79450.00001435108,-3527305.1214938723,-3003777.3149753776,300.848432330195,54.6,9:02:09
19875000,79500.00001436127,-3527081.4955259077,-3003120.569006359,301.097327368253,54.6,9:00:50
19887500,79550.00001437146,-3525286.518290989,-3002953.085356105,300.16207829938327,54.6,8:59:31
19900000,79600.00001438164,-3528289.4129301887,-3005360.926708908,300.50402928295364,54.6,8:58:12
19912500,79650.00001439183,-3529589.855194336,-3005146.477982072,301.3745705877587,54.6,8:56:53
19925000,79700.00001440202,-3525822.548938941,-3001115.6208358523,301.52602170717734,54.6,8:55:34
19937500,79750.0000144122,-3529241.803996941,-3006440.94354272,300.4306883611025,54.6,8:54:15
19950000,79800.00001442239,-3529136.923260996,-3002895.549621008,302.40780015050814,54.6,8:52:56
19962500,79850.00001443257,-3524284.9107839447,-3000588.5315888207,300.94530364221725,54.6,8:51:37
19975000,79900.00001444276,-3527683.886398278,-3005883.1183073265,299.8559792130328,54.6,8:50:18
19987500,79950.00001445295,-3526620.755283704,-3001933.490176156,301.5147222474165,54.6,8:48:59
20000000,80000.00001446313,-3529030.5441990085,-3004622.2456746446,301.3544124067961,54.6,8:47:40
20012500,80050.00001447332,-3527809.3437580783,-3006658.02490515,299.4827692656249,54.6,8:46:21
20025000,80100.0000144835,-3530316.050147623,-3005792.1909700027,301.42082003775323,54.6,8:45:01
20037500,80150.0000144937,-3527529.0411775447,-3003768.407935654,300.98222762027524,54.6,8:43:42
20050000,80200.00001450388,-3525081.364913393,-3000184.923067998,301.6349269297232,54.6,8:42:23
20062500,80250.00001451407,-3524802.853420375,-2999781.1755211214,301.7068945883755,54.6,8:41:04
20075000,80300.00001452425,-3527400.803742757,-3001833.236831272,302.0205930233227,54.6,8:39:45
20087500,80350.00001453444,-3526712.866741322,-3002663.734090425,301.1480155571281,54.6,8:38:26
20100000,80400.00001454462,-3530115.19810934,-3006594.79013397,300.8441807124722,54.6,8:37:07
20112500,80450.00001455481,-3528750.827778315,-3004554.570659347,301.23256152589147,54.6,8:35:48
20125000,80500.000014565,-3527894.694438223,-3004056.2678273395,301.02693205204713,54.6,8:34:29
20137500,80550.00001457518,-3528797.7562144566,-3006170.864306913,300.3307162795986,54.6,8:33:10
20150000,80600.00001458537,-3530245.8482959177,-3008289.6861855616,299.9452773296739,54.6,8:31:51
20162500,80650.00001459556,-3527765.8012189884,-3004193.2518914854,300.8741440570233,54.6,8:30:32
20175000,80700.00001460574,-3523866.9500570726,-2999593.5278501017,301.276904912178,54.6,8:29:12
20187500,80750.00001461593,-3523980.183268694,-3000799.669755268,300.6488582964318,54.6,8:27:53
20200000,80800.00001462612,-3526303.3625792116,-3001541.201931785,301.55776142409536,54.6,8:26:34
20212500,80850.0000146363,-3528940.608901024,-3003545.9438797515,301.92123390243233,54.6,8:25:15
20225000,80900.00001464649,-3529344.958616646,-3004199.292772689,301.77814501352503,54.6,8:23:56
20237500,80950.00001465667,-3529037.308177609,-3005511.9820594476,300.84700695308516,54.6,8:22:37
20250000,81000.00001466686,-3527532.5227805786,-3003883.737113916,300.91795373214893,54.6,8:21:18
20262500,81050.00001467705,-3532420.2571337223,-3010772.643930103,299.7679678272306,54.6,8:19:59
20275000,81100.00001468723,-3528676.331981806,-3004305.085244387,301.3331203724884,54.6,8:18:40
20287500,81150.00001469742,-3528402.6959389728,-3005350.3514356846,300.57520519664735,54.6,8:17:21
20300000,81200.0000147076,-3524700.0842586495,-3001941.0874663214,300.40663115364316,54.6,8:16:02
20312500,81250.00001471779,-3527000.99809975,-3003891.451557257,300.60807669574734,54.6,8:14:42
20325000,81300.00001472798,-3527781.914045019,-3003489.516078389,301.28780944766726,54.6,8:13:23
20337500,81350.00001473817,-3526465.6298351474,-3001856.669657837,301.46972384386976,54.6,8:12:04
20350000,81400.00001474835,-3529966.5761527326,-3005079.0232274067,301.6298188578414,54.6,8:10:45
20362500,81450.00001475854,-3529621.6421902627,-3004219.0092988405,301.92581268738644,54.6,8:09:26
20375000,81500.00001476872,-3529665.561588941,-3005713.909810358,301.0919975820505,54.6,8:08:07
20387500,81550.00001477891,-3526080.5224154666,-3001375.461010305,301.5249489978806,54.6,8:06:48
20400000,81600.0000147891,-3527157.9858272932,-3002987.428606649,301.21779292329666,54.6,8:05:29
20412500,81650.00001479928,-3529965.2709343843,-3007164.37271953,300.43071006047944,54.6,8:04:10
20425000,81700.00001480947,-3528229.706463998,-3004910.4695452927,300.7285765434593,54.6,8:02:51
20437500,81750.00001481966,-3530477.483152669,-3006756.156290464,300.9596399705615,54.6,8:01:32
20450000,81800.00001482984,-3527820.07197641,-3004673.5712395143,300.6293126479086,54.6,8:00:13
20462500,81850.00001484003,-3523240.0133364648,-2999752.589369854,300.8252262515942,54.6,7:58:54
20475000,81900.00001485021,-3526655.7535457127,-3002694.348091982,301.0976025906884,54.6,7:57:35
20487500,81950.0000148604,-3525793.582631644,-3005563.6825833875,298.953270355627,54.6,7:56:16
20500000,82000.00001487059,-3530532.1436688136,-3007017.5987026594,300.84081149863226,54.6,7:54:57
20512500,82050.00001488077,-3529480.267485734,-3004264.460269779,301.81845217876855,54.6,7:53:38
20525000,82100.00001489096,-3528108.3607317805,-3004471.7218006216,300.91097353684927,54.6,7:52:19
20537500,82150.00001490115,-3528521.4554790836,-3005055.677637929,300.81278717418786,54.6,7:51:00
20550000,82200.00001491133,-3528130.6394861545,-3004610.9096285887,300.8437910279592,54.6,7:49:40
20562500,82250.00001492152,-3529502.634336818,-3007440.019022641,300.00645130952245,54.6,7:48:21
20575000,82300.0000149317,-3529519.8039772864,-3005623.9668663107,301.05992334446177,54.6,7:47:02
20587500,82350.00001494189,-3524395.483294759,-2999013.4700764883,301.91396346702874,54.6,7:45:43
20600000,82400.00001495208,-3526938.12691913,-3001487.155467174,301.95359073465846,54.6,7:44:24
20612500,82450.00001496226,-3527935.899310475,-3004890.8118937016,300.5710348678246,54.6,7:43:05
20625000,82500.00001497245,-3530093.552667901,-3007890.7001124793,300.08703949157757,54.6,7:41:46
20637500,82550.00001498264,-3530423.822492564,-3007230.024540711,300.65649227962297,54.6,7:40:27
20650000,82600.00001499282,-3528691.3670582045,-3004672.006479394,301.13090685515834,54.6,7:39:08
20662500,82650.00001500301,-3528499.924318429,-3004119.9512103237,301.3381350343808,54.6,7:37:49
20675000,82700.0000150132,-3526598.5064521134,-3003628.174983568,300.52807590833487,54.6,7:36:30
20687500,82750.00001502338,-3527492.4652902316,-3004246.9636126524,300.6862041395026,54.6,7:35:11
20700000,82800.00001503357,-3529327.4673344605,-3006660.2523778398,300.3538881645505,54.6,7:33:52
20712500,82850.00001504376,-3527227.0767275654,-3002156.9810834043,301.73471813942865,54.6,7:32:33
20725000,82900.00001505394,-3526430.8528707176,-3003822.703195866,300.319945941799,54.6,7:31:14
20737500,82950.00001506413,-3529462.952988226,-3006642.9471908384,300.4416903487837,54.6,7:29:55
20750000,83000.00001507431,-3527582.2763219774,-3002927.7790448014,301.4958920147613,54.6,7:28:35
20762500,83050.0000150845,-3526583.340174239,-3002255.559945768,301.308142079238,54.6,7:27:16
20775000,83100.00001509469,-3525135.6609475818,-2999995.5032896735,301.774979700972,54.6,7:25:57
20787500,83150.00001510487,-3529152.9069675077,-3007306.9539530277,299.8819450036539,54.6,7:24:38
20800000,83200.00001511506,-3523657.5055550393,-2999899.8151710625,300.98053648910906,54.6,7:23:19
20812500,83250.00001512525,-3529653.972972229,-3005619.2770200823,301.1397194205465,54.6,7:22:00
20825000,83300.00001513543,-3527378.027812343,-3003510.917054972,301.04341557096626,54.6,7:20:41
20837500,83350.00001514562,-3527772.3670874164,-3003729.0425546765,301.1446778867682,54.6,7:19:22
20850000,83400.0000151558,-3525437.6050697714,-3003379.221557632,300.0040194787903,54.6,7:18:03
20862500,83450.00001516599,-3526575.819532329,-3003322.68760062,300.6905889113614,54.6,7:16:44
20875000,83500.00001517618,-3526964.778735973,-3001549.282017876,301.93320496348076,54.6,7:15:26
20887500,83550.00001518636,-3527406.0804205425,-3002454.758263115,301.6664642342089,54.6,7:14:07
20900000,83600.00001519655,-3529295.316868473,-3003817.116161177,301.9692381915472,54.6,7:12:48
20912500,83650.00001520674,-3526424.691840809,-3002249.1467838297,301.2206592137273,54.6,7:11:29
20925000,83700.00001521692,-3526265.3289487343,-3003087.079796089,300.6475570677622,54.6,7:10:10
20937500,83750.00001522711,-3527654.698963156,-3005094.4643569537,300.2924112567095,54.6,7:08:51
20950000,83800.0000152373,-3527059.6740185134,-3003961.32387292,300.6016426182964,54.6,7:07:33
20962500,83850.00001524748,-3526663.5012359098,-3000014.6623856877,302.6419525072723,54.6,7:06:14
20975000,83900.00001525767,-3529624.879640203,-3006299.3773539355,300.73217697496534,54.6,7:04:55
20987500,83950.00001526785,-3524297.7548872717,-3000564.281672255,300.96661994594473,54.6,7:03:36
21000000,84000.00001527804,-3530191.6097276527,-3008562.838410465,299.75714022280454,54.6,7:02:17
21012500,84050.00001528823,-3525490.130047722,-3001286.158107149,301.23699489496283,54.6,7:00:58
21025000,84100.00001529841,-3525812.980311351,-2999110.656727573,302.67268783411373,54.6,6:59:40
21037500,84150.0000153086,-3526097.8118780944,-3002449.666853657,300.91758558320475,54.6,6:58:21
21050000,84200.00001531879,-3528108.18455527,-3007547.223547481,299.14351654587887,54.6,6:57:02
21062500,84250.00001532897,-3525332.199969886,-3000722.9305464616,301.4699015540267,54.6,6:55:43
21075000,84300.00001533916,-3529305.1742592044,-3007872.088850455,299.64468812751994,54.6,6:54:24
21087500,84350.00001534935,-3529056.058009118,-3005991.044525881,300.5824855028878,54.6,6:53:06
21100000,84400.00001535953,-3529266.6339300144,-3006577.7073594774,300.3663648752977,54.6,6:51:47
21112500,84450.00001536972,-3527312.291232135,-3002211.4839788387,301.75236675206725,54.6,6:50:28
21125000,84500.0000153799,-3528046.8786419593,-3007042.3700548126,299.39840385511474,54.6,6:49:09
21137500,84550.00001539009,-3527462.880817188,-3003399.58674806,301.156153502088,54.5,6:47:50
21150000,84600.00001540028,-3528317.1373547204,-3006269.447916367,299.99787406436576,54.5,6:46:32
21162500,84650.00001541046,-3529948.979489699,-3005204.0304652154,301.5478706604803,54.5,6:45:13
21175000,84700.00001542065,-3528678.4730882123,-3006150.2020010287,300.2740432264564,54.5,6:43:54
21187500,84750.00001543084,-3529428.313691238,-3006586.936330965,300.4539716471416,54.5,6:42:35
21200000,84800.00001544102,-3526627.501573276,-3002673.695750828,301.0932354164347,54.5,6:41:16
21212500,84850.00001545121,-3524649.7446329817,-3001700.093656938,300.51619173776845,54.5,6:39:57
21225000,84900.0000154614,-3528181.2108873427,-3004295.3173471587,301.0542092111394,54.5,6:38:37
21237500,84950.00001547158,-3523843.195842022,-3001359.8118852004,300.24824856448583,54.5,6:37:18
21250000,85000.00001548177,-3525461.560328167,-3001271.6937522646,301.22888916152175,54.5,6:35:59
21262500,85050.00001549195,-3525128.3282794897,-2999656.3208354944,301.9656791951922,54.5,6:34:40
21275000,85100.00001550214,-3527122.128092658,-3002335.746421376,301.5716801824987,54.5,6:33:21
21287500,85150.00001551233,-3527856.2150368355,-3003402.0688285055,301.38075905672645,54.5,6:32:02
21300000,85200.00001552251,-3528550.3878716286,-3006785.2909915578,299.83548053514187,54.5,6:30:43
21312500,85250.0000155327,-3526324.016616456,-3004247.9422214776,300.0141856520145,54.5,6:29:24
21325000,85300.00001554289,-3528842.0319633204,-3005447.000588418,300.7721322878577,54.5,6:28:04
21337500,85350.00001555307,-3527949.3406053092,-3004501.5519541334,300.80244957695527,54.5,6:26:45
21350000,85400.00001556326,-3528403.893808907,-3005889.4579567183,300.2660927246732,54.5,6:25:26
21362500,85450.00001557345,-3527981.992056042,-3004288.5823219204,300.9435972234248,54.5,6:24:07
21375000,85500.00001558363,-3530312.6220438406,-3006272.65920274,301.14274607025897,54.5,6:22:48
21387500,85550.00001559382,-3527472.4987636246,-3002134.2475119294,301.88881538725917,54.5,6:21:29
21400000,85600.000015604,-3525558.4862123355,-3002495.674460102,300.58122026480027,54.5,6:20:10
21412500,85650.00001561419,-3526825.7914480604,-3001091.420595332,302.11644792081773,54.5,6:18:51
21425000,85700.00001562438,-3530785.0958347023,-3007745.733846841,300.56774471534106,54.5,6:17:32
21437500,85750.00001563456,-3529772.984083507,-3007539.810999286,300.10446336752693,54.5,6:16:12
21450000,85800.00001564475,-3530890.4355011657,-3007349.8245982695,300.855790447426,54.5,6:14:53
21462500,85850.00001565494,-3530089.6902025174,-3007122.342236667,300.52636142039853,54.5,6:13:34
21475000,85900.00001566512,-3528537.352504147,-3005780.894399827,300.4051722811674,54.5,6:12:15
21487500,85950.00001567531,-3524823.164471686,-2998770.5734759993,302.29931505786914,54.5,6:10:56
21500000,86000.0000156855,-3528234.5737956595,-3005437.5649908707,300.4284749873729,54.5,6:09:37
21512500,86050.00001569568,-3528610.1410482544,-3006436.6802847646,300.07014931990784,54.5,6:08:18
21525000,86100.00001570587,-3528145.8739650976,-3004176.8148690695,301.10200080269965,54.5,6:06:58
21537500,86150.00001571605,-3527790.2692435943,-3002181.1519017606,302.04447023037335,54.5,6:05:39
21550000,86200.00001572624,-3526914.3716677204,-3004004.417185677,300.49337990649553,54.5,6:04:20
21562500,86250.00001573643,-3528340.336500535,-3004290.477505161,301.14843295539123,54.5,6:03:01
21575000,86300.00001574661,-3527673.1469059847,-3004710.7192150094,300.5235339545709,54.5,6:01:42
21587500,86350.0000157568,-3526928.002616558,-3003008.6207073727,301.0734535056924,54.5,6:00:23
21600000,86400.00001576699,-3529939.7971939016,-3005434.656820208,301.4100631634359,54.5,5:59:04
21612500,86450.00001577717,-3523635.804720996,-3000850.8690737393,300.4215370741014,54.5,5:57:45
21625000,86500.00001578736,-3527675.1028169747,-3002987.9352609236,301.5146661888566,54.5,5:56:25
21637500,86550.00001579754,-3525538.1472632457,-3001724.600207507,301.0126348646403,54.5,5:55:06
21650000,86600.00001580773,-3525405.916045336,-3001288.5699666436,301.18721481753147,54.5,5:53:47
21662500,86650.00001581792,-3524523.9402294476,-2997773.5599616356,302.700303899344,54.5,5:52:28
21675000,86700.0000158281,-3528752.6285512745,-3004620.2098400197,301.1958763973387,54.5,5:51:09
21687500,86750.00001583829,-3528320.253341077,-3006166.120236005,300.05904256366046,54.5,5:49:50
21700000,86800.00001584848,-3527939.8268565238,-3006001.1757882354,299.9352145030408,54.5,5:48:30
21712500,86850.00001585866,-3527781.905293895,-3001666.3257234236,302.33551182477004,54.5,5:47:11
21725000,86900.00001586885,-3527779.328575738,-3002129.5708853328,302.06782445340565,54.5,5:45:52
21737500,86950.00001587904,-3525223.1708176024,-2999376.6481861244,302.1808966213446,54.5,5:44:33
21750000,87000.00001588922,-3528828.1911149435,-3007139.6959377844,299.791460901518,54.5,5:43:14
21762500,87050.00001589941,-3528199.176797077,-3004028.096118097,301.2180937318069,54.5,5:41:55
21775000,87100.0000159096,-3528591.3148290664,-3003674.5099382056,301.6466286774233,54.5,5:40:36
21787500,87150.00001591978,-3528478.8466427177,-3005058.2061382513,300.7868487296334,54.5,5:39:16
21800000,87200.00001592997,-3527383.868331818,-3003216.8014682,301.2157871684416,54.5,5:37:57
21812500,87250.00001594015,-3530067.5163360313,-3005353.855210064,301.5298908796502,54.5,5:36:38
21825000,87300.00001595034,-3528900.9371283986,-3004652.208721778,301.2627144698916,54.5,5:35:19
21837500,87350.00001596053,-3529489.9628091455,-3006373.4491129206,300.6120804129369,54.5,5:34:00
21850000,87400.00001597071,-3527949.26518829,-3003061.214716073,301.6301047761827,54.5,5:32:41
21862500,87450.0000159809,-3526409.6140357796,-3001998.267614405,301.3561638993167,54.5,5:31:22
21875000,87500.00001599109,-3525399.6206097994,-3001915.800428737,300.82315531435046,54.5,5:30:03
21887500,87550.00001600127,-3525802.529946437,-3001912.7912971843,301.0564188264092,54.5,5:28:43
21900000,87600.00001601146,-3528844.2018831223,-3005916.0400425238,300.50384287562537,54.5,5:27:24
21912500,87650.00001602164,-3527819.4644850716,-3004688.166911707,300.62057605768763,54.5,5:26:05
21925000,87700.00001603183,-3528222.476000862,-3003100.6455247384,301.76444787469586,54.5,5:24:46
21937500,87750.00001604202,-3523391.4673856646,-3000943.5846626223,300.2278475649681,54.5,5:23:27
21950000,87800.0000160522,-3530000.990244586,-3005682.431417732,301.3028429448162,54.5,5:22:08
21962500,87850.00001606239,-3529292.0069308896,-3006497.512879733,300.42702986893124,54.5,5:20:49
21975000,87900.00001607258,-3529094.31332656,-3004561.732254498,301.42583212734445,54.5,5:19:30
21987500,87950.00001608276,-3527444.281792788,-3003317.043475163,301.19289945268923,54.5,5:18:10
22000000,88000.00001609295,-3529746.4623011854,-3005712.8343675965,301.1391056771984,54.5,5:16:51
22012500,88050.00001610313,-3528261.2920323666,-3004391.8601115835,301.04474944161285,54.5,5:15:32
22025000,88100.00001611332,-3523802.367245583,-2999568.437836846,301.2542101359137,54.5,5:14:13
22037500,88150.00001612351,-3527662.0351311862,-3006640.6311349133,299.4081129045405,54.5,5:12:54
22050000,88200.0000161337,-3530368.3570308387,-3005383.989477725,301.685453971457,54.5,5:11:35
22062500,88250.00001614388,-3527204.1819970515,-3004083.993286412,300.61419228228095,54.5,5:10:15
22075000,88300.00001615407,-3528561.820004469,-3005441.416382538,300.61431578235926,54.5,5:08:56
22087500,88350.00001616425,-3529023.5084603988,-3005557.9331771475,300.81267077305904,54.5,5:07:37
22100000,88400.00001617444,-3526277.1414542776,-3001609.6912270277,301.50333550615807,54.5,5:06:18
22112500,88450.00001618463,-3527082.480936421,-3003116.220818642,301.1003923528562,54.5,5:04:59
22125000,88500.00001619481,-3527169.999414446,-3000482.640351236,302.66408838152046,54.5,5:03:40
22137500,88550.000016205,-3527858.5846124236,-3003614.65746611,301.2599553965079,54.5,5:02:21
22150000,88600.00001621518,-3527433.2593992986,-3003568.7612935137,301.0419141948712,54.5,5:01:02
22162500,88650.00001622537,-3529129.208466215,-3006515.9305016506,300.32289294461617,54.5,4:59:42
22175000,88700.00001623556,-3527880.4574796483,-3003843.0681200586,301.14126720348514,54.5,4:58:23
22187500,88750.00001624574,-3529403.132082682,-3005452.6781868683,301.091309211445,54.5,4:57:04
22200000,88800.00001625593,-3527242.7277572732,-3006033.6015817393,299.5159885945059,54.5,4:55:45
22212500,88850.00001626612,-3525045.798668653,-3002096.317230727,300.5160943116598,54.5,4:54:26
22225000,88900.0000162763,-3526567.003280584,-3001955.7142612585,301.47106212707195,54.5,4:53:07
22237500,88950.00001628649,-3523992.0450751353,-3001085.960772325,300.49115588450366,54.5,4:51:47
22250000,89000.00001629668,-3524085.38956324,-2999239.911219499,301.60564044410063,54.5,4:50:28
22262500,89050.00001630686,-3530236.1110607404,-3007027.2924446748,300.6651239955026,54.5,4:49:09
22275000,89100.00001631705,-3530159.262356948,-3004454.289169809,302.09955437381467,54.5,4:47:50
22287500,89150.00001632723,-3529538.2173513696,-3004508.4131764593,301.7115644020161,54.5,4:46:31
22300000,89200.00001633742,-3525195.996587962,-3000707.2039420493,301.4006688424202,54.5,4:45:12
22312500,89250.0000163476,-3529523.6006993074,-3005047.5970247053,301.39331958241536,54.5,4:43:52
22325000,89300.0000163578,-3527072.07501678,-3004097.090808357,300.5307496335521,54.5,4:42:33
22337500,89350.00001636798,-3529574.2572842333,-3004852.3635571133,301.5346217938824,54.5,4:41:14
22350000,89400.00001637817,-3529936.876405917,-3004648.7379387673,301.86001777138756,54.5,4:39:55
22362500,89450.00001638835,-3528667.731786998,-3003735.8754710443,301.6552780702296,54.5,4:38:36
22375000,89500.00001639854,-3528252.0696826447,-3005072.877034319,300.64809925328274,54.5,4:37:17
22387500,89550.00001640873,-3531675.6001067813,-3008454.9070964353,300.6719476882646,54.5,4:35:58
22400000,89600.00001641891,-3528168.550974807,-3004015.215676387,301.2078962411367,54.5,4:34:38
22412500,89650.0000164291,-3525327.6164910477,-3000390.755897444,301.6581538087617,54.5,4:33:19
22425000,89700.00001643928,-3527750.6456336733,-3005659.6191137293,300.02277798139954,54.5,4:32:00
22437500,89750.00001644947,-3525937.8271577656,-3001650.9069852605,301.28466160001767,54.5,4:30:41
22450000,89800.00001645966,-3525502.844700165,-3000839.9178956468,301.500736093824,54.5,4:29:22
22462500,89850.00001646984,-3526652.466639651,-3002166.8829203276,301.3988248132745,54.5,4:28:03
22475000,89900.00001648003,-3527257.6911563333,-3003172.0433245157,301.168999227526,54.5,4:26:43
22487500,89950.00001649022,-3525671.031193545,-3001435.3403675007,301.255222345063,54.5,4:25:24
22500000,90000.0000165004,-3524156.709339261,-3001420.8721277285,300.3933223599381,54.5,4:24:05
22512500,90050.00001651059,-3527446.015959546,-3005202.8204046264,300.1102228411596,54.5,4:22:46
22525000,90100.00001652077,-3524552.89336792,-3000844.7503199307,300.9520638116842,54.5,4:21:27
22537500,90150.00001653096,-3524495.2471882496,-3000758.566507132,300.9684631358123,54.5,4:20:08
22550000,90200.00001654115,-3524972.6162356418,-3000695.895210443,301.2788005980994,54.5,4:18:48
22562500,90250.00001655133,-3528382.44072113,-3004311.5615260527,301.1605123407635,54.5,4:17:29
22575000,90300.00001656152,-3529605.427583454,-3003813.0441591823,302.1497851972468,54.5,4:16:10
22587500,90350.0000165717,-3527850.511310464,-3006648.8883475335,299.5116768278315,54.5,4:14:51
22600000,90400.0000165819,-3528909.8878206704,-3005140.0758272223,300.9875022455816,54.5,4:13:32
22612500,90450.00001659208,-3524538.5239800457,-3000983.1990636103,300.8642459446346,54.5,4:12:13
22625000,90500.00001660227,-3527359.5775667764,-3002975.663844755,301.340399532091,54.5,4:10:53
22637500,90550.00001661245,-3527894.006820865,-3004976.3258395502,300.49781998620915,54.5,4:09:34
22650000,90600.00001662264,-3527918.0198010094,-3005545.969037639,300.1842702689702,54.5,4:08:15
22662500,90650.00001663282,-3526079.688045813,-3002226.619725654,301.0353459991713,54.5,4:06:56
22675000,90700.00001664301,-3529537.832547188,-3005918.1255182927,300.9012435164205,54.5,4:05:37
22687500,90750.0000166532,-3523920.4480647724,-3000389.4707829705,300.85025442857886,54.5,4:04:17
22700000,90800.00001666338,-3527837.9599348474,-3005820.547388117,299.9804752647853,54.5,4:02:58
22712500,90850.00001667357,-3529432.030796889,-3005420.8339850893,301.126215496884,54.5,4:01:39
22725000,90900.00001668376,-3524922.125414524,-3001162.4497705605,300.98167733081317,54.5,4:00:20
22737500,90950.00001669394,-3530481.575276142,-3007201.6104768086,300.7060085816428,54.5,3:59:01
22750000,91000.00001670413,-3525087.2244446836,-3002408.9484245204,300.36024447186645,54.5,3:57:42
22762500,91050.00001671432,-3525086.2079906203,-3000845.852048424,301.25790318238126,54.5,3:56:22
22775000,91100.0000167245,-3530012.58383845,-3007156.795390218,300.462253066326,54.5,3:55:03
22787500,91150.00001673469,-3525479.736248521,-3003012.060026705,300.2392220192042,54.5,3:53:44
22800000,91200.00001674487,-3527722.460062025,-3003733.3606591434,301.11351708669685,54.5,3:52:25
22812500,91250.00001675506,-3527058.7137325555,-3003248.3814742276,301.01078746179144,54.5,3:51:06
22825000,91300.00001676525,-3530804.039552247,-3007419.175281773,300.76628969957386,54.5,3:49:47
22837500,91350.00001677543,-3526679.5185530037,-3002763.551854139,301.0714909343479,54.5,3:48:28
22850000,91400.00001678562,-3524245.2886464577,-3001946.731128435,300.142036929357,54.5,3:47:09
22862500,91450.0000167958,-3528549.1426982246,-3004674.55408449,301.0477127665235,54.5,3:45:50
22875000,91500.00001680599,-3526112.1403133236,-3001905.231684457,301.2386824807192,54.5,3:44:31
22887500,91550.00001681618,-3528272.4533912763,-3003233.733167298,301.71668806374197,54.5,3:43:12
22900000,91600.00001682637,-3527807.245978806,-3003076.1644534804,301.5399016179002,54.5,3:41:53
22912500,91650.00001683655,-3528543.134525163,-3006286.035757026,300.11821240704086,54.5,3:40:34
22925000,91700.00001684674,-3527833.007719854,-3002565.8204257926,301.84797805257875,54.5,3:39:15
22937500,91750.00001685692,-3526556.953149164,-3003400.0457263305,300.6352929131611,54.5,3:37:56
22950000,91800.00001686711,-3529633.7940410636,-3005758.374983228,301.04818998626774,54.5,3:36:37
22962500,91850.0000168773,-3527859.1170198303,-3005077.454501625,300.41965615062105,54.5,3:35:18
22975000,91900.00001688748,-3525201.4568702355,-3001357.9221268417,301.0298674714053,54.5,3:33:59
22987500,91950.00001689767,-3527593.2385515403,-3003388.8515361985,301.23723342019855,54.5,3:32:40
23000000,92000.00001690786,-3530249.845395472,-3005956.109164884,301.28857848917505,54.5,3:31:21
23012500,92050.00001691804,-3529358.6284405068,-3006024.5305817593,300.7371164728745,54.5,3:30:02
23025000,92100.00001692823,-3528731.75673002,-3004501.418149449,301.2521466447086,54.5,3:28:43
23037500,92150.00001693841,-3526267.053177137,-3002555.7528210324,300.9538781779604,54.5,3:27:24
23050000,92200.0000169486,-3527325.176952785,-3004945.2718351465,300.1887838213339,54.5,3:26:05
23062500,92250.00001695879,-3524985.313491253,-3000491.9363871403,301.40330332915715,54.5,3:24:46
23075000,92300.00001696897,-3524833.889541706,-3001235.7660288294,300.8888404179079,54.5,3:23:26
23087500,92350.00001697916,-3525971.97933702,-3002242.687255362,300.9642172322767,54.5,3:22:07
23100000,92400.00001698935,-3529182.2465471514,-3005397.802663946,300.99591054985996,54.5,3:20:48
23112500,92450.00001699953,-3530053.5099125113,-3007877.2114471872,300.0717800224944,54.5,3:19:29
23125000,92500.00001700972,-3527892.5125150178,-3004049.331248522,301.0296643437601,54.5,3:18:10
23137500,92550.0000170199,-3527803.555565279,-3003778.647519079,301.1340947409723,54.5,3:16:51
23150000,92600.00001703009,-3524751.508237416,-3000186.8407480754,301.44427078182895,54.5,3:15:32
23162500,92650.00001704028,-3526991.964688804,-3003638.882467975,300.7480259517978,54.5,3:14:13
23175000,92700.00001705046,-3527251.6729170177,-3004991.70204846,300.119862876984,54.5,3:12:54
23187500,92750.00001706065,-3529034.4542742632,-3004014.7227944117,301.7057760666497,54.5,3:11:35
23200000,92800.00001707084,-3522402.6282495502,-2998567.2627674984,301.02517295577996,54.5,3:10:16
23212500,92850.00001708102,-3527407.5284380727,-3003982.751937158,300.78922550510197,54.5,3:08:57
23225000,92900.00001709121,-3527373.237397624,-3003725.3854797482,300.91741714773974,54.5,3:07:38
23237500,92950.0000171014,-3525256.9035244286,-3000911.4595962786,301.31829263149416,54.5,3:06:19
23250000,93000.00001711158,-3528500.561793683,-3005565.627369559,300.50773478186443,54.5,3:05:00
23262500,93050.00001712177,-3525735.272356324,-3000832.4114031596,301.63861570897296,54.5,3:03:41
23275000,93100.00001713196,-3527358.4833707623,-3005252.278718106,300.0315001875083,54.5,3:02:22
23287500,93150.00001714214,-3528090.822777074,-3006671.3347212276,299.63687432612505,54.5,3:01:03
23300000,93200.00001715233,-3528808.4517541826,-3004753.6716376483,301.15126090754205,54.5,2:59:44
23312500,93250.00001716251,-3529290.2730144598,-3004891.9935074104,301.34865491767124,54.5,2:58:25
23325000,93300.0000171727,-3525841.110841438,-3003805.150501965,299.99113386648736,54.5,2:57:06
23337500,93350.00001718289,-3531900.629417438,-3009682.014909603,300.0960971932221,54.5,2:55:47
23350000,93400.00001719307,-3526528.6840749756,-3002621.314709901,301.06655042429156,54.5,2:54:28
23362500,93450.00001720326,-3527817.4614229593,-3005566.3642822714,300.1147635353918,54.5,2:53:09
23375000,93500.00001721345,-3527640.3557871506,-3003835.081967901,301.00788059906546,54.5,2:51:50
23387500,93550.00001722363,-3530006.969380211,-3007434.531335645,300.2994240366518,54.5,2:50:31
23400000,93600.00001723382,-3526090.7627747376,-3002841.617769138,300.68829780006797,54.5,2:49:11
23412500,93650.000017244,-3526250.200261086,-3003482.9859236926,300.4113534158033,54.5,2:47:52
23425000,93700.00001725419,-3525433.9107641224,-3002006.8691309,300.79052717713375,54.5,2:46:33
23437500,93750.00001726438,-3527039.0998955797,-3001862.3085680567,301.7960314616175,54.5,2:45:14
23450000,93800.00001727456,-3525557.571892068,-3001826.695233767,300.9651278188643,54.5,2:43:55
23462500,93850.00001728475,-3526964.1214989666,-3002245.2312496924,301.5328958271045,54.5,2:42:36
23475000,93900.00001729494,-3528906.9006854333,-3004269.258473869,301.48620614898124,54.5,2:41:17
23487500,93950.00001730512,-3525335.1377398632,-3000861.5661621736,301.39192196315963,54.5,2:39:58
23500000,94000.00001731531,-3523625.783807613,-2997985.181847387,302.0625630574744,54.5,2:38:39
23512500,94050.0000173255,-3528015.825747587,-3005105.6792462165,300.49349025156755,54.5,2:37:19
23525000,94100.00001733568,-3526972.8639645744,-3004203.4364563976,300.41262522782995,54.5,2:36:00
23537500,94150.00001734587,-3525198.163384091,-3001589.5973078446,300.89484130034475,54.5,2:34:41
23550000,94200.00001735605,-3527279.833380118,-3003164.922650111,301.1858153296246,54.5,2:33:22
23562500,94250.00001736624,-3529419.2531137764,-3005772.6420134013,300.9167041044299,54.5,2:32:03
23575000,94300.00001737643,-3526551.6529662143,-3003355.1916922377,300.6580227738501,54.5,2:30:44
23587500,94350.00001738661,-3530714.894945873,-3007738.3234443436,300.53166178117226,54.5,2:29:25
23600000,94400.0000173968,-3528616.562887145,-3003683.6350872833,301.6558938049622,54.4,2:28:05
23612500,94450.00001740699,-3529269.8195217587,-3006575.408359249,300.36951662937156,54.4,2:26:46
23625000,94500.00001741717,-3527562.2547089458,-3005473.860172496,300.0212654961057,54.4,2:25:27
23637500,94550.00001742736,-3529376.5067392252,-3004434.877969001,301.6608938704041,54.4,2:24:08
23650000,94600.00001743755,-3527971.251066394,-3003749.6790082254,301.24710890938866,54.4,2:22:49
23662500,94650.00001744773,-3524745.97819918,-2999441.3408423816,301.86949895848824,54.4,2:21:30
23675000,94700.00001745792,-3527443.717853425,-3001738.641941042,302.09961340549967,54.4,2:20:11
23687500,94750.0000174681,-3527958.675111588,-3005221.168257974,300.39428182989667,54.4,2:18:51
23700000,94800.00001747829,-3529351.2537413687,-3004820.193618306,301.42495810476856,54.4,2:17:32
23712500,94850.00001748848,-3527676.643251978,-3004511.25968998,300.64016377799015,54.4,2:16:13
23725000,94900.00001749866,-3523999.967145726,-3000071.281935732,301.07879970398204,54.4,2:14:54
23737500,94950.00001750885,-3528274.134708591,-3002801.882500847,301.96581985016655,54.4,2:13:35
23750000,95000.00001751904,-3525489.2524067704,-3001097.0997988237,301.3451340579056,54.4,2:12:16
23762500,95050.00001752922,-3525555.4029104337,-3001273.3968010126,301.28183770383333,54.4,2:10:56
23775000,95100.00001753941,-3525209.14446887,-3002149.486996469,300.5794076387448,54.4,2:09:37
23787500,95150.0000175496,-3521891.2167667877,-2998142.07223233,300.9756255648015,54.4,2:08:18
23800000,95200.00001755978,-3527610.0826693233,-3002536.3733297028,301.7367947714631,54.4,2:06:59
23812500,95250.00001756997,-3526610.223917108,-3002710.8226542487,301.06197150597944,54.4,2:05:40
23825000,95300.00001758015,-3529158.820627583,-3002996.492603681,302.3623761073418,54.4,2:04:20
23837500,95350.00001759034,-3526782.801120812,-3004048.8140694746,300.3922591541498,54.4,2:03:01
23850000,95400.00001760053,-3528738.69478528,-3004097.493238357,301.48825154265387,54.4,2:01:42
23862500,95450.00001761071,-3527299.6602786295,-3002506.4677863265,301.5755940621466,54.4,2:00:23
23875000,95500.0000176209,-3524599.2744441833,-3001755.7739148824,300.45519173911305,54.4,1:59:04
23887500,95550.00001763109,-3527562.7521150913,-3006363.6363866553,299.51023603030796,54.4,1:57:44
23900000,95600.00001764127,-3525989.070276145,-3002952.293032213,300.5662593765503,54.4,1:56:25
23912500,95650.00001765146,-3529162.1522888597,-3008066.2508664345,299.45092330274946,54.4,1:55:06
23925000,95700.00001766164,-3528983.0449731573,-3005204.0824338645,300.99276066230374,54.4,1:53:47
23937500,95750.00001767183,-3523360.770473346,-3000982.368083542,300.1879202696607,54.4,1:52:28
23950000,95800.00001768202,-3528892.0225807577,-3005948.8577574724,300.5124644307089,54.4,1:51:08
23962500,95850.0000176922,-3527317.9841339234,-3003398.5284609734,301.0734958944875,54.4,1:49:49
23975000,95900.00001770239,-3528633.1074306984,-3006343.553452283,300.13686299066154,54.4,1:48:30
23987500,95950.00001771258,-3527920.2948824745,-3004685.9839296862,300.6797733215631,54.4,1:47:11
24000000,96000.00001772276,-3528849.806788558,-3004277.0460025985,301.44892164386505,54.4,1:45:51
24012500,96050.00001773295,-3528656.9854755346,-3005948.667701116,300.3775081483316,54.4,1:44:32
24025000,96100.00001774314,-3529309.0755405854,-3008539.5491811307,299.2633698914047,54.4,1:43:13
24037500,96150.00001775332,-3527055.173028292,-3002751.185168432,301.29446965017326,54.4,1:41:54
24050000,96200.00001776351,-3528316.9042943865,-3001991.0331858327,302.45635713379977,54.4,1:40:34
24062500,96250.0000177737,-3528181.1591111366,-3004215.4254118153,301.1000898432937,54.4,1:39:15
24075000,96300.00001778388,-3530075.833775161,-3006416.6227300055,300.92394473919154,54.4,1:37:56
24087500,96350.00001779407,-3526832.1951604914,-3003289.9281935673,300.8567421146737,54.4,1:36:36
24100000,96400.00001780425,-3524685.595840685,-3000319.1638905434,301.3303535257492,54.4,1:35:17
24112500,96450.00001781444,-3528255.7357886415,-3003057.735427941,301.8082193612918,54.4,1:33:58
24125000,96500.00001782463,-3529305.4680276588,-3004151.43981045,301.7829505020813,54.4,1:32:39
24137500,96550.00001783481,-3525029.8852013443,-3000934.3118442656,301.17470299087483,54.4,1:31:19
24150000,96600.000017845,-3526240.357762249,-3003666.25998126,300.3003778142633,54.4,1:30:00
24162500,96650.00001785519,-3532207.5797465984,-3009394.295574639,300.4378277259246,54.4,1:28:41
24175000,96700.00001786537,-3528773.1814247407,-3005922.3435860844,300.45940816847855,54.4,1:27:22
24187500,96750.00001787556,-3525739.319035463,-3000638.634361297,301.7522963112259,54.4,1:26:02
24200000,96800.00001788574,-3529226.6811059527,-3005171.730640192,301.15135879975907,54.4,1:24:43
24212500,96850.00001789593,-3529718.4819059055,-3005311.4728185516,301.35367142399,54.4,1:23:24
24225000,96900.00001790612,-3524099.0346094687,-3000935.791755286,300.6389336072479,54.4,1:22:04
24237500,96950.0000179163,-3528884.9103328567,-3006954.3428194444,299.93056923915645,54.4,1:20:45
24250000,97000.00001792649,-3522542.868720662,-2999221.106151333,300.730027923923,54.4,1:19:26
24262500,97050.00001793668,-3530083.9411311653,-3005327.735394696,301.5543393983619,54.4,1:18:06
24275000,97100.00001794686,-3526692.166904656,-3001137.503164146,302.01317813778735,54.4,1:16:47
24287500,97150.00001795705,-3530504.4004751947,-3008607.4292415064,299.91126293305143,54.4,1:15:28
24300000,97200.00001796724,-3529518.2416354828,-3005218.96029304,301.2917650213664,54.4,1:14:08
24312500,97250.00001797742,-3527615.3890385386,-3003293.867180193,301.3045456688512,54.4,1:12:49
24325000,97300.00001798761,-3526425.4179503955,-3002564.784425366,301.03969339007824,54.4,1:11:30
24337500,97350.0000179978,-3526857.3483747374,-3002276.844086373,301.4533714945323,54.4,1:10:10
24350000,97400.00001800798,-3526804.0905128177,-3002560.3221377144,301.2598641576681,54.4,1:08:51
24362500,97450.00001801817,-3526887.3250542674,-3003874.7029074896,300.55237850332605,54.4,1:07:32
24375000,97500.00001802835,-3526102.1433197074,-3002236.342290268,301.04266292785917,54.4,1:06:12
24387500,97550.00001803854,-3527692.24831496,-3003948.753841593,300.97237872289446,54.4,1:04:53
24400000,97600.00001804873,-3528940.7340747304,-3005387.227303421,300.8632011364998,54.4,1:03:34
24412500,97650.00001805891,-3525402.4703883864,-3003400.8145038546,299.9714206031946,54.4,1:02:14
24425000,97700.0000180691,-3524193.04676822,-3000259.9774466828,301.08131906029604,54.4,1:00:55
24437500,97750.00001807928,-3527857.2355395816,-3005287.026295272,300.29814324305335,54.4,59:35
24450000,97800.00001808947,-3524115.631711101,-2998600.485703723,301.9904690325326,54.4,58:16
24462500,97850.00001809966,-3527072.4480648525,-3001777.8227636074,301.86374546998167,54.4,56:57
24475000,97900.00001810984,-3527719.6498949993,-3002763.148523761,301.6694405008678,54.4,55:38
24487500,97950.00001812003,-3527941.0364544317,-3004077.5308977943,301.04134382047766,54.3,54:18
24500000,98000.00001813022,-3527586.049354855,-3002419.0838402603,301.79038499856625,54.3,52:59
24512500,98050.0000181404,-3525361.089569738,-3001237.9737682296,301.19053042377533,54.3,51:40
24525000,98100.00001815059,-3527704.222607387,-3003485.413125444,301.2455213781893,54.3,50:21
24537500,98150.00001816078,-3531883.347975483,-3007945.7199964975,301.08393872047407,54.3,49:01
24550000,98200.00001817096,-3529879.54789488,-3009765.7278942605,298.88656425153556,54.3,47:42
24562500,98250.00001818115,-3528909.0638680235,-3004383.7229670864,301.4216715190529,54.3,46:23
24575000,98300.00001819133,-3527071.413968131,-3003589.7401028136,300.8219219209773,54.3,45:03
24587500,98350.00001820152,-3524800.430988392,-2999234.780096146,302.01949197123486,54.3,43:44
24600000,98400.00001821171,-3524259.839238193,-3001096.0410101283,300.63925275622086,54.3,42:25
24612500,98450.0000182219,-3528238.8527938463,-3004190.306751065,301.147678459213,54.3,41:05
24625000,98500.00001823208,-3528263.9756933916,-3005749.1950784614,300.26629084467567,54.3,39:46
24637500,98550.00001824227,-3529126.3080725167,-3006274.162002814,300.4601599513917,54.3,38:26
24650000,98600.00001825245,-3526641.4775776863,-3001834.4905791814,301.58352115888147,54.3,37:07
24662500,98650.00001826264,-3529434.8178108484,-3007334.4641408743,300.0281378847889,54.3,35:47
24675000,98700.00001827283,-3527886.2572270427,-3005452.190368821,300.2199081943735,54.3,34:28
24687500,98750.00001828301,-3527382.6128401067,-3002053.7076108633,301.88344463871783,54.3,33:09
24700000,98800.0000182932,-3529830.9998942483,-3006435.934164889,300.77215202985457,54.3,31:49
24712500,98850.00001830338,-3526415.562445486,-3004006.3550576298,300.2056225488074,54.3,30:30
24725000,98900.00001831357,-3526541.176759513,-3003217.0113712344,300.7314087184201,54.3,29:10
24737500,98950.00001832376,-3527046.7821413893,-3004011.917738575,300.5651601507893,54.3,27:51
24750000,99000.00001833394,-3526701.2161231562,-3002697.1073054755,301.1221423380327,54.3,26:31
24762500,99050.00001834413,-3524591.040653225,-2999506.9947375576,301.7427347476414,54.3,25:12
24775000,99100.00001835432,-3529375.0927719716,-3005619.295908271,300.9794483661869,54.3,23:52
24787500,99150.0000183645,-3527209.1811915003,-3001783.5423438568,301.93903319979717,54.3,22:33
24800000,99200.00001837469,-3530824.442807274,-3007343.4845395656,300.82151069846697,54.3,21:13
24812500,99250.00001838488,-3530443.554704046,-3008329.4024961013,300.03606729840396,54.3,19:54
24825000,99300.00001839506,-3529610.5677098203,-3005253.7609750754,301.32482233728695,54.3,18:34
24837500,99350.00001840525,-3527829.242888732,-3002748.832090479,301.7406458053505,54.3,17:15
24850000,99400.00001841543,-3527658.4468883425,-3001538.2606761004,302.33815905943015,54.3,15:55
24862500,99450.00001842562,-3530886.8555747177,-3008093.0002770065,300.426662805386,54.3,14:35
24875000,99500.0000184358,-3528159.804533072,-3002042.4928068193,302.33650721860533,54.3,13:16
24887500,99550.000018446,-3529180.15941705,-3004624.3053498436,301.4392060952938,54.3,11:56
24900000,99600.00001845618,-3529248.12445708,-3003796.339514174,301.9540582121714,54.3,10:37
24912500,99650.00001846637,-3525801.3638251126,-3002285.039416681,300.84183406593974,54.3,9:17
24925000,99700.00001847655,-3525865.3242285177,-3002803.3271779153,300.58075209156186,54.3,7:57
24937500,99750.00001848674,-3527292.9147436135,-3003470.7425476145,301.01759135385396,54.3,6:38
24950000,99800.00001849692,-3529588.619558286,-3005915.0459534638,300.9321982712985,54.3,5:18
24962500,99850.00001850711,-3527613.596176164,-3003248.439448659,301.3296207113193,54.2,3:58
24975000,99900.0000185173,-3528205.751902219,-3005083.1050099153,300.61560489129783,54.2,2:39
24987500,99950.00001852748,-3527288.2146267463,-3004548.3914783043,300.3956129027816,54.2,1:19
25000000,100000.00001853767,-3531088.655356206,-3006942.6947180694,301.2036583478336,54.2,0:00
25012500,100050.00001854786,-3528043.8790906277,-3003208.746443634,301.5996952266566,54.2,23:58:41
25025000,100100.00001855804,-3524095.101789912,-2998948.208931233,301.77885012498416,54.2,23:57:21
25037500,100150.00001856823,-3529430.69536029,-3004968.818752202,301.38520137787793,54.2,23:56:02
25050000,100200.00001857842,-3526944.444155624,-3003678.7754430887,300.6977932485733,54.2,23:54:42
25062500,100250.0000185886,-3528364.992042521,-3003850.3627485903,301.4155160290571,54.2,23:53:22
25075000,100300.00001859879,-3527604.1297441367,-3003730.0463929316,301.04742241434343,54.2,23:52:03
25087500,100350.00001860897,-3526374.9834558554,-3003593.404743906,300.41960799084734,54.2,23:50:43
25100000,100400.00001861916,-3525651.1562643405,-3001663.755555205,301.1125409220229,54.2,23:49:23
