#"Step","Time (ps)","Potential Energy (kJ/mole)","Total Energy (kJ/mole)","Temperature (K)","Speed (ns/day)","Time Remaining"
112500,450.00000000069247,-3626517.2060651183,-3088205.757300939,300.80183652203425,0,--
125000,500.0000000009312,-3629640.78217113,-3091065.880122753,300.94905098664645,52.8,1:21:14:54
137500,550.00000000117,-3628552.115512401,-3088400.2203216613,301.83025541671066,52.6,1:21:20:18
150000,600.0000000014087,-3629125.5930405855,-3090498.9614243405,300.9779568348369,52.7,1:21:18:37
162500,650.0000000016474,-3627649.4365250617,-3089128.752560591,300.9187545862092,52.7,1:21:17:02
175000,700.0000000018862,-3626006.106728494,-3086924.155219786,301.23238400738245,52.7,1:21:14:18
187500,750.0000000021249,-3627109.1044191606,-3087586.430765737,301.47865413749145,52.7,1:21:14:17
200000,800.0000000023637,-3630356.988274146,-3092564.7466242053,300.5117099533779,52.6,1:21:14:23
212500,850.0000000026024,-3629819.6981587056,-3093109.0036874013,299.90735465243495,52.6,1:21:13:04
225000,900.0000000028411,-3627352.5697984565,-3088532.5184530746,301.08603740766785,52.6,1:21:11:36
237500,950.0000000030799,-3626076.8760627937,-3085422.9553987663,302.1107810950936,52.6,1:21:10:10
250000,1000.0000000033186,-3628546.6558611635,-3088347.6978208325,301.85655355995385,52.6,1:21:07:59
262500,1050.0000000028183,-3626905.403132869,-3088545.447015556,300.82894183614354,52.6,1:21:06:29
275000,1100.000000001636,-3629612.072856672,-3091266.4473790703,300.8209340504027,52.6,1:21:05:39
287500,1150.0000000004536,-3627383.7145856954,-3089573.0780257247,300.52198880353495,52.6,1:21:05:39
300000,1199.9999999992713,-3627709.00008408,-3089127.2763313246,300.95286287140163,52.5,1:21:08:56
312500,1249.999999998089,-3628666.3559839986,-3089646.3208584986,301.19778589169573,52.4,1:21:12:37
325000,1299.9999999969066,-3624523.129680576,-3087376.567506348,300.1509121799984,52.4,1:21:13:10
337500,1349.9999999957242,-3630816.6643868536,-3093257.395800308,300.3815274623865,52.4,1:21:13:06
350000,1399.999999994542,-3625211.2806946635,-3087519.2072193045,300.45573720573464,52.2,1:21:19:43
362500,1449.9999999933596,-3628280.733213052,-3089310.341683248,301.17004565917557,52,1:21:28:57
375000,1499.9999999921772,-3626357.182089843,-3087782.850928973,300.94873198170785,51.8,1:21:40:19
387500,1549.9999999909949,-3630084.017746318,-3091408.4495755467,301.00530198142144,51.6,1:21:49:41
400000,1599.9999999898125,-3629485.383483352,-3090990.9996379474,300.90405840218034,51.4,1:21:58:34
412500,1649.9999999886302,-3627160.158044122,-3089707.9480399527,300.32170443936104,51.2,1:22:06:31
425000,1699.9999999874478,-3627552.2500642072,-3088936.5682693836,300.9718382088989,51,1:22:13:26
437500,1749.9999999862655,-3627407.839983143,-3088755.90230311,300.992097552966,50.9,1:22:19:27
450000,1799.9999999850832,-3626186.0684124064,-3086820.3270182223,301.3909623154112,50.8,1:22:25:36
462500,1849.9999999839008,-3628380.9089934025,-3089321.1509031034,301.21998259732226,50.6,1:22:31:02
475000,1899.9999999827185,-3627674.039634291,-3088532.7973844074,301.26551494649823,50.5,1:22:35:29
487500,1949.9999999815361,-3628498.105332099,-3089635.5083601833,301.10981138205904,50.4,1:22:39:53
500000,1999.9999999803538,-3627332.667381566,-3089516.2326328503,300.52522876030565,50.3,1:22:44:20
512500,2049.9999999791717,-3629570.529111959,-3090382.496250229,301.2916609666277,50.2,1:22:48:52
525000,2099.9999999779893,-3629941.665630853,-3090995.829682788,301.156324301213,50.1,1:22:52:59
537500,2149.999999976807,-3626759.3130969033,-3088706.9445044436,300.6570656990496,50.1,1:22:54:38
550000,2199.9999999756246,-3627345.6297236905,-3087680.3184027895,301.5583583169825,50,1:22:58:16
562500,2249.9999999744423,-3626750.0405638535,-3087437.7724671992,301.3610820924681,49.9,1:23:00:21
575000,2299.99999997326,-3624975.2143176123,-3087527.128431243,300.31939993290655,49.9,1:23:01:24
587500,2349.9999999720776,-3629202.769134883,-3091259.910091216,300.5958731060454,49.8,1:23:03:01
600000,2399.9999999708953,-3628917.9148790613,-3091398.9952042615,300.3589809852815,49.8,1:23:03:45
612500,2449.999999969713,-3630184.392159838,-3092482.419006411,300.46126902444445,49.8,1:23:02:02
625000,2499.9999999685306,-3630447.2801344525,-3092985.372042845,300.3271236116988,49.8,1:22:59:53
637500,2549.9999999673482,-3626984.5278648175,-3088021.3663155986,301.16600563468245,49.8,1:22:58:50
650000,2599.999999966166,-3625112.4998449963,-3085421.589242632,301.57266288155284,49.7,1:23:00:48
662500,2649.9999999649835,-3630218.520740891,-3092565.5016348083,300.43391410308755,49.7,1:23:02:24
675000,2699.999999963801,-3628210.3641813975,-3091391.2955523375,299.9679128028498,49.6,1:23:03:48
687500,2749.999999962619,-3633768.6719923187,-3094590.3406719966,301.28623986425424,49.6,1:23:04:07
700000,2799.9999999614365,-3625754.676672805,-3086259.629763913,301.4632166514204,49.6,1:23:03:21
712500,2849.999999960254,-3628522.2288008425,-3089671.963200263,301.10292076296986,49.5,1:23:04:07
725000,2899.999999959072,-3626601.6257807855,-3088761.0033033225,300.5387445665273,49.5,1:23:06:46
737500,2949.9999999578895,-3628798.202998562,-3090941.629845648,300.54765760837387,49.4,1:23:08:55
750000,2999.999999956707,-3628863.077801984,-3089489.5289363936,301.3953250346937,49.4,1:23:09:54
762500,3049.999999955525,-3630625.840919826,-3094594.3552820073,299.5278210850857,49.3,1:23:11:39
775000,3099.9999999543425,-3626608.6382444594,-3089785.0425446294,299.9704424744829,49.2,1:23:13:37
787500,3149.99999995316,-3626544.10646799,-3089229.6124861157,300.2447504148463,49.2,1:23:15:38
800000,3199.9999999519778,-3629104.480831677,-3090106.7736744885,301.1853092968001,49.1,1:23:17:38
812500,3249.9999999507954,-3630412.803012034,-3091911.0953422897,300.90815086541295,49.1,1:23:19:29
825000,3299.999999949613,-3628332.432719823,-3089102.489697485,301.31507985045187,49,1:23:20:48
837500,3349.9999999484307,-3628684.4224126283,-3090452.9586693565,300.7571418731678,49,1:23:22:42
850000,3399.9999999472484,-3628324.4240637235,-3090223.040143517,300.68445486314374,48.9,1:23:23:51
862500,3449.999999946066,-3629055.929943394,-3088811.3009352935,301.88207393670274,48.9,1:23:24:25
875000,3499.9999999448837,-3623849.3120622057,-3085526.6506708404,300.80810200061086,48.8,1:23:24:52
887500,3549.9999999437014,-3626685.805532232,-3088206.795450862,300.89546773135856,48.8,1:23:25:33
900000,3599.999999942519,-3628831.169907935,-3089291.769504695,301.4880008401767,48.8,1:23:26:39
912500,3649.9999999413367,-3629277.5551486164,-3090264.60592296,301.1938263777539,48.7,1:23:27:33
925000,3699.9999999401543,-3627991.9979746137,-3089367.355351372,300.9768454099366,48.7,1:23:27:29
937500,3749.999999938972,-3626083.2057063337,-3088058.036392879,300.64186707547276,48.7,1:23:27:56
950000,3799.9999999377897,-3630305.2495220285,-3091347.955243461,301.16272707579003,48.6,1:23:28:18
962500,3849.9999999366073,-3628761.577847231,-3089776.932709752,301.1780104003596,48.6,1:23:28:57
975000,3899.999999935425,-3628392.0008062944,-3090326.435705885,300.6644397458696,48.6,1:23:29:38
987500,3949.9999999342426,-3629097.0935321692,-3092452.0948685626,299.87064464068857,48.5,1:23:30:03
1000000,3999.9999999330603,-3628863.0691971537,-3092422.3742235387,299.75648224399646,48.5,1:23:30:34
1012500,4049.999999931878,-3628234.867247075,-3089613.5121176858,300.9750083986849,48.5,1:23:31:28
1025000,4099.999999930696,-3625033.0354060438,-3086195.2796233124,301.09593043015803,48.4,1:23:32:20
1037500,4149.999999929513,-3627897.346345585,-3087078.0223886557,302.2032064269083,48.4,1:23:32:57
1050000,4199.999999928331,-3626911.3431466166,-3086590.721506506,301.92453768760987,48.3,1:23:33:44
1062500,4249.999999927149,-3626885.202733401,-3089621.8987205606,300.21614608786757,48.3,1:23:34:20
1075000,4299.999999925966,-3628807.4594632294,-3089701.8685225546,301.24559343208665,48.3,1:23:34:50
1087500,4349.999999924784,-3628968.925007781,-3088904.171584593,301.78156166557926,48.2,1:23:35:00
1100000,4399.9999999236015,-3628595.2441376913,-3089174.7953372477,301.42153214317926,48.2,1:23:35:11
1112500,4449.999999922419,-3629812.1665148437,-3091598.9600842707,300.7469399107121,48.2,1:23:35:35
1125000,4499.999999921237,-3630092.0922105163,-3090681.1553602843,301.41621698204136,48.2,1:23:35:49
1137500,4549.9999999200545,-3627479.3637091555,-3089829.2764308443,300.43227583368014,48.1,1:23:35:36
1150000,4599.999999918872,-3628839.656115994,-3091385.461643157,300.3228133361179,48.1,1:23:35:32
1162500,4649.99999991769,-3628527.8579787426,-3092962.7203253875,299.26723154996216,48.1,1:23:35:25
1175000,4699.9999999165075,-3628333.7599658743,-3089993.53457014,300.8179165508736,48.1,1:23:35:20
1187500,4749.999999915325,-3629262.225172166,-3090565.0260061347,301.01738911632236,48,1:23:35:06
1200000,4799.999999914143,-3628556.438296331,-3091352.1727687623,300.18315610625723,48,1:23:35:10
1212500,4849.99999991296,-3628358.9083695803,-3089201.317794126,301.2746501903556,48,1:23:34:50
1225000,4899.999999911778,-3630049.1624990925,-3091449.8528909152,300.96268963176493,48,1:23:34:33
1237500,4949.999999910596,-3628067.8213692643,-3088744.563310764,301.36722314838335,48,1:23:34:18
1250000,4999.999999909413,-3628530.423917992,-3090145.4901532847,300.842899039219,47.9,1:23:34:06
1262500,5049.999999908231,-3629354.760707449,-3090821.0450147223,300.9260365561571,47.9,1:23:34:08
1275000,5099.999999907049,-3628170.8066900913,-3091375.757775371,299.95449088101884,47.9,1:23:34:03
1287500,5149.999999905866,-3630461.7063939553,-3089902.788819414,302.0576945336645,47.9,1:23:34:00
1300000,5199.999999904684,-3628430.46717583,-3091146.872879914,300.2274840492405,47.8,1:23:33:49
1312500,5249.999999903502,-3631299.315838743,-3091428.8681183113,301.6729860215541,47.8,1:23:33:40
1325000,5299.999999902319,-3630260.6985871475,-3089931.8129377207,301.9291555146787,47.8,1:23:33:04
1337500,5349.999999901137,-3631902.360253811,-3093208.1753778146,301.01570476801373,47.8,1:23:32:46
1350000,5399.999999899955,-3630169.854483729,-3092265.6483101016,300.5742743562488,47.8,1:23:32:22
1362500,5449.999999898772,-3628792.0868502837,-3088468.3300695494,301.9262895657458,47.7,1:23:31:43
1375000,5499.99999989759,-3629775.4110820815,-3091991.7731122216,300.5069023224515,47.7,1:23:31:11
1387500,5549.999999896408,-3629751.0047585033,-3089364.361776244,301.96142960401585,47.7,1:23:30:31
1400000,5599.999999895225,-3630364.328451924,-3091727.76842621,300.983504708301,47.7,1:23:29:44
1412500,5649.999999894043,-3629002.4205744285,-3091171.970557126,300.5330603205292,47.7,1:23:29:01
1425000,5699.999999892861,-3627733.6405597534,-3091495.043889204,299.6435521904751,47.7,1:23:28:24
1437500,5749.999999891678,-3628694.9958349355,-3089563.294478539,301.2601836122128,47.7,1:23:27:56
1450000,5799.999999890496,-3631226.807410324,-3091583.4807693074,301.54607354745036,47.6,1:23:27:30
1462500,5849.999999889314,-3628250.589334512,-3089078.9048324698,301.28252570370614,47.6,1:23:26:59
1475000,5899.999999888131,-3630636.664304899,-3092680.945913452,300.60305875189727,47.6,1:23:26:19
1487500,5949.999999886949,-3630240.808053959,-3091135.95370639,301.2451818328917,47.6,1:23:25:49
1500000,5999.999999885767,-3627587.4400785808,-3088603.5240349993,301.17760299163007,47.6,1:23:25:05
1512500,6049.999999884584,-3627451.3218997195,-3089690.170792226,300.4943369395064,47.6,1:23:24:20
1525000,6099.999999883402,-3629934.913958788,-3088919.0849753823,302.3130110260592,47.5,1:23:23:43
1537500,6149.9999998822195,-3629064.018235583,-3089827.5075934725,301.31874975584515,47.5,1:23:23:09
1550000,6199.999999881037,-3627750.2316796537,-3090562.4633893166,300.17393765238984,47.5,1:23:22:35
1562500,6249.999999879855,-3628007.9958158433,-3089048.943457052,301.16370946946034,47.5,1:23:22:03
1575000,6299.9999998786725,-3627852.36329381,-3091767.245322502,299.5577901753724,47.5,1:23:21:14
1587500,6349.99999987749,-3628628.20346066,-3091283.605897068,300.26157192716477,47.5,1:23:20:44
1600000,6399.999999876308,-3625901.6988520175,-3088889.969218685,300.0755694095308,47.5,1:23:19:56
1612500,6449.9999998751255,-3624593.6931739207,-3085165.3281746693,301.42595561800056,47.4,1:23:19:14
1625000,6499.999999873943,-3629207.076744778,-3090571.323252301,300.98305402741823,47.4,1:23:18:29
1637500,6549.999999872761,-3628091.583153881,-3088685.99312117,301.41322924597597,47.4,1:23:17:44
1650000,6599.999999871578,-3627864.4347139765,-3088844.371123069,301.19780179781634,47.4,1:23:17:02
1662500,6649.999999870396,-3630308.531734867,-3090558.49368779,301.60570257260787,47.4,1:23:16:05
1675000,6699.999999869214,-3627914.5875742007,-3090064.1776516587,300.54421367081886,47.4,1:23:15:20
1687500,6749.999999868031,-3628435.786000492,-3090177.4318557074,300.77216789978957,47.4,1:23:14:28
1700000,6799.999999866849,-3627449.107546415,-3089115.1702682367,300.81440282789157,47.4,1:23:13:30
1712500,6849.999999865667,-3630418.6181024592,-3092577.367574037,300.53909551370197,47.4,1:23:12:44
1725000,6899.999999864484,-3629090.7944701463,-3090064.699099762,301.20117228222335,47.3,1:23:11:57
1737500,6949.999999863302,-3626949.7430253066,-3088341.481731127,300.96769172413286,47.3,1:23:10:59
1750000,6999.99999986212,-3626890.3904242404,-3088357.145781615,300.9257733391367,47.3,1:23:09:55
1762500,7049.999999860937,-3625769.952589797,-3088549.132191295,300.19240676513084,47.3,1:23:08:50
1775000,7099.999999859755,-3626082.1267713495,-3087311.130881615,301.0586258205949,47.3,1:23:07:47
1787500,7149.999999858573,-3630410.8867355175,-3091776.447044331,300.9823198913676,47.3,1:23:07:01
1800000,7199.99999985739,-3631996.42160799,-3095204.2898146147,299.9528608293823,47.3,1:23:06:18
1812500,7249.999999856208,-3631228.702667618,-3090878.02669062,301.9413316825214,47.3,1:23:05:36
1825000,7299.999999855026,-3630114.6205948703,-3091058.838273747,301.21776098626,47.3,1:23:04:44
1837500,7349.999999853843,-3625912.8672008757,-3087595.5753439013,300.80510157063713,47.2,1:23:03:45
1850000,7399.999999852661,-3628501.730911972,-3090044.4448384047,300.88332862218937,47.2,1:23:02:51
1862500,7449.999999851479,-3629931.248517072,-3092425.137515356,300.35182365582904,47.2,1:23:01:48
1875000,7499.999999850296,-3628438.4423144646,-3089307.149874472,301.2599551147407,47.2,1:23:00:48
1887500,7549.999999849114,-3628323.240430834,-3087567.0904029673,302.1679056100186,47.2,1:22:59:59
1900000,7599.999999847932,-3627919.797994552,-3088742.9509085123,301.2854104923377,47.2,1:22:59:02
1912500,7649.999999846749,-3628847.4431563634,-3089426.433488389,301.42184554907766,47.2,1:22:58:02
1925000,7699.999999845567,-3626874.34737904,-3087460.0421117027,301.4180992122144,47.2,1:22:56:56
1937500,7749.999999844385,-3627344.9390566945,-3088223.463753041,301.2544694193372,47.2,1:22:55:56
1950000,7799.999999843202,-3627886.901974786,-3091267.7598415734,299.8561963285705,47.2,1:22:54:50
1962500,7849.99999984202,-3625121.590565186,-3086151.2287430447,301.1700290588981,47.2,1:22:53:49
1975000,7899.9999998408375,-3628924.6779621076,-3090238.9683031216,301.0109689206756,47.2,1:22:52:48
1987500,7949.999999839655,-3627431.371005716,-3087759.378400751,301.5620917365881,47.1,1:22:51:36
2000000,7999.999999838473,-3626933.407436887,-3088590.4472032636,300.81944474474983,47.1,1:22:50:30
2012500,8049.9999998372905,-3630857.51458955,-3092645.5263464954,300.7462592024651,47.1,1:22:49:29
2025000,8099.999999836108,-3627548.642015828,-3087073.1120368736,302.01109856779135,47.1,1:22:48:27
2037500,8149.999999834926,-3626410.555797754,-3087486.9007859724,301.1439298660116,47.1,1:22:46:58
2050000,8199.999999835562,-3624573.8301776256,-3084420.6938800397,301.8309489319972,47.1,1:22:45:55
2062500,8249.999999845748,-3628119.7989592645,-3089284.232987076,301.09470679087934,47.1,1:22:44:58
2075000,8299.999999855934,-3627093.6350610014,-3088135.4094947116,301.1632474679491,47.1,1:22:44:04
2087500,8349.99999986612,-3629400.1184478886,-3091643.0049810275,300.4920807554328,47.1,1:22:43:07
2100000,8399.999999876307,-3629885.861472966,-3090685.9780851137,301.298282895308,47.1,1:22:41:57
2112500,8449.999999886493,-3632254.40038462,-3093207.8675092477,301.2125925093955,47.1,1:22:40:56
2125000,8499.99999989668,-3629597.717341818,-3089559.7063145526,301.7666183426664,47.1,1:22:39:52
2137500,8549.999999906866,-3626721.656699607,-3087008.9705651538,301.58483078186174,47.1,1:22:38:53
2150000,8599.999999917052,-3631177.2760934476,-3092306.365648462,301.1144568488665,47,1:22:37:48
2162500,8649.999999927239,-3625803.8115848545,-3086570.072798703,301.3172008767253,47,1:22:36:48
2175000,8699.999999937425,-3628203.66475188,-3090823.624870294,300.28137665984804,47,1:22:35:47
2187500,8749.999999947611,-3625339.774042107,-3085722.171729572,301.5316991081395,47,1:22:34:41
2200000,8799.999999957798,-3625937.8253747784,-3087336.6137502976,300.9637524551519,47,1:22:33:36
2212500,8849.999999967984,-3630224.279646298,-3092199.2677582884,300.6417791080644,47,1:22:32:23
2225000,8899.99999997817,-3625959.896850964,-3085198.5390953096,302.1708156244467,47,1:22:31:20
2237500,8949.999999988357,-3630186.7781727985,-3090706.7849507183,301.4548048358259,47,1:22:30:11
2250000,8999.999999998543,-3627634.11989701,-3089190.955615511,300.87543753794995,47,1:22:29:09
2262500,9050.00000000873,-3626022.3320545387,-3087508.4302052935,300.91496482338675,47,1:22:28:12
2275000,9100.000000018916,-3629273.915814927,-3090288.075948426,301.17867800028654,47,1:22:27:05
2287500,9150.000000029102,-3629599.1547565535,-3090940.7480697865,300.9957123546026,47,1:22:25:49
2300000,9200.000000039288,-3628421.1956944484,-3090082.939027666,300.81681644927653,47,1:22:24:30
2312500,9250.000000049475,-3630783.522281373,-3092043.2562493756,301.0414543529167,47,1:22:23:18
2325000,9300.000000059661,-3630172.9728190657,-3093157.2841849797,300.0777816506045,46.9,1:22:21:58
2337500,9350.000000069847,-3632132.161096614,-3093917.254371953,300.74789001419856,46.9,1:22:20:37
2350000,9400.000000080034,-3625672.9782580957,-3087117.5547864437,300.9381665968286,46.9,1:22:19:13
2362500,9450.00000009022,-3625890.1307394374,-3086585.7609709543,301.3566686035394,46.9,1:22:17:53
2375000,9500.000000100406,-3627136.9774941076,-3086871.622631739,301.893655289917,46.9,1:22:16:37
2387500,9550.000000110593,-3626415.7494423985,-3087375.801788562,301.20891276835266,46.9,1:22:15:18
2400000,9600.000000120779,-3633181.370685706,-3094943.293940038,300.76083713781486,46.9,1:22:14:04
2412500,9650.000000130965,-3626220.072965091,-3088127.8360132785,300.67934364936986,46.9,1:22:12:44
2425000,9700.000000141152,-3626961.7638567705,-3089286.9505161312,300.4460924541057,46.9,1:22:11:12
2437500,9750.000000151338,-3628049.0532192755,-3089664.8795594135,300.84247430195217,46.9,1:22:09:49
2450000,9800.000000161524,-3632462.219541589,-3095618.2581267767,299.9818225862803,46.9,1:22:08:27
2462500,9850.00000017171,-3627147.539653208,-3087657.255675165,301.46055518406746,46.9,1:22:07:06
2475000,9900.000000181897,-3629140.213870922,-3089741.532648206,301.4093686876699,46.9,1:22:05:48
2487500,9950.000000192083,-3628529.7380103376,-3091477.121942254,300.0984162478995,46.9,1:22:04:28
2500000,10000.00000020227,-3624039.3729507085,-3083585.376928993,301.99906565654663,46.9,1:22:03:10
2512500,10050.000000212456,-3628791.0997131355,-3087860.0565546295,302.26563374679176,46.9,1:22:01:46
2525000,10100.000000222642,-3627668.2956593074,-3089126.7460732046,300.9304140397124,46.9,1:22:00:24
2537500,10150.000000232829,-3629487.3260744773,-3092213.2362834867,300.222173048437,46.9,1:21:59:04
2550000,10200.000000243015,-3630256.9284985587,-3090206.9262447646,301.7733188930082,46.9,1:21:57:40
2562500,10250.000000253202,-3629894.0608124007,-3090758.428046626,301.26238043556435,46.9,1:21:56:16
2575000,10300.000000263388,-3629773.5811863337,-3092217.032109039,300.38000783396507,46.9,1:21:54:57
2587500,10350.000000273574,-3629729.289340522,-3090408.424043527,301.3658861025953,46.9,1:21:53:34
2600000,10400.00000028376,-3634074.367608331,-3095808.330947657,300.7764607954617,46.9,1:21:52:08
2612500,10450.000000293947,-3630577.153741479,-3095737.589773227,298.86178987207825,46.9,1:21:50:47
2625000,10500.000000304133,-3627749.7442794237,-3087710.0265791174,301.76757201063367,46.9,1:21:49:27
2637500,10550.00000031432,-3627767.2201333176,-3091330.1328713717,299.7544662989553,46.9,1:21:48:09
2650000,10600.000000324506,-3627768.3495737687,-3090779.009770696,300.0630582469368,46.9,1:21:46:48
2662500,10650.000000334692,-3625739.1978285834,-3085149.6889071567,302.07478860317764,46.9,1:21:45:21
2675000,10700.000000344879,-3628594.7086219694,-3088633.6913605705,301.723595170437,46.9,1:21:44:00
2687500,10750.000000355065,-3626102.7730299253,-3086676.222123447,301.4249419252041,46.9,1:21:42:40
2700000,10800.000000365251,-3627445.1791642476,-3087774.5270013125,301.561342714019,46.9,1:21:41:19
2712500,10850.000000375438,-3628878.929179648,-3090623.6210465073,300.77046582583466,46.9,1:21:39:55
2725000,10900.000000385624,-3627848.402195772,-3091079.626827401,299.93980954549846,46.9,1:21:38:35
2737500,10950.00000039581,-3628448.2617433686,-3089208.599191334,301.3205110044604,46.8,1:21:37:13
2750000,11000.000000405997,-3628231.244357884,-3088939.2956116535,301.3497278886174,46.8,1:21:35:46
2762500,11050.000000416183,-3629036.481519947,-3091346.8011232135,300.45439998274384,46.8,1:21:34:17
2775000,11100.00000042637,-3628100.5143075455,-3089425.649425907,301.00490899207813,46.8,1:21:32:51
2787500,11150.000000436556,-3627715.0139921755,-3088201.600290003,301.4734797902825,46.8,1:21:31:26
2800000,11200.000000446742,-3628821.9592404924,-3089107.910918932,301.58559195531325,46.8,1:21:29:58
2812500,11250.000000456928,-3627155.3784391414,-3085794.5318583967,302.5058026286717,46.8,1:21:28:32
2825000,11300.000000467115,-3629649.735875085,-3090693.280759918,301.1622581615718,46.8,1:21:27:03
2837500,11350.000000477301,-3631435.9707100447,-3092438.826072248,301.18499496786166,46.8,1:21:25:29
2850000,11400.000000487487,-3629295.6882840265,-3090044.206216665,301.3271156046885,46.8,1:21:24:03
2862500,11450.000000497674,-3627263.215816941,-3089285.8935661535,300.61513072357934,46.8,1:21:22:41
2875000,11500.00000050786,-3629455.6476975847,-3090945.754136561,300.91272504108036,46.8,1:21:21:10
2887500,11550.000000518046,-3630418.61855324,-3091946.2465231977,300.8917584696758,46.8,1:21:19:48
2900000,11600.000000528233,-3629165.814783776,-3088655.2712343307,302.03066372162783,46.8,1:21:18:26
2912500,11650.000000538419,-3628702.2188070547,-3088262.14814016,301.9912843390327,46.8,1:21:17:00
2925000,11700.000000548605,-3626440.38409571,-3087368.125607833,301.22696766620265,46.8,1:21:15:30
2937500,11750.000000558792,-3628048.6800372545,-3089235.10742554,301.08241717074003,46.8,1:21:14:03
2950000,11800.000000568978,-3629615.469760826,-3089000.0570545057,302.08926332053085,46.8,1:21:12:34
2962500,11850.000000579164,-3631018.1748920754,-3091437.8027132154,301.51089536597686,46.8,1:21:11:10
2975000,11900.00000058935,-3631132.4994342253,-3092869.4371853676,300.7747987306125,46.8,1:21:09:45
2987500,11950.000000599537,-3624540.062456088,-3085713.802714159,301.08950658352836,46.8,1:21:08:20
3000000,12000.000000609723,-3628704.5228319354,-3092011.031494015,299.89774175245356,46.8,1:21:06:50
3012500,12050.00000061991,-3628961.106265327,-3089885.9115982857,301.2286083671147,46.8,1:21:05:25
3025000,12100.000000630096,-3630085.748859333,-3091677.793574649,300.85576318228055,46.8,1:21:04:01
3037500,12150.000000640282,-3628043.154508222,-3092599.0404269923,299.1996050619108,46.8,1:21:02:35
3050000,12200.000000650469,-3631231.6980939712,-3092326.7554626446,301.13347361727386,46.8,1:21:01:04
3062500,12250.000000660655,-3628763.306812471,-3090387.1881121863,300.83797328931416,46.8,1:20:59:30
3075000,12300.000000670841,-3627843.7593084164,-3089617.813697733,300.7540584083438,46.8,1:20:57:56
3087500,12350.000000681028,-3625732.84070749,-3086383.3527766066,301.3818800794269,46.8,1:20:56:34
3100000,12400.000000691214,-3627899.177815227,-3090081.3393973056,300.52601311344495,46.8,1:20:55:08
3112500,12450.0000007014,-3630249.1321455687,-3092662.400616538,300.3968734178828,46.8,1:20:53:35
3125000,12500.000000711587,-3624593.329700295,-3086687.49561204,300.57518401497987,46.8,1:20:52:01
3137500,12550.000000721773,-3628261.9043646846,-3090057.4478059197,300.74205058964117,46.8,1:20:50:30
3150000,12600.00000073196,-3630380.6989817247,-3092343.5745007033,300.64854747650867,46.8,1:20:48:59
3162500,12650.000000742146,-3628886.994677959,-3090404.6544024367,300.89732860301456,46.8,1:20:47:29
3175000,12700.000000752332,-3630447.9397906605,-3093541.83414015,300.0165480231447,46.8,1:20:45:58
3187500,12750.000000762519,-3625248.3599589113,-3086600.804345827,300.98964890769,46.8,1:20:44:26
3200000,12800.000000772705,-3631418.871135734,-3092227.462928072,301.29354706854434,46.8,1:20:42:55
3212500,12850.000000782891,-3626477.1744811255,-3088137.9286883003,300.8173691607804,46.8,1:20:41:22
3225000,12900.000000793078,-3627013.9821137283,-3088878.5792367216,300.70346423904584,46.8,1:20:39:54
3237500,12950.000000803264,-3627509.7172378637,-3087721.559644915,301.6270033073994,46.8,1:20:38:28
3250000,13000.00000081345,-3629785.693070719,-3090315.797532251,301.44916237404624,46.8,1:20:37:04
3262500,13050.000000823637,-3628665.143186556,-3092496.7046972113,299.6043486591332,46.8,1:20:35:35
3275000,13100.000000833823,-3628879.395469282,-3089808.8562835995,301.22600694121917,46.8,1:20:34:10
3287500,13150.00000084401,-3626229.882187996,-3089076.4466877077,300.1547529103165,46.8,1:20:32:43
3300000,13200.000000854196,-3629798.754798699,-3091874.3713537864,300.58554916801893,46.8,1:20:31:19
3312500,13250.000000864382,-3629649.4268684257,-3090996.10200361,300.992872694812,46.8,1:20:29:49
3325000,13300.000000874568,-3630003.3392640166,-3091950.8383700466,300.65713962751124,46.8,1:20:28:21
3337500,13350.000000884755,-3628892.716331424,-3090505.9523673626,300.84392173217543,46.8,1:20:26:50
3350000,13400.000000894941,-3624406.080318887,-3087653.3001481346,299.93087162521016,46.8,1:20:25:27
3362500,13450.000000905127,-3628027.9127549324,-3090068.9255708563,300.6048853131348,46.8,1:20:24:02
3375000,13500.000000915314,-3625950.38785829,-3087256.159858645,301.01572886498,46.8,1:20:22:38
3387500,13550.0000009255,-3628474.670812037,-3090052.0451691896,300.8639607985267,46.8,1:20:21:11
3400000,13600.000000935686,-3628891.8048710115,-3090383.4099352495,300.911887627661,46.8,1:20:19:47
3412500,13650.000000945873,-3628297.0558075327,-3089297.11664187,301.1865565157654,46.8,1:20:18:20
3425000,13700.000000956059,-3631229.3533010054,-3093392.215100354,300.53679759537096,46.8,1:20:16:52
3437500,13750.000000966245,-3630860.591373142,-3093953.1941622044,300.0172697312733,46.8,1:20:15:27
3450000,13800.000000976432,-3630741.0265108533,-3091410.2323453715,301.3714342325528,46.8,1:20:13:56
3462500,13850.000000986618,-3629010.9484850876,-3089784.6942897188,301.3130185791757,46.8,1:20:12:26
3475000,13900.000000996804,-3627578.035645766,-3088673.8781279456,301.1330349054742,46.8,1:20:10:58
3487500,13950.00000100699,-3626710.0640864465,-3089275.8195926924,300.31166553244327,46.8,1:20:09:30
3500000,14000.000001017177,-3627031.2106206715,-3088066.244798018,301.16701384055267,46.8,1:20:08:02
3512500,14050.000001027363,-3628381.055614358,-3088491.1648218627,301.6838505718021,46.8,1:20:06:37
3525000,14100.00000103755,-3628276.512299219,-3090462.423388566,300.5239179347619,46.8,1:20:05:05
3537500,14150.000001047736,-3629648.925264014,-3090800.242145014,301.1020364916686,46.8,1:20:03:37
3550000,14200.000001057922,-3629021.8831502106,-3091242.602529574,300.5044674891375,46.8,1:20:02:10
3562500,14250.000001068109,-3630263.5504412074,-3090596.4981530616,301.55933114813024,46.8,1:20:00:41
3575000,14300.000001078295,-3629030.790606074,-3090649.982697854,300.8405935612074,46.8,1:19:59:11
3587500,14350.000001088481,-3631756.3946125656,-3093449.421961357,300.7993353249946,46.8,1:19:57:39
3600000,14400.000001098668,-3626593.7705706246,-3089778.780612968,299.9656336912845,46.8,1:19:56:11
3612500,14450.000001108854,-3628414.9768860713,-3089235.5148789417,301.2868716781772,46.8,1:19:54:45
3625000,14500.00000111904,-3629865.881167596,-3091725.0048410855,300.70652273551053,46.8,1:19:53:14
3637500,14550.000001129227,-3628120.3220356703,-3088649.9323049393,301.4494385226226,46.8,1:19:51:43
3650000,14600.000001139413,-3631526.5637879316,-3092108.2972502573,301.42031272150354,46.8,1:19:50:16
3662500,14650.0000011496,-3630165.6018949524,-3091533.775688989,300.98085950787276,46.8,1:19:48:45
3675000,14700.000001159786,-3629550.5659214966,-3090552.670302992,301.1854146066723,46.8,1:19:47:11
3687500,14750.000001169972,-3628429.1976995226,-3089986.406811387,300.8752288903176,46.8,1:19:45:42
3700000,14800.000001180159,-3628413.134718502,-3088882.1525903735,301.48329681127376,46.8,1:19:44:12
3712500,14850.000001190345,-3629150.4802091774,-3090135.0998712587,301.19518485347464,46.8,1:19:42:45
3725000,14900.000001200531,-3631315.5046511367,-3092362.2337507964,301.1604788613731,46.8,1:19:41:13
3737500,14950.000001210718,-3626370.2370413207,-3086339.9177366225,301.7623203024157,46.8,1:19:39:39
3750000,15000.000001220904,-3625955.570813738,-3088919.1849717726,300.08934699656777,46.8,1:19:38:06
3762500,15050.00000123109,-3628136.992167644,-3089728.372422223,300.8561344747924,46.7,1:19:36:39
3775000,15100.000001241277,-3629924.955362575,-3091449.5040612323,300.893479128719,46.7,1:19:35:08
3787500,15150.000001251463,-3626389.5166156944,-3087952.318437841,300.8721037523924,46.7,1:19:33:38
3800000,15200.00000126165,-3626678.4953322206,-3088255.0102324765,300.86444105250155,46.7,1:19:32:11
3812500,15250.000001271836,-3628644.321614677,-3090475.0851268126,300.7223700459085,46.7,1:19:30:43
3825000,15300.000001282022,-3626485.2407277934,-3089217.974692022,300.2183600176969,46.7,1:19:29:14
3837500,15350.000001292208,-3626205.6177298855,-3088276.737502679,300.58806191482256,46.7,1:19:27:43
3850000,15400.000001302395,-3627042.111541964,-3089851.6790643744,300.17542636755707,46.7,1:19:26:10
3862500,15450.000001312581,-3627009.003279064,-3088054.2219626866,301.161322863333,46.7,1:19:24:41
3875000,15500.000001322767,-3627700.803726623,-3088913.748807602,301.06759940923627,46.7,1:19:23:11
3887500,15550.000001332954,-3626761.1493884735,-3090183.163478672,299.8331987356065,46.7,1:19:21:39
3900000,15600.00000134314,-3630361.0187838934,-3092279.310378852,300.67346042654066,46.7,1:19:20:07
3912500,15650.000001353326,-3628182.309791604,-3088200.9105720986,301.7349843586929,46.7,1:19:18:38
3925000,15700.000001363513,-3627324.271211788,-3088196.196857134,301.2581568881152,46.7,1:19:17:11
3937500,15750.000001373699,-3629581.425622074,-3090802.6398094133,301.0629787340021,46.7,1:19:15:42
3950000,15800.000001383885,-3631066.402571976,-3090897.2392285164,301.8399046486999,46.7,1:19:14:10
3962500,15850.000001394072,-3630611.3086432703,-3091487.4669094263,301.25579175150904,46.7,1:19:12:42
3975000,15900.000001404258,-3623824.1212519743,-3083376.1034103744,301.9957251228055,46.7,1:19:11:10
3987500,15950.000001414444,-3625287.207513543,-3086895.7819458237,300.84652657913625,46.7,1:19:09:42
4000000,16000.00000142463,-3630235.888837399,-3092924.991490651,300.2427406592415,46.7,1:19:08:15
4012500,16050.000001434817,-3626063.5107415747,-3088355.77148725,300.4644910509188,46.7,1:19:06:44
4025000,16100.000001445003,-3624601.054447744,-3088648.384180769,299.4837800223321,46.7,1:19:05:18
4037500,16150.00000145519,-3628606.224877231,-3089627.137117457,301.17490500584523,46.7,1:19:03:50
4050000,16200.000001465376,-3629556.7118931413,-3091885.2417544355,300.44422431386135,46.7,1:19:02:22
4062500,16250.000001475562,-3627541.143607104,-3089122.87364937,300.8615268950972,46.7,1:19:00:52
4075000,16300.000001485749,-3631817.2408719957,-3094322.7418589788,300.3453350189358,46.7,1:18:59:24
4087500,16350.000001495935,-3623089.2277603187,-3085931.808890494,300.15697876836725,46.7,1:18:57:54
4100000,16400.00000150612,-3624582.34414343,-3086202.6547356676,300.83996855686684,46.7,1:18:56:26
4112500,16450.000001516306,-3628726.7282299697,-3091457.4945731508,300.21945950021046,46.7,1:18:54:57
4125000,16500.000001526492,-3629730.6444700398,-3090550.3993321457,301.28730928204516,46.7,1:18:53:29
4137500,16550.00000153668,-3626350.1055665687,-3089192.4941723654,300.1570863486293,46.7,1:18:51:55
4150000,16600.000001546865,-3628260.7605097387,-3090899.8622786077,300.2706805402985,46.7,1:18:50:23
4162500,16650.00000155705,-3625711.6236277167,-3085789.101701181,301.7020844493647,46.7,1:18:48:50
4175000,16700.000001567238,-3629034.705492286,-3088444.3311807895,302.07527217253676,46.7,1:18:47:20
4187500,16750.000001577424,-3628891.828356374,-3091635.2720499225,300.2123755522812,46.7,1:18:45:48
4200000,16800.00000158761,-3628363.016548423,-3088951.9312637793,301.41629992537037,46.7,1:18:44:16
4212500,16850.000001597797,-3631247.8401194923,-3092533.625247181,301.02689728433654,46.7,1:18:42:43
4225000,16900.000001607983,-3629262.714908844,-3090548.6634962517,301.02680594504994,46.7,1:18:41:13
4237500,16950.00000161817,-3629680.70685409,-3090113.039144264,301.5037962644692,46.7,1:18:39:45
4250000,17000.000001628356,-3630503.618978085,-3092361.4952093256,300.7072197909423,46.7,1:18:38:15
4262500,17050.000001638542,-3628095.9932890534,-3090344.539748911,300.4889180577873,46.7,1:18:36:46
4275000,17100.00000164873,-3627653.799080923,-3089494.5484570777,300.7167900675464,46.7,1:18:35:12
4287500,17150.000001658915,-3632307.0885033384,-3093969.1683571744,300.81662840568185,46.7,1:18:33:37
4300000,17200.0000016691,-3625523.89160333,-3086516.4862587713,301.1907285249784,46.7,1:18:32:04
4312500,17250.000001679287,-3629752.017711755,-3089845.70116854,301.69302907988344,46.7,1:18:30:31
4325000,17300.000001689474,-3627565.704336511,-3088341.851064226,301.3116769727979,46.7,1:18:28:57
4337500,17350.00000169966,-3623594.588347787,-3085894.4417020148,300.4602483943642,46.7,1:18:27:27
4350000,17400.000001709846,-3629341.2517537307,-3092255.1942361165,300.1171029198213,46.7,1:18:25:56
4362500,17450.000001720033,-3628551.0846130755,-3091214.9607234513,300.2568369420601,46.7,1:18:24:26
4375000,17500.00000173022,-3631451.1102913134,-3091934.639319985,301.4751881547969,46.7,1:18:22:51
4387500,17550.000001740405,-3627366.2370853033,-3089298.337204182,300.665744392701,46.7,1:18:21:22
4400000,17600.00000175059,-3626398.8651470933,-3088470.908039486,300.58754608691044,46.7,1:18:19:52
4412500,17650.000001760778,-3627006.082634438,-3087630.6470350497,301.3963793184039,46.7,1:18:18:20
4425000,17700.000001770964,-3628221.5326518826,-3090423.374858566,300.5150158217497,46.7,1:18:16:48
4437500,17750.00000178115,-3629212.8819983434,-3089868.586048663,301.37897886399736,46.7,1:18:15:15
4450000,17800.000001791337,-3629205.120303601,-3089865.7913686386,301.376203357081,46.7,1:18:13:41
4462500,17850.000001801523,-3630531.737425944,-3092299.5021250383,300.7575730101125,46.7,1:18:12:10
4475000,17900.00000181171,-3632967.9710277636,-3093788.5196797214,301.28686572200996,46.7,1:18:10:37
4487500,17950.000001821896,-3628819.6779245716,-3091938.692342236,300.00251123708324,46.7,1:18:09:03
4500000,18000.000001832082,-3628105.449449068,-3089486.7678627465,300.9735144556028,46.7,1:18:07:33
4512500,18050.00000184227,-3629764.5120463558,-3091869.1409040075,300.56933744910947,46.7,1:18:06:02
4525000,18100.000001852455,-3627802.5328825377,-3088828.2248690175,301.17223414225026,46.7,1:18:04:28
4537500,18150.00000186264,-3629933.6498747803,-3091528.957167725,300.8539400939089,46.7,1:18:02:59
4550000,18200.000001872828,-3628152.928900216,-3088798.538626554,301.3846194484565,46.7,1:18:01:28
4562500,18250.000001883014,-3628112.5378910024,-3091446.407563527,299.8824527553311,46.7,1:17:59:57
4575000,18300.0000018932,-3630841.8919682354,-3091009.9322616123,301.6514793913973,46.7,1:17:58:25
4587500,18350.000001903387,-3630606.995646991,-3091854.3379455414,301.04837866585353,46.7,1:17:56:57
4600000,18400.000001913573,-3629356.464655271,-3092028.285117035,300.25239773592205,46.7,1:17:55:25
4612500,18450.00000192376,-3627959.0336493533,-3088981.779362262,301.1738804837932,46.7,1:17:53:53
4625000,18500.000001933946,-3632514.7812605742,-3094917.804672466,300.4025982312649,46.7,1:17:52:22
4637500,18550.000001944132,-3629307.953258559,-3090664.268850634,300.9874857257177,46.7,1:17:50:49
4650000,18600.00000195432,-3629556.76867019,-3093424.408696716,299.5841884268776,46.7,1:17:49:18
4662500,18650.000001964505,-3625780.5009602644,-3087041.0982203986,301.04097195585956,46.7,1:17:47:50
4675000,18700.00000197469,-3628237.7421843223,-3089630.8439344964,300.96693007166243,46.7,1:17:46:18
4687500,18750.000001984878,-3629215.3493253645,-3091751.435114908,300.3282446063113,46.7,1:17:44:47
4700000,18800.000001995064,-3625143.5251707025,-3087103.1537518166,300.6503618255718,46.7,1:17:43:18
4712500,18850.00000200525,-3628391.411031479,-3090247.782149863,300.7080608295502,46.7,1:17:41:45
4725000,18900.000002015437,-3628146.237602884,-3089178.118450881,301.16877588232546,46.7,1:17:40:14
4737500,18950.000002025623,-3629898.410614997,-3093029.8369364766,299.9955756174326,46.7,1:17:38:41
4750000,19000.00000203581,-3631158.7699228246,-3094083.886931396,300.1108587316162,46.7,1:17:37:12
4762500,19050.000002045996,-3631220.8021705486,-3091797.702503737,301.4230134147992,46.7,1:17:35:40
4775000,19100.000002056182,-3629599.546089705,-3089373.5891978466,301.87164018711394,46.7,1:17:34:09
4787500,19150.00000206637,-3628791.335010834,-3091445.1420378294,300.2624634223809,46.7,1:17:32:36
4800000,19200.000002076555,-3629152.0780876502,-3092779.6878813948,299.7183143775837,46.7,1:17:31:06
4812500,19250.00000208674,-3629150.4505633097,-3090568.7898641396,300.95282763783143,46.7,1:17:29:32
4825000,19300.000002096927,-3628432.2546213567,-3089242.0011519697,301.29290181495617,46.7,1:17:28:02
4837500,19350.000002107114,-3626184.830612406,-3086910.9807263836,301.33961446747054,46.7,1:17:26:31
4850000,19400.0000021173,-3627538.5225165356,-3089333.4332175124,300.74240415713837,46.7,1:17:24:58
4862500,19450.000002127486,-3627245.091825774,-3090418.5913985195,299.9720656005484,46.7,1:17:23:27
4875000,19500.000002137673,-3628651.296200754,-3087934.629134055,302.14584301547825,46.7,1:17:21:55
4887500,19550.00000214786,-3628421.82398594,-3092001.587803159,299.74505012255435,46.7,1:17:20:24
4900000,19600.000002158045,-3632279.0481593423,-3092227.926138833,301.7739446049174,46.7,1:17:18:53
4912500,19650.00000216823,-3628730.2132234834,-3090456.3674093573,300.78082445465094,46.7,1:17:17:21
4925000,19700.000002178418,-3628944.297240814,-3088395.915567844,302.0518072010633,46.7,1:17:15:50
4937500,19750.000002188604,-3627808.767038826,-3090372.4517127746,300.3128226881374,46.7,1:17:14:19
4950000,19800.00000219879,-3626761.566565415,-3086656.3535371027,301.8041699967865,46.7,1:17:12:49
4962500,19850.000002208977,-3627775.1600633413,-3087373.2304434255,301.96997158968554,46.7,1:17:11:21
4975000,19900.000002219163,-3627807.0753635876,-3089072.6433361024,301.03819438273473,46.7,1:17:09:51
4987500,19950.00000222935,-3625425.8858759776,-3086745.133238326,301.00819899793976,46.7,1:17:08:19
5000000,20000.000002239536,-3628690.884421658,-3089920.2390591027,301.0584299503054,46.7,1:17:06:48
5012500,20050.000002249722,-3627775.789617082,-3088716.868391251,301.21951496771953,46.7,1:17:05:14
5025000,20100.00000225991,-3629271.0567356274,-3089807.1906096693,301.44579321227144,46.7,1:17:03:43
5037500,20150.000002270095,-3623899.2731816713,-3085423.8690730655,300.89345275799633,46.7,1:17:02:11
5050000,20200.00000228028,-3629137.8439510353,-3089922.584583019,301.3068748044755,46.7,1:17:00:40
5062500,20250.000002290468,-3630515.0886509847,-3091555.2782996655,301.1641330263901,46.7,1:16:59:08
5075000,20300.000002300654,-3630343.1741264462,-3089773.9880799144,302.0634324298958,46.7,1:16:57:37
5087500,20350.00000231084,-3628343.6451168247,-3088803.265606202,301.48854795337587,46.7,1:16:56:05
5100000,20400.000002321027,-3628716.8483219687,-3089124.1995373257,301.5177553827462,46.7,1:16:54:35
5112500,20450.000002331213,-3626854.4167964254,-3088768.3882039445,300.67587449430533,46.7,1:16:53:05
5125000,20500.0000023414,-3628070.7882515546,-3088930.841338666,301.26479112806936,46.7,1:16:51:35
5137500,20550.000002351586,-3628504.946411656,-3088910.179615386,301.51893890167145,46.7,1:16:50:04
5150000,20600.000002361772,-3630433.686697947,-3092427.5441910177,300.63123512930264,46.7,1:16:48:36
5162500,20650.00000237196,-3631277.8411693405,-3092202.7845257074,301.22853124132683,46.7,1:16:47:05
5175000,20700.000002382145,-3625817.4247663915,-3088774.9142309427,300.09276940018214,46.7,1:16:45:31
5187500,20750.00000239233,-3630847.5083499383,-3095002.318738291,299.42372115011716,46.7,1:16:44:00
5200000,20800.000002402518,-3626962.4291812126,-3088844.0871867007,300.6939308271169,46.7,1:16:42:32
5212500,20850.000002412704,-3628765.982594112,-3091255.661680951,300.35417610272026,46.7,1:16:41:04
5225000,20900.00000242289,-3627588.621084504,-3089675.320065298,300.57935644443194,46.7,1:16:39:35
5237500,20950.000002433077,-3628324.7134963553,-3089014.08258079,301.36016725575155,46.7,1:16:38:05
5250000,21000.000002443263,-3627614.19264275,-3089014.064579287,300.9631469745423,46.7,1:16:36:35
5262500,21050.00000245345,-3629585.3802905697,-3092479.390614357,300.12824076562794,46.7,1:16:35:04
5275000,21100.000002463636,-3627412.9951138888,-3089207.392153244,300.74269118495386,46.7,1:16:33:34
5287500,21150.000002473822,-3626885.7265399713,-3087668.938714182,301.30772888793626,46.7,1:16:32:05
5300000,21200.00000248401,-3626558.1557053328,-3087537.4650645214,301.1981521856135,46.7,1:16:30:35
5312500,21250.000002494195,-3628539.035901066,-3091386.3621746413,300.1543272404227,46.7,1:16:29:04
5325000,21300.00000250438,-3629818.9912961274,-3091137.907837326,301.0083838567413,46.7,1:16:27:32
5337500,21350.000002514567,-3629046.962090099,-3088482.056564617,302.06104052722316,46.7,1:16:26:01
5350000,21400.000002524754,-3628528.459447829,-3086638.4525622316,302.80149091819214,46.7,1:16:24:32
5362500,21450.00000253494,-3628039.350396134,-3090057.2761910823,300.6177860573511,46.7,1:16:23:01
5375000,21500.000002545126,-3630096.0074111484,-3092852.264598856,300.2052155288703,46.7,1:16:21:28
5387500,21550.000002555313,-3627116.6969615705,-3089987.1816255813,300.14138661582723,46.7,1:16:19:54
5400000,21600.0000025655,-3627264.765526889,-3088177.0710912785,301.2355930845127,46.7,1:16:18:21
5412500,21650.000002575685,-3626941.0014179423,-3087980.4605619046,301.1645412234691,46.7,1:16:16:52
5425000,21700.00000258587,-3628520.510938676,-3089090.9419202595,301.4266284091457,46.7,1:16:15:22
5437500,21750.000002596058,-3627823.4861959983,-3088529.867992569,301.35066076082825,46.7,1:16:13:51
5450000,21800.000002606244,-3629606.359628305,-3091057.468473445,300.9345164183076,46.7,1:16:12:21
5462500,21850.00000261643,-3627664.5024310797,-3087738.510343167,301.7040235329893,46.7,1:16:10:50
5475000,21900.000002626617,-3628429.184916666,-3091956.9770212383,299.7740912782779,46.7,1:16:09:18
5487500,21950.000002636803,-3625570.0714247227,-3086299.608522459,301.3377218624792,46.7,1:16:07:43
5500000,22000.00000264699,-3631211.1650648657,-3091610.0967319477,301.52246012307774,46.7,1:16:06:11
5512500,22050.000002657176,-3629787.702731844,-3090396.6041681515,301.4051315907899,46.7,1:16:04:40
5525000,22100.000002667362,-3627730.9294646233,-3087480.721107506,301.8851916085165,46.7,1:16:03:09
5537500,22150.00000267755,-3630207.963231545,-3092276.799601454,300.58933785235456,46.7,1:16:01:38
5550000,22200.000002687735,-3628258.8869823795,-3088771.4665360297,301.45895507767125,46.7,1:16:00:04
5562500,22250.00000269792,-3629849.0778840296,-3090568.051322502,301.34362470573865,46.7,1:15:58:32
5575000,22300.000002708108,-3631190.1781984195,-3092151.8046040833,301.2080332032058,46.7,1:15:57:00
5587500,22350.000002718294,-3626169.937536318,-3086714.980629448,301.44081484989425,46.7,1:15:55:28
5600000,22400.00000272848,-3629468.2675908264,-3089160.550905221,301.91732655727964,46.7,1:15:53:55
5612500,22450.000002738667,-3628881.7375857662,-3089304.8548856312,301.50894548805485,46.7,1:15:52:27
5625000,22500.000002748853,-3630020.780520078,-3091700.5575182126,300.806739458459,46.7,1:15:50:56
5637500,22550.00000275904,-3630033.1480306536,-3091954.235749317,300.6718979869018,46.7,1:15:49:25
5650000,22600.000002769226,-3629937.7788511496,-3090586.8942565247,301.382660517999,46.7,1:15:47:53
5662500,22650.000002779412,-3626958.7994469684,-3088583.930738247,300.83727480935676,46.7,1:15:46:21
5675000,22700.0000027896,-3628221.61316037,-3091518.439160071,299.90315230545696,46.7,1:15:44:50
5687500,22750.000002799785,-3627964.5474825595,-3089418.338715096,300.9330175331235,46.7,1:15:43:18
5700000,22800.00000280997,-3626445.848311385,-3085832.150986527,302.08830478640476,46.7,1:15:41:47
5712500,22850.000002820158,-3626083.9643069003,-3088408.8630412337,300.44625334308034,46.7,1:15:40:14
5725000,22900.000002830344,-3626156.4893099815,-3086505.1593397884,301.55054570965336,46.7,1:15:38:39
5737500,22950.00000284053,-3626356.401718449,-3085644.6770819547,302.14308124608624,46.7,1:15:37:06
5750000,23000.000002850717,-3630920.5982897747,-3092572.675995157,300.82221748358626,46.7,1:15:35:34
5762500,23050.000002860903,-3628356.9022469297,-3090074.5162755093,300.78559658982323,46.7,1:15:34:01
5775000,23100.00000287109,-3628660.695760429,-3091180.6537855724,300.33725660329134,46.7,1:15:32:31
5787500,23150.000002881276,-3632103.1014558524,-3091538.2227541744,302.0610255384104,46.7,1:15:30:57
5800000,23200.000002891462,-3626009.5307120476,-3088165.097022987,300.5408742248329,46.7,1:15:29:24
5812500,23250.00000290165,-3628556.431198962,-3089893.375206973,300.99831032934856,46.7,1:15:27:52
5825000,23300.000002911835,-3625904.65310139,-3086890.821471735,301.19431945428823,46.7,1:15:26:21
5837500,23350.00000292202,-3630332.90952171,-3090773.300641284,301.499293089422,46.7,1:15:24:48
5850000,23400.000002932207,-3626599.037945874,-3089881.3706981214,299.91125095441055,46.7,1:15:23:15
5862500,23450.000002942394,-3627519.0889604855,-3086017.9745881516,302.5841825505773,46.7,1:15:21:42
5875000,23500.00000295258,-3633294.0532996636,-3094501.9789813585,301.07040418800597,46.7,1:15:20:10
5887500,23550.000002962766,-3626790.9243649673,-3088140.6945684776,300.9911432085848,46.7,1:15:18:39
5900000,23600.000002972953,-3631834.71710944,-3094920.20376768,300.0212461379153,46.7,1:15:17:09
5912500,23650.00000298314,-3628761.6236420684,-3090323.490514568,300.87262619079036,46.7,1:15:15:38
5925000,23700.000002993325,-3629827.1655971687,-3093264.9026284334,299.8244129489415,46.7,1:15:14:07
5937500,23750.00000300351,-3627833.067531256,-3089848.945568014,300.6189303195174,46.7,1:15:12:33
5950000,23800.000003013698,-3630778.047226943,-3090865.9506430947,301.69625889571165,46.7,1:15:11:01
5962500,23850.000003023884,-3629493.4054878615,-3092837.637895067,299.8766621862645,46.7,1:15:09:31
5975000,23900.00000303407,-3626471.373881396,-3087318.676428398,301.2719159735287,46.7,1:15:07:59
5987500,23950.000003044257,-3628091.4619359095,-3089027.1227011206,301.22254248468704,46.7,1:15:06:25
6000000,24000.000003054443,-3625864.754465705,-3086117.5214037173,301.6041351813358,46.7,1:15:04:56
6012500,24050.00000306463,-3629430.4996270966,-3092092.3011425924,300.2579962002391,46.7,1:15:03:25
6025000,24100.000003074816,-3626612.944394352,-3089332.25832438,300.225858968245,46.7,1:15:01:55
6037500,24150.000003085002,-3629983.4496190846,-3091662.272117609,300.80727282113656,46.7,1:15:00:23
6050000,24200.00000309519,-3629832.7136749495,-3090850.988606141,301.17637870179385,46.7,1:14:58:53
6062500,24250.000003105375,-3628791.1119398717,-3088752.3572101947,301.76703391445466,46.7,1:14:57:20
6075000,24300.00000311556,-3627595.355670782,-3088224.410817336,301.3938699446392,46.7,1:14:55:51
6087500,24350.000003125748,-3626490.5181363896,-3088719.439544238,300.4998842961974,46.7,1:14:54:19
6100000,24400.000003135934,-3627718.4964290727,-3090953.80148452,299.9375294547049,46.7,1:14:52:46
6112500,24450.00000314612,-3630728.3260741793,-3092749.72250866,300.6158467065392,46.7,1:14:51:16
6125000,24500.000003156307,-3626329.566490829,-3088444.484771609,300.5635878456394,46.7,1:14:49:45
6137500,24550.000003166493,-3626376.1783528924,-3086873.2335819146,301.46762987990627,46.7,1:14:48:15
6150000,24600.00000317668,-3627867.714455189,-3087251.0661562663,302.0899537545259,46.7,1:14:46:44
6162500,24650.000003186866,-3628341.339311363,-3090104.0191497076,300.76041436794645,46.7,1:14:45:13
6175000,24700.000003197052,-3630293.1896179765,-3092882.6031299722,300.29844572893666,46.7,1:14:43:41
6187500,24750.00000320724,-3629292.7619066164,-3090469.273454866,301.0879580205592,46.7,1:14:42:08
6200000,24800.000003217425,-3626923.845145244,-3087825.0096920254,301.2418185485353,46.7,1:14:40:36
6212500,24850.00000322761,-3631785.577285927,-3094435.938716165,300.2643887795971,46.7,1:14:39:05
6225000,24900.000003237798,-3633464.259096438,-3093301.068597267,301.83656709655344,46.7,1:14:37:34
6237500,24950.000003247984,-3626341.0074871257,-3089022.9164401144,300.24676041073565,46.7,1:14:36:03
6250000,25000.00000325817,-3627214.668915894,-3089414.20871448,300.5163023791613,46.7,1:14:34:31
6262500,25050.000003268357,-3628860.789884012,-3092827.8390731607,299.5286398058097,46.7,1:14:33:00
6275000,25100.000003278543,-3627620.0690150987,-3089592.520022264,300.64319681112937,46.7,1:14:31:29
6287500,25150.00000328873,-3623873.161346348,-3085200.0327150943,301.003938796654,46.7,1:14:29:58
6300000,25200.000003298916,-3629128.6786014214,-3089869.6546980906,301.3313298901462,46.7,1:14:28:25
6312500,25250.000003309102,-3625915.933387885,-3087851.3480958836,300.6638922409461,46.7,1:14:26:54
6325000,25300.00000331929,-3625451.9214483798,-3087918.9816971524,300.3668152320682,46.7,1:14:25:21
6337500,25350.000003329475,-3630038.8512682747,-3092130.5217975974,300.5765784040782,46.7,1:14:23:50
6350000,25400.00000333966,-3631700.3962140623,-3094205.457208683,300.3455808812726,46.7,1:14:22:20
6362500,25450.000003349847,-3629580.8635634277,-3090367.4978192765,301.3058166706801,46.7,1:14:20:44
6375000,25500.000003360034,-3627415.4068896733,-3090204.513820376,300.1868594953051,46.7,1:14:19:11
6387500,25550.00000337022,-3630599.496907741,-3092113.519444065,300.89936101915345,46.7,1:14:17:41
6400000,25600.000003380406,-3627380.6926379595,-3088286.578577709,301.23918029204094,46.7,1:14:16:08
6412500,25650.000003390593,-3625812.9673122074,-3087516.5554992463,300.7934340580843,46.7,1:14:14:36
6425000,25700.00000340078,-3632442.0468525775,-3094220.566264443,300.7515634084955,46.7,1:14:13:04
6437500,25750.000003410965,-3628654.0780906044,-3089862.790248165,301.0699647149363,46.7,1:14:11:33
6450000,25800.00000342115,-3629840.739816943,-3091741.7285155067,300.68312907286906,46.7,1:14:10:02
6462500,25850.000003431338,-3625971.662462501,-3088998.810836495,300.05384485577855,46.7,1:14:08:30
6475000,25900.000003441524,-3629741.1471929196,-3090940.586647509,301.0751461876501,46.7,1:14:06:59
6487500,25950.00000345171,-3630434.407151254,-3091668.1575527526,301.0559736512554,46.7,1:14:05:29
6500000,26000.000003461897,-3628118.9379920047,-3087435.910579121,302.1270455894326,46.7,1:14:03:59
6512500,26050.000003472083,-3628329.593184827,-3088964.850053574,301.3904044983264,46.7,1:14:02:30
6525000,26100.00000348227,-3628385.100387333,-3090360.5492814095,300.64152162868515,46.7,1:14:00:58
6537500,26150.000003492456,-3629548.6623334754,-3088100.2196955406,302.55475023128247,46.7,1:13:59:27
6550000,26200.000003502642,-3629096.460631121,-3090921.5312255453,300.725551178516,46.7,1:13:57:54
6562500,26250.00000351283,-3626970.0554088224,-3086226.547374159,302.16084141923915,46.7,1:13:56:24
6575000,26300.000003523015,-3627877.5580041986,-3088568.7427016487,301.3591527134626,46.7,1:13:54:53
6587500,26350.0000035332,-3629502.9808563646,-3091850.1241726126,300.4338233434809,46.7,1:13:53:22
6600000,26400.000003543388,-3629021.4619577248,-3090559.850089774,300.8857458230458,46.7,1:13:51:50
6612500,26450.000003553574,-3628822.1726926286,-3090443.9346737014,300.83915753858366,46.7,1:13:50:18
6625000,26500.00000356376,-3626832.8297776077,-3087226.6283079586,301.52532845693787,46.7,1:13:48:47
6637500,26550.000003573947,-3628277.63810475,-3088468.7984520434,301.6385601887784,46.6,1:13:47:18
6650000,26600.000003584133,-3631428.042672809,-3091256.282157179,301.84135591666103,46.6,1:13:45:45
6662500,26650.00000359432,-3628381.0687484667,-3087829.8104441613,302.0534146273788,46.6,1:13:44:13
6675000,26700.000003604506,-3632942.7987983003,-3093202.8606811888,301.60005885559343,46.6,1:13:42:42
6687500,26750.000003614692,-3626540.001364587,-3086310.4532147376,301.8736469380413,46.6,1:13:41:09
6700000,26800.00000362488,-3628550.2483969796,-3089148.9103456484,301.41085329092084,46.6,1:13:39:36
6712500,26850.000003635065,-3628069.6352502536,-3089315.438391784,301.0492387279222,46.6,1:13:38:05
6725000,26900.00000364525,-3630523.221656719,-3092028.396807878,300.90430482949307,46.6,1:13:36:34
6737500,26950.000003655437,-3628315.9931631945,-3088922.3891305774,301.40653161610186,46.6,1:13:35:04
6750000,27000.000003665624,-3630667.4256693665,-3094543.6592244813,299.57938646848044,46.6,1:13:33:34
6762500,27050.00000367581,-3631978.332116233,-3094033.4191519334,300.59702081170906,46.6,1:13:32:00
6775000,27100.000003685996,-3630541.3272017166,-3093615.0525604924,300.027818207833,46.6,1:13:30:25
6787500,27150.000003696183,-3629027.122465506,-3089490.3157310197,301.48655152988226,46.6,1:13:28:55
6800000,27200.00000370637,-3629677.2741872612,-3089177.5812141676,302.02460055261776,46.6,1:13:27:25
6812500,27250.000003716556,-3627323.95775648,-3089830.0036473926,300.34503053330195,46.6,1:13:25:51
6825000,27300.000003726742,-3627195.492948374,-3087280.296731959,301.69799093238055,46.6,1:13:24:21
6837500,27350.00000373693,-3625801.959372228,-3087528.4596747058,300.7806310489369,46.6,1:13:22:52
6850000,27400.000003747115,-3627334.5204685666,-3087162.1554718735,301.8416936932662,46.6,1:13:21:19
6862500,27450.0000037573,-3626619.4595015775,-3088171.9112830022,300.87788722823024,46.6,1:13:19:45
6875000,27500.000003767487,-3623797.6245014444,-3083767.5237218007,301.762198193295,46.6,1:13:18:14
6887500,27550.000003777674,-3625066.643407069,-3086272.2577291457,301.0716957474178,46.6,1:13:16:43
6900000,27600.00000378786,-3626832.4121653773,-3088189.2926157573,300.98717008982345,46.6,1:13:15:12
6912500,27650.000003798046,-3628485.8043271415,-3089977.6374520743,300.9117601901413,46.6,1:13:13:42
6925000,27700.000003808233,-3627609.4687454496,-3090559.422015598,300.0969805332018,46.6,1:13:12:09
6937500,27750.00000381842,-3630531.725436721,-3092488.6345520252,300.651881429719,46.6,1:13:10:35
6950000,27800.000003828605,-3629603.9334331397,-3091771.011090516,300.53444182560185,46.6,1:13:09:01
6962500,27850.00000383879,-3629540.2102139555,-3092918.5011110324,299.85763071976714,46.6,1:13:07:27
6975000,27900.000003848978,-3631768.4897846114,-3092300.517471702,301.4480876991876,46.6,1:13:05:56
6987500,27950.000003859164,-3627416.5273250006,-3089624.6528284093,300.51150479258877,46.6,1:13:04:24
7000000,28000.00000386935,-3628534.9863893,-3089895.151469173,300.9853346791404,46.6,1:13:02:53
7012500,28050.000003879537,-3628210.930023236,-3087655.6572790896,302.05565784713485,46.6,1:13:01:22
7025000,28100.000003889723,-3624096.5135871544,-3085535.2876373758,300.9414089504529,46.6,1:12:59:49
7037500,28150.00000389991,-3629308.3882997166,-3089987.163950016,301.3660867368446,46.6,1:12:58:18
7050000,28200.000003910096,-3627532.0286303535,-3088907.6303758365,300.9767088596899,46.6,1:12:56:46
7062500,28250.000003920282,-3631439.6173473373,-3092875.6124508027,300.94296179182334,46.6,1:12:55:14
7075000,28300.00000393047,-3629069.2172092423,-3090295.2222202336,301.06030168049284,46.6,1:12:53:43
7087500,28350.000003940655,-3630085.1652138084,-3093934.6918031215,299.594309993476,46.6,1:12:52:11
7100000,28400.00000395084,-3628292.2504683547,-3090753.0757328845,300.3702992648066,46.6,1:12:50:38
7112500,28450.000003961028,-3628479.356870573,-3090572.1163944784,300.57596988725913,46.6,1:12:49:05
7125000,28500.000003971214,-3627702.4963710327,-3090498.1948674163,300.18317620923165,46.6,1:12:47:33
7137500,28550.0000039814,-3630081.378946027,-3090554.696066392,301.480894443935,46.6,1:12:46:00
7150000,28600.000003991587,-3631201.3251526468,-3094009.131649658,300.17641040695514,46.6,1:12:44:27
7162500,28650.000004001773,-3627537.9520172793,-3086305.769956589,302.43390647261475,46.6,1:12:42:55
7175000,28700.00000401196,-3627655.076758655,-3088307.242004689,301.3809563044377,46.6,1:12:41:22
7187500,28750.000004022146,-3626582.308852691,-3087818.8269213517,301.0544271127838,46.6,1:12:39:52
7200000,28800.000004032332,-3626884.960869426,-3089452.9892610516,300.31039547196417,46.6,1:12:38:20
7212500,28850.00000404252,-3630004.3658489976,-3089986.7205999093,301.7552381955568,46.6,1:12:36:46
7225000,28900.000004052705,-3626969.962503303,-3088294.9321646253,301.00500144744257,46.6,1:12:35:14
7237500,28950.00000406289,-3629795.087801762,-3092216.8053321084,300.3921521871093,46.6,1:12:33:42
7250000,29000.000004073077,-3626771.785939645,-3088305.621735017,300.88828961295815,46.6,1:12:32:12
7262500,29050.000004083264,-3628251.9295357578,-3088383.154014306,301.67205161726935,46.6,1:12:30:41
7275000,29100.00000409345,-3629040.298564002,-3089996.9869249295,301.2107925220517,46.6,1:12:29:09
7287500,29150.000004103636,-3630066.520305911,-3091968.6835719813,300.6824727389495,46.6,1:12:27:37
7300000,29200.000004113823,-3630428.2100249957,-3091146.900268521,301.3437829516024,46.6,1:12:26:05
7312500,29250.00000412401,-3626895.1120709237,-3088230.1154956603,300.99939470348573,46.6,1:12:24:32
7325000,29300.000004134195,-3628162.2923557684,-3090017.916002026,300.7084785078085,46.6,1:12:22:58
7337500,29350.000004144382,-3626970.6051107384,-3087637.4000842683,301.3727813921101,46.6,1:12:21:25
7350000,29400.000004154568,-3625735.49701903,-3086712.2801056653,301.1995638357379,46.6,1:12:19:51
7362500,29450.000004164755,-3630768.0625517815,-3091776.5336963264,301.181856937553,46.6,1:12:18:18
7375000,29500.00000417494,-3629397.5654207487,-3090220.5930535076,301.2854804979369,46.6,1:12:16:47
7387500,29550.000004185127,-3631862.823615007,-3093472.4107728787,300.84596068049467,46.6,1:12:15:15
7400000,29600.000004195314,-3631603.625252448,-3092641.783919474,301.1652679140338,46.6,1:12:13:40
7412500,29650.0000042055,-3631580.188008908,-3092870.209746667,301.02452991858087,46.6,1:12:12:08
7425000,29700.000004215686,-3628836.5761934407,-3090668.2806147207,300.7218442774162,46.6,1:12:10:35
7437500,29750.000004225873,-3629881.840064276,-3089574.4410439366,301.9171490498244,46.6,1:12:09:01
7450000,29800.00000423606,-3628457.7337107155,-3091812.7161008045,299.8706552276512,46.6,1:12:07:27
7462500,29850.000004246245,-3629549.3886301946,-3091314.3275429616,300.75915202486095,46.6,1:12:05:56
7475000,29900.00000425643,-3630264.6845971122,-3093283.094392292,300.05872786646285,46.6,1:12:04:23
7487500,29950.000004266618,-3630962.9384064507,-3092959.3178550834,300.6298258914601,46.6,1:12:02:49
7500000,30000.000004276804,-3630882.590806544,-3094201.080311807,299.89104700419756,46.6,1:12:01:15
7512500,30050.00000428699,-3630118.5338476542,-3090989.6192519004,301.25862640453835,46.6,1:11:59:41
7525000,30100.000004297177,-3628237.0837432165,-3091298.68064812,300.03459543913146,46.6,1:11:58:08
7537500,30150.000004307363,-3629627.5617535636,-3090653.875350665,301.17188679385754,46.6,1:11:56:33
7550000,30200.00000431755,-3629723.9062541723,-3088570.7182444455,302.38976556560135,46.6,1:11:55:00
7562500,30250.000004327736,-3627730.0960836094,-3088816.228539206,301.1384607492593,46.6,1:11:53:25
7575000,30300.000004337922,-3631245.5608993936,-3090349.6679858756,302.24599222092263,46.6,1:11:51:49
7587500,30350.00000434811,-3627256.2411577497,-3087502.5502582435,301.60774374175185,46.6,1:11:50:13
7600000,30400.000004358295,-3626108.00228633,-3088349.914250599,300.4926253325664,46.6,1:11:48:39
7612500,30450.00000436848,-3629971.7881919537,-3091493.930498057,300.89482379136973,46.6,1:11:47:06
7625000,30500.000004378668,-3628424.4400419258,-3092064.4306429457,299.7113961342978,46.6,1:11:45:34
7637500,30550.000004388854,-3628953.619839972,-3090696.8476538686,300.77128392067726,46.6,1:11:44:02
7650000,30600.00000439904,-3631383.3683736734,-3092949.571164158,300.8702033329894,46.6,1:11:42:29
7662500,30650.000004409227,-3628747.938977331,-3089741.8550652633,301.1899901247064,46.6,1:11:40:57
7675000,30700.000004419413,-3628109.9648197107,-3088669.6997363083,301.43260523909925,46.6,1:11:39:23
7687500,30750.0000044296,-3625683.8668952417,-3087507.6189224166,300.726287977726,46.6,1:11:37:52
7700000,30800.000004439786,-3629395.5107106715,-3090901.764279461,300.9037022229451,46.6,1:11:36:20
7712500,30850.000004449972,-3627509.1715644468,-3089298.3684673584,300.74559695743187,46.6,1:11:34:48
7725000,30900.00000446016,-3627667.0405550264,-3090664.235031982,300.0705827261337,46.6,1:11:33:15
7737500,30950.000004470345,-3628761.658986822,-3090474.1384920813,300.7884656984923,46.6,1:11:31:42
7750000,31000.00000448053,-3627854.3971326593,-3087744.9245788883,301.80655016738035,46.6,1:11:30:12
7762500,31050.000004490717,-3627882.7505113203,-3091509.919497993,299.7185606951701,46.6,1:11:28:38
7775000,31100.000004500904,-3628668.2469991185,-3091852.349789004,299.96614065283296,46.6,1:11:27:06
7787500,31150.00000451109,-3630811.396012135,-3094344.6792538953,299.7710228981524,46.6,1:11:25:32
7800000,31200.000004521276,-3626059.475011112,-3086224.751245131,301.65302391387223,46.6,1:11:23:59
7812500,31250.000004531463,-3631254.828942647,-3091158.071860142,301.79944491796067,46.6,1:11:22:27
7825000,31300.00000454165,-3625697.52985218,-3087866.0906678485,300.53361305493553,46.6,1:11:20:55
7837500,31350.000004551835,-3626636.0725807156,-3086238.2984727547,301.96764954056215,46.6,1:11:19:22
7850000,31400.00000456202,-3628498.4374912307,-3089411.912161783,301.2349398023252,46.6,1:11:17:49
7862500,31450.000004572208,-3629495.104520671,-3093307.7207225626,299.61493506535334,46.6,1:11:16:15
7875000,31500.000004582394,-3631782.396946192,-3093145.175053005,300.98387455172843,46.6,1:11:14:42
7887500,31550.00000459258,-3627633.7869764306,-3090849.3970915196,299.9485347458678,46.6,1:11:13:09
7900000,31600.000004602767,-3630974.03424602,-3092877.4519784674,300.68177175852105,46.6,1:11:11:37
7912500,31650.000004612953,-3627901.3982591964,-3089080.258898709,301.0866453771673,46.6,1:11:10:06
7925000,31700.00000462314,-3627650.2555611134,-3087931.1653260505,301.5884093147521,46.6,1:11:08:34
7937500,31750.000004633326,-3632991.721418379,-3096762.8986003194,299.6380906815556,46.6,1:11:07:01
7950000,31800.000004643513,-3630658.8387722485,-3090548.8013873966,301.8068657880621,46.6,1:11:05:28
7962500,31850.0000046537,-3627608.2806652095,-3091811.0489358804,299.39692287356155,46.6,1:11:03:53
7975000,31900.000004663885,-3629537.736808168,-3091810.2589933025,300.4755207165047,46.6,1:11:02:21
7987500,31950.00000467407,-3631345.965296777,-3092068.3215606334,301.34173442439635,46.6,1:11:00:50
8000000,32000.000004684258,-3626676.797019651,-3089056.9256080464,300.4153915778869,46.6,1:10:59:17
8012500,32050.000004694444,-3623276.0448551755,-3085985.3590658763,300.23144668878325,46.6,1:10:57:44
8025000,32100.00000470463,-3627031.482160935,-3088453.4263673485,300.9508132607968,46.6,1:10:56:11
8037500,32150.000004714817,-3624010.970035581,-3087036.358358425,300.05482835077834,46.6,1:10:54:37
8050000,32200.000004725003,-3628401.983170649,-3087239.2207988547,302.3951156017193,46.6,1:10:53:05
8062500,32250.00000473519,-3628101.0127855,-3089099.9229595303,301.1871994906349,46.6,1:10:51:31
8075000,32300.000004745376,-3628807.6703676004,-3090893.6446120637,300.57976141820683,46.6,1:10:49:58
8087500,32350.000004755562,-3627586.6785556097,-3087923.1958051296,301.5573365342541,46.6,1:10:48:27
8100000,32400.00000476575,-3629620.301160384,-3092100.4614946367,300.3594950649419,46.6,1:10:46:55
8112500,32450.000004775935,-3629602.058055781,-3090048.497925074,301.49591312225175,46.6,1:10:45:22
8125000,32500.00000478612,-3629161.0594000723,-3090485.4826237657,301.00530679008904,46.6,1:10:43:50
8137500,32550.000004796308,-3628608.077147443,-3088240.560125163,301.9507422521114,46.6,1:10:42:17
8150000,32600.000004806494,-3628561.281547159,-3090199.5131043894,300.8299545413851,46.6,1:10:40:46
8162500,32650.00000481668,-3629859.536474554,-3089601.6587318694,301.8894771671258,46.6,1:10:39:14
8175000,32700.000004826867,-3628385.944392193,-3088727.9264424695,301.55428287060374,46.6,1:10:37:41
8187500,32750.000004837053,-3629205.3967132736,-3090723.177427727,300.8972609953,46.6,1:10:36:07
8200000,32800.000004847236,-3627396.09953383,-3087198.5851321667,301.8557468723688,46.6,1:10:34:33
8212500,32850.00000485742,-3630552.776381878,-3091592.0952437166,301.16461961139976,46.6,1:10:33:00
8225000,32900.00000486761,-3629553.457613701,-3091897.158519095,300.4357469204536,46.6,1:10:31:28
8237500,32950.000004877795,-3626453.9852712695,-3088568.3482703855,300.56389813022406,46.6,1:10:29:55
8250000,33000.00000488798,-3628990.8441902082,-3091502.4310116908,300.3419343292452,46.6,1:10:28:21
8262500,33050.00000489817,-3627746.4384246524,-3090697.917405205,300.0961279849372,46.6,1:10:26:47
8275000,33100.000004908354,-3626842.006755028,-3086821.65769584,301.7567490514849,46.6,1:10:25:15
8287500,33150.00000491854,-3627551.5397462323,-3087528.20767333,301.75841592296945,46.6,1:10:23:43
8300000,33200.00000492873,-3627000.4776106197,-3088517.687914934,300.89757973349083,46.6,1:10:22:12
8312500,33250.00000493891,-3630308.9958154783,-3092584.0958487196,300.47408024659376,46.6,1:10:20:39
8325000,33300.0000049491,-3627491.464053383,-3088567.142027917,301.1443025850793,46.6,1:10:19:07
8337500,33350.000004959285,-3629599.8324220236,-3091284.4513611603,300.80403384120143,46.6,1:10:17:34
8350000,33400.00000496947,-3629588.443681609,-3090651.6582028014,301.1512670099732,46.6,1:10:16:01
8362500,33450.00000497966,-3626212.7157773394,-3087409.4781360254,301.07664211601315,46.6,1:10:14:27
8375000,33500.000004989844,-3630364.5366598163,-3091513.9364551026,301.10310773565715,46.6,1:10:12:54
8387500,33550.00000500003,-3628936.141113486,-3091487.36707786,300.31978446227276,46.6,1:10:11:22
8400000,33600.00000501022,-3631735.0445741154,-3094402.1810584823,300.2550150850541,46.6,1:10:09:48
8412500,33650.0000050204,-3626086.1896264236,-3088450.1297347723,300.42443750202574,46.6,1:10:08:16
8425000,33700.00000503059,-3629049.239493439,-3088855.1780053577,301.85381742660076,46.6,1:10:06:44
8437500,33750.000005040776,-3631277.3989966027,-3092062.2160281176,301.3068321133542,46.6,1:10:05:12
8450000,33800.00000505096,-3628926.8461648375,-3090769.3192608166,300.7158268740455,46.6,1:10:03:41
8462500,33850.00000506115,-3628707.187672533,-3090236.983482412,300.89054710731097,46.6,1:10:02:10
8475000,33900.000005071335,-3628922.6785863005,-3089641.562605421,301.34367467217606,46.6,1:10:00:38
8487500,33950.00000508152,-3626716.3325288314,-3087404.243789367,301.3609818698699,46.6,1:9:59:03
8500000,34000.00000509171,-3626493.217568051,-3087167.140523568,301.36879836318263,46.6,1:9:57:30
8512500,34050.000005101894,-3626829.8886770085,-3088440.092917093,300.845615862521,46.6,1:9:55:56
8525000,34100.00000511208,-3630516.1714766584,-3091272.1287682024,301.32295858215724,46.6,1:9:54:21
8537500,34150.00000512227,-3627358.211654501,-3088236.105293175,301.25482204662615,46.6,1:9:52:49
8550000,34200.00000513245,-3629845.856283216,-3090248.1143501983,301.5206013716032,46.6,1:9:51:16
8562500,34250.00000514264,-3625828.2476519085,-3087359.474398407,300.88974751747475,46.6,1:9:49:43
8575000,34300.000005152826,-3627666.948153913,-3087702.017369181,301.7257819992858,46.6,1:9:48:10
8587500,34350.00000516301,-3626166.984166039,-3086251.2049967297,301.6983166793097,46.6,1:9:46:38
8600000,34400.0000051732,-3626191.0323739573,-3089632.2222695053,299.8224835307209,46.6,1:9:45:07
8612500,34450.000005183385,-3630670.458602328,-3092101.8353553414,300.94554246942306,46.6,1:9:43:33
8625000,34500.00000519357,-3631172.759821348,-3091691.8136849864,301.455337312641,46.6,1:9:42:01
8637500,34550.00000520376,-3630620.2401466146,-3090113.512026328,302.0285317066005,46.6,1:9:40:28
8650000,34600.000005213944,-3627841.109920038,-3090642.6376890736,300.17991888315527,46.6,1:9:38:55
8662500,34650.00000522413,-3628795.616850622,-3091662.4721091357,300.1434146831136,46.6,1:9:37:23
8675000,34700.00000523432,-3628106.597241165,-3089004.1745420257,301.2438230575671,46.6,1:9:35:50
8687500,34750.0000052445,-3629364.5906516425,-3089574.541946922,301.6280600374679,46.6,1:9:34:18
8700000,34800.00000525469,-3631364.4239108805,-3091873.1029692767,301.46113462658934,46.6,1:9:32:46
8712500,34850.000005264876,-3629242.0798450056,-3090326.7347289417,301.1392863981848,46.6,1:9:31:12
8725000,34900.00000527506,-3626501.553986881,-3088975.420602613,300.3630119176741,46.6,1:9:29:40
8737500,34950.00000528525,-3627024.1374292877,-3088735.2971337535,300.7892031869918,46.6,1:9:28:08
8750000,35000.000005295435,-3626194.7447259426,-3086911.5544625986,301.34483375578134,46.6,1:9:26:34
8762500,35050.00000530562,-3629799.9684870113,-3091372.1433576033,300.8668662078581,46.6,1:9:24:59
8775000,35100.00000531581,-3633069.339500483,-3095673.327745554,300.2903015468169,46.6,1:9:23:27
8787500,35150.000005325994,-3627900.514413256,-3086162.3517314,302.71664223913194,46.6,1:9:21:55
8800000,35200.00000533618,-3630438.494105842,-3089700.323119862,302.15785914188035,46.6,1:9:20:23
8812500,35250.00000534637,-3628415.5116971433,-3088850.01091735,301.5025854105388,46.6,1:9:18:49
8825000,35300.00000535655,-3628700.710653279,-3092463.861318765,299.6425758005251,46.6,1:9:17:16
8837500,35350.00000536674,-3629491.939002052,-3092331.7175771873,300.15854480175733,46.6,1:9:15:44
8850000,35400.000005376925,-3628931.448310746,-3090777.930723954,300.7135865167421,46.6,1:9:14:12
8862500,35450.00000538711,-3628294.540258283,-3088755.092560281,301.48802726790973,46.6,1:9:12:40
8875000,35500.0000053973,-3624494.66267547,-3085539.813286002,301.16136090174166,46.6,1:9:11:08
8887500,35550.000005407484,-3627615.047612807,-3089141.591261478,300.89236437511425,46.6,1:9:09:35
8900000,35600.00000541767,-3627656.0297871213,-3089751.1397895245,300.5746564686974,46.6,1:9:08:03
8912500,35650.00000542786,-3626133.8564303573,-3086447.3231331734,301.5702168970948,46.6,1:9:06:30
8925000,35700.00000543804,-3629791.29062045,-3093063.1644976847,299.9170952455156,46.6,1:9:04:59
8937500,35750.00000544823,-3629379.618182134,-3090139.3691083365,301.32083874562943,46.6,1:9:03:27
8950000,35800.000005458416,-3629852.832532117,-3094085.1056325193,299.38043593651093,46.6,1:9:01:55
8962500,35850.0000054686,-3625277.2544901613,-3086643.4262270406,300.981978232862,46.6,1:9:00:24
8975000,35900.00000547879,-3628064.910301788,-3089817.1747100535,300.7662343825551,46.6,1:8:58:52
8987500,35950.000005488975,-3632764.340826502,-3094798.466083062,300.60873399684885,46.6,1:8:57:19
9000000,36000.00000549916,-3626319.851297125,-3088084.6773996474,300.7592150618423,46.6,1:8:55:47
9012500,36050.00000550935,-3628878.8438884206,-3093100.731157301,299.3862394118087,46.6,1:8:54:15
9025000,36100.000005519534,-3627200.113731226,-3087786.8374686246,301.41752421698607,46.6,1:8:52:43
9037500,36150.00000552972,-3628657.4452758543,-3090492.4791956674,300.7199837944642,46.6,1:8:51:10
9050000,36200.00000553991,-3632405.5718045197,-3094269.412716388,300.7038868005495,46.6,1:8:49:37
9062500,36250.00000555009,-3629838.9349200837,-3091924.1061346564,300.58021014146254,46.6,1:8:48:05
9075000,36300.00000556028,-3627024.1662286073,-3089108.7691854583,300.5805276769091,46.6,1:8:46:33
9087500,36350.000005570466,-3629983.014400186,-3089987.210970103,301.7430332549322,46.6,1:8:45:00
9100000,36400.00000558065,-3627541.560699122,-3089004.215324435,300.92806477792743,46.6,1:8:43:27
9112500,36450.00000559084,-3629666.0091046523,-3089959.0993413245,301.58160301650946,46.6,1:8:41:54
9125000,36500.000005601025,-3628482.9435817227,-3089870.6294133123,300.9699564205547,46.6,1:8:40:21
9137500,36550.00000561121,-3630238.9745730367,-3092505.9619826092,300.47861348121876,46.6,1:8:38:50
9150000,36600.0000056214,-3628918.108407125,-3088281.076235613,302.10134401257113,46.6,1:8:37:16
9162500,36650.000005631584,-3624715.868800964,-3085004.678536512,301.5839949080483,46.6,1:8:35:44
9175000,36700.00000564177,-3626316.1088965796,-3085217.500317341,302.35926724912525,46.6,1:8:34:12
9187500,36750.00000565196,-3628247.4945940226,-3089669.775097679,300.95062534202134,46.6,1:8:32:39
9200000,36800.00000566214,-3627944.699937679,-3091583.9676925964,299.711800051836,46.6,1:8:31:07
9212500,36850.00000567233,-3629421.575345177,-3090056.607113133,301.3905302818881,46.6,1:8:29:33
9225000,36900.000005682516,-3627418.5343535207,-3087972.793428871,301.43566507204076,46.6,1:8:27:59
9237500,36950.0000056927,-3630232.386359051,-3093014.0530879945,300.19101698881263,46.6,1:8:26:26
9250000,37000.00000570289,-3626866.5799992085,-3090369.1543298955,299.788182661092,46.6,1:8:24:54
9262500,37050.000005713075,-3625583.390812153,-3085937.515866534,301.54749750881354,46.6,1:8:23:22
9275000,37100.00000572326,-3628666.4692667667,-3089643.687350913,301.1993207644627,46.6,1:8:21:49
9287500,37150.00000573345,-3630689.673239164,-3093795.3200767357,300.00998087691926,46.6,1:8:20:07
9300000,37200.000005743634,-3626612.8783860933,-3089786.4798633764,299.9720086575426,46.7,1:8:18:17
9312500,37250.00000575382,-3629615.635917561,-3092197.0350004295,300.302924093656,46.7,1:8:16:27
9325000,37300.000005764006,-3629643.2727958076,-3090051.32321866,301.517364674172,46.7,1:8:14:37
9337500,37350.00000577419,-3631169.1291411873,-3095300.64288007,299.43673903216575,46.7,1:8:12:46
9350000,37400.00000578438,-3626494.168996809,-3088516.661672495,300.6152341403965,46.7,1:8:10:56
9362500,37450.000005794565,-3628894.660592217,-3091682.615808095,300.18750305942626,46.7,1:8:09:06
9375000,37500.00000580475,-3626856.0479426645,-3089259.9558961955,300.4021039602437,46.7,1:8:07:16
9387500,37550.00000581494,-3629332.342222864,-3090882.5484662023,300.8791420073769,46.7,1:8:05:26
9400000,37600.000005825124,-3629415.698512733,-3089623.8890623804,301.629043920536,46.7,1:8:03:36
9412500,37650.00000583531,-3627970.596723277,-3088962.930706409,301.19087418546866,46.7,1:8:01:46
9425000,37700.0000058455,-3628426.0529108737,-3087905.2357963948,302.03640446378887,46.7,1:7:59:56
9437500,37750.00000585568,-3627350.9283060916,-3089370.7239890574,300.61674118685653,46.7,1:7:58:07
9450000,37800.00000586587,-3631451.47411046,-3092121.9652602524,301.37071601413885,46.7,1:7:56:16
9462500,37850.000005876056,-3626443.317896202,-3090219.6863008915,299.6351898899412,46.7,1:7:54:26
9475000,37900.00000588624,-3627011.8592285346,-3088256.7936422518,301.04972416237183,46.8,1:7:52:37
9487500,37950.00000589643,-3629929.2873480357,-3089829.9751553256,301.80087268221126,46.8,1:7:50:47
9500000,38000.000005906615,-3628929.7400772385,-3089320.6311869025,301.52695308796547,46.8,1:7:48:58
9512500,38050.0000059168,-3627253.5730250105,-3088517.885717893,301.03889581760023,46.8,1:7:47:09
9525000,38100.00000592699,-3629003.263348451,-3090242.562844393,301.0528728853261,46.8,1:7:45:20
9537500,38150.000005937174,-3628417.1397285666,-3089959.862760041,300.8833235344036,46.8,1:7:43:30
9550000,38200.00000594736,-3629701.8838169333,-3092609.2475413852,300.1207790490826,46.8,1:7:41:41
9562500,38250.00000595755,-3631400.9754487686,-3093345.7117459346,300.6586834512252,46.8,1:7:39:51
9575000,38300.00000596773,-3630146.7099733893,-3091797.8946920047,300.82271647364144,46.8,1:7:38:03
9587500,38350.00000597792,-3629247.9152390473,-3091842.694119957,300.2954476265805,46.8,1:7:36:13
9600000,38400.000005988106,-3629082.181927778,-3091672.6381205013,300.2978630917318,46.8,1:7:34:24
9612500,38450.00000599829,-3626778.2038538735,-3088658.077231864,300.6949280550787,46.8,1:7:32:36
9625000,38500.00000600848,-3626691.800095897,-3088604.632210658,300.67651111712826,46.8,1:7:30:47
9637500,38550.000006018665,-3630653.7747341227,-3092786.88908941,300.5534201023341,46.8,1:7:28:59
9650000,38600.00000602885,-3626811.742732309,-3086375.7212971966,301.98902167796626,46.9,1:7:27:09
9662500,38650.00000603904,-3631706.5967939943,-3093279.0895850146,300.8666885578214,46.9,1:7:25:21
9675000,38700.000006049224,-3632183.9030336607,-3093518.568440527,300.99958358372663,46.9,1:7:23:32
9687500,38750.00000605941,-3627549.7258741185,-3090949.748549009,299.84548726881064,46.9,1:7:21:44
9700000,38800.0000060696,-3626598.3498708773,-3087858.270318819,301.04135015021313,46.9,1:7:19:55
9712500,38850.00000607978,-3628502.5547154285,-3089357.8871957576,301.2674289452528,46.9,1:7:18:06
9725000,38900.00000608997,-3626733.588431243,-3086911.0465450706,301.6462168288153,46.9,1:7:16:18
9737500,38950.000006100156,-3624892.4866746683,-3086357.2350936495,300.9268947917007,46.9,1:7:14:30
9750000,39000.00000611034,-3631585.422391087,-3093961.0381181333,300.41791330946967,46.9,1:7:12:42
9762500,39050.00000612053,-3630918.779502457,-3092151.7538428465,301.05640730468684,46.9,1:7:10:53
9775000,39100.000006130715,-3629174.136145983,-3088177.079160901,302.30252146358754,46.9,1:7:09:05
9787500,39150.0000061409,-3625472.3788563143,-3087546.0801844937,300.5866193733295,46.9,1:7:07:18
9800000,39200.00000615109,-3626562.3777551595,-3089786.323307572,299.94387700570473,46.9,1:7:05:30
9812500,39250.00000616127,-3629488.603675265,-3090574.636742349,301.1385162863416,46.9,1:7:03:42
9825000,39300.00000617146,-3627336.0546190795,-3088225.815175241,301.2481909586522,46.9,1:7:01:54
9837500,39350.000006181646,-3629075.5113721695,-3089625.310463885,301.4381572562052,47,1:7:00:07
9850000,39400.00000619183,-3629564.2905650698,-3091437.7035465334,300.69853804543726,47,1:6:58:19
9862500,39450.00000620202,-3628718.2124777716,-3091907.389076188,299.96330547084324,47,1:6:56:31
9875000,39500.000006212205,-3626948.9297607187,-3085436.278385274,302.5906292864429,47,1:6:54:44
9887500,39550.00000622239,-3626167.244887825,-3088132.5522354366,300.64718860048885,47,1:6:52:57
9900000,39600.00000623258,-3628781.6744769923,-3089427.7744250856,301.3843455185511,47,1:6:51:09
9912500,39650.000006242764,-3629118.783933159,-3089937.3312529633,301.28798404187575,47,1:6:49:22
9925000,39700.00000625295,-3626446.9153693356,-3088797.7945051743,300.431735813304,47,1:6:47:34
9937500,39750.00000626314,-3628646.687775366,-3089592.5207536956,301.21685837673294,47,1:6:45:47
9950000,39800.00000627332,-3628827.9655194096,-3091519.066231167,300.2416241686497,47,1:6:44:00
9962500,39850.00000628351,-3627350.191540761,-3089121.9769299263,300.7553262978045,47,1:6:42:13
9975000,39900.000006293696,-3629626.742894223,-3091544.747840319,300.6736206024099,47,1:6:40:26
9987500,39950.00000630388,-3628379.5371796004,-3089076.045419047,301.3561779834748,47,1:6:38:39
10000000,40000.00000631407,-3629474.9665326737,-3088388.564367743,302.35244645449114,47,1:6:36:53
10012500,40050.000006324255,-3629805.978947418,-3090868.260364755,301.1517884169654,47,1:6:35:07
10025000,40100.00000633444,-3629469.9773162156,-3090786.283808139,301.0098423202705,47,1:6:33:21
10037500,40150.00000634463,-3629626.469377864,-3090793.4365446065,301.09329130390745,47.1,1:6:31:34
10050000,40200.000006354814,-3629394.408203637,-3091213.1837238246,300.7290687888061,47.1,1:6:29:48
10062500,40250.000006365,-3626355.6566519346,-3086691.8192985062,301.5575346820333,47.1,1:6:28:02
10075000,40300.00000637519,-3627921.585902225,-3087666.079850077,301.8881518955369,47.1,1:6:26:16
10087500,40350.00000638537,-3627676.5162687935,-3088812.519938501,301.1105933263603,47.1,1:6:24:30
10100000,40400.00000639556,-3627224.6044275668,-3087763.807932026,301.44407794043536,47.1,1:6:22:43
10112500,40450.000006405746,-3626519.3230372574,-3088275.155692564,300.76424048986433,47.1,1:6:20:57
10125000,40500.00000641593,-3628695.487272447,-3090544.3860193235,300.7122362991185,47.1,1:6:19:11
10137500,40550.00000642612,-3631180.851787349,-3094463.667345153,299.91098116858575,47.1,1:6:17:25
10150000,40600.000006436305,-3629557.0979920514,-3089749.3193577863,301.637967304684,47.1,1:6:15:38
10162500,40650.00000644649,-3628513.5357476827,-3089492.816809047,301.19816799809064,47.1,1:6:13:52
10175000,40700.00000645668,-3627547.6623245664,-3087444.4642923847,301.80304404165787,47.1,1:6:12:06
10187500,40750.000006466864,-3630287.3779302593,-3091579.832964132,301.02317022255073,47.1,1:6:10:21
10200000,40800.00000647705,-3626820.0370718725,-3088475.0571640613,300.8205733139198,47.1,1:6:08:35
10212500,40850.00000648724,-3627026.5246554837,-3086743.239486551,301.9036745253546,47.1,1:6:06:49
10225000,40900.00000649742,-3630385.5850803033,-3091144.5798447323,301.3212612795561,47.1,1:6:05:04
10237500,40950.00000650761,-3629895.549006259,-3091328.23417407,300.9448113432789,47.2,1:6:03:18
10250000,41000.000006517796,-3627759.313971609,-3088866.604607787,301.12663781740275,47.2,1:6:01:33
10262500,41050.00000652798,-3627494.2291400693,-3091143.027899558,299.7064742433555,47.2,1:5:59:48
10275000,41100.00000653817,-3631765.2661162354,-3094938.723710822,299.9720890574291,47.2,1:5:58:02
10287500,41150.000006548355,-3631203.3090365417,-3092307.197900662,301.1285386859145,47.2,1:5:56:17
10300000,41200.00000655854,-3628582.651538141,-3091277.346605824,300.23961568663447,47.2,1:5:54:32
10312500,41250.00000656873,-3628811.3222335745,-3089119.019056188,301.5734410353987,47.2,1:5:52:47
10325000,41300.00000657891,-3629087.0626730584,-3091424.723594456,300.43912198944537,47.2,1:5:51:02
10337500,41350.0000065891,-3631431.129604144,-3091640.95310506,301.62813144739124,47.2,1:5:49:17
10350000,41400.000006599286,-3628627.7853792924,-3088328.774814136,301.9124616839317,47.2,1:5:47:32
10362500,41450.00000660947,-3631279.5649490114,-3092075.208040767,301.30078264364636,47.2,1:5:45:47
10375000,41500.00000661966,-3629875.7963643745,-3092331.022073659,300.37342822761275,47.2,1:5:44:02
10387500,41550.000006629845,-3628850.261047667,-3091761.4949204708,300.1186164576411,47.2,1:5:42:17
10400000,41600.00000664003,-3630959.251537876,-3092628.7322863922,300.81249287648814,47.2,1:5:40:32
10412500,41650.00000665022,-3628985.537778251,-3091180.18591954,300.51903577727467,47.2,1:5:38:48
10425000,41700.000006660404,-3627936.1708112787,-3090692.7052194234,300.20506062148957,47.2,1:5:37:03
10437500,41750.00000667059,-3628799.9604736585,-3090561.264296384,300.7611832686008,47.2,1:5:35:19
10450000,41800.00000668078,-3628390.0810226537,-3091161.609632995,300.1966820451686,47.3,1:5:33:34
10462500,41850.00000669096,-3627963.3529189155,-3089244.0309829963,301.0297510488553,47.3,1:5:31:50
10475000,41900.00000670115,-3628692.8846150115,-3092437.2524946835,299.6530713909142,47.3,1:5:30:05
10487500,41950.000006711336,-3627281.289214708,-3088320.9323608223,301.16443840532276,47.3,1:5:28:20
10500000,42000.00000672152,-3628405.7945815753,-3086464.905801942,302.8299230966397,47.3,1:5:26:36
10512500,42050.00000673171,-3628418.963207826,-3089403.6707201563,301.19513576383264,47.3,1:5:24:52
10525000,42100.000006741895,-3629366.3724380266,-3091062.600540912,300.7975467828562,47.3,1:5:23:07
10537500,42150.00000675208,-3628497.01069472,-3089218.3014551196,301.3423298146619,47.3,1:5:21:23
10550000,42200.00000676227,-3628067.24014673,-3090427.7581917974,300.4263497090243,47.3,1:5:19:39
10562500,42250.000006772454,-3629060.680186212,-3093344.09437399,299.35185892400324,47.3,1:5:17:54
10575000,42300.00000678264,-3627229.9218117036,-3087318.2977190604,301.6959948734202,47.3,1:5:16:10
10587500,42350.00000679283,-3627438.8961009905,-3088484.478419852,301.1611196684208,47.3,1:5:14:26
10600000,42400.00000680301,-3628151.7703159787,-3091018.340648322,300.1435738963637,47.3,1:5:12:42
10612500,42450.0000068132,-3629594.1988659594,-3089861.682704689,301.59591155768106,47.3,1:5:10:58
10625000,42500.000006823386,-3625882.0428286176,-3089565.2267363314,299.68726024417555,47.3,1:5:09:14
10637500,42550.00000683357,-3628276.166467283,-3090127.961687276,300.710617785459,47.3,1:5:07:30
10650000,42600.00000684376,-3627638.910345735,-3090263.535470766,300.2787699113551,47.3,1:5:05:46
10662500,42650.000006853945,-3631131.556470817,-3094107.143447416,300.08265673237076,47.4,1:5:04:03
10675000,42700.00000686413,-3631716.4695878606,-3092552.828116944,301.2780313565408,47.4,1:5:02:19
10687500,42750.00000687432,-3626001.479294922,-3088120.8372452585,300.5611070127328,47.4,1:5:00:36
10700000,42800.000006884504,-3628778.271535199,-3090909.0390891414,300.55473146614816,47.4,1:4:58:51
10712500,42850.00000689469,-3630106.904212404,-3090506.3960745847,301.52214709292605,47.4,1:4:57:07
10725000,42900.00000690488,-3632978.98421007,-3094967.599336532,300.6341644994793,47.4,1:4:55:24
10737500,42950.00000691506,-3629321.4083616138,-3091666.4293012815,300.4350093014882,47.4,1:4:53:41
10750000,43000.00000692525,-3629761.881219037,-3090995.566769034,301.05600988947907,47.4,1:4:51:57
10762500,43050.000006935436,-3629840.688609911,-3090194.3358301204,301.54776451668937,47.4,1:4:50:14
10775000,43100.00000694562,-3627825.832271602,-3089561.8638749765,300.77530507487353,47.4,1:4:48:31
10787500,43150.00000695581,-3628351.728746675,-3090849.0357831325,300.34991369801116,47.4,1:4:46:48
10800000,43200.000006965995,-3628692.117756199,-3090113.2271072366,300.9512797677433,47.4,1:4:45:05
10812500,43250.00000697618,-3627471.927852083,-3087764.128967303,301.5820998466743,47.4,1:4:43:21
10825000,43300.00000698637,-3627846.969982365,-3087854.0051096543,301.7414471038802,47.4,1:4:41:38
10837500,43350.00000699655,-3628304.6010972224,-3089674.528700577,300.9798795007321,47.4,1:4:39:55
10850000,43400.00000700674,-3628582.435192244,-3090220.5345781,300.83002839712844,47.4,1:4:38:12
10862500,43450.000007016926,-3627666.21138552,-3088895.5283317487,301.058451011695,47.4,1:4:36:29
10875000,43500.00000702711,-3627956.571675349,-3089435.446948133,300.91900087902644,47.4,1:4:34:47
10887500,43550.0000070373,-3630188.6513978895,-3093508.574560419,299.89024589409735,47.5,1:4:33:04
10900000,43600.000007047485,-3632659.3690196592,-3094150.6735340576,300.91205557122595,47.5,1:4:31:21
10912500,43650.00000705767,-3630158.7337000985,-3092578.0894655585,300.3934719123665,47.5,1:4:29:38
10925000,43700.00000706786,-3628763.8060678076,-3088975.538126044,301.6270649689643,47.5,1:4:27:56
10937500,43750.000007078044,-3629760.603856733,-3091301.1942632706,300.88451521906705,47.5,1:4:26:13
10950000,43800.00000708823,-3627833.393840084,-3089894.7763246447,300.59350299208376,47.5,1:4:24:31
10962500,43850.00000709842,-3627270.853690032,-3089329.1334975623,300.5952367299618,47.5,1:4:22:48
10975000,43900.0000071086,-3630902.93697118,-3091546.1260732794,301.38597206359833,47.5,1:4:21:06
10987500,43950.00000711879,-3630607.4199250564,-3091919.118556441,301.01241713623574,47.5,1:4:19:23
11000000,44000.000007128976,-3628538.0190291423,-3090454.4575292286,300.6744959132315,47.5,1:4:17:41
11012500,44050.00000713916,-3631091.3817802947,-3090970.6535567953,301.812839697602,47.5,1:4:15:59
11025000,44100.00000714935,-3629620.9713301267,-3089796.1392511833,301.64749656045245,47.5,1:4:14:17
11037500,44150.000007159535,-3630385.078805972,-3092847.04935436,300.3696592942305,47.5,1:4:12:34
11050000,44200.00000716972,-3629071.2647090573,-3088675.166701489,301.9667129562161,47.5,1:4:10:52
11062500,44250.00000717991,-3628494.744841842,-3090320.955883885,300.7249139103716,47.5,1:4:09:10
11075000,44300.000007190094,-3625174.2797026318,-3086685.0387873007,300.90118459592065,47.5,1:4:07:28
11087500,44350.00000720028,-3630889.220029684,-3091743.4978996865,301.26801824857114,47.5,1:4:05:45
11100000,44400.00000721047,-3629703.6829221305,-3090389.633963884,301.3620772160882,47.5,1:4:04:03
11112500,44450.00000722065,-3630149.6316677816,-3091165.793855707,301.17755927682316,47.5,1:4:02:21
11125000,44500.00000723084,-3631889.3483956605,-3092723.320434835,301.2793648978375,47.6,1:4:00:39
11137500,44550.000007241026,-3626642.6105208844,-3088677.5530734584,300.608277301858,47.6,1:3:58:57
11150000,44600.00000725121,-3629048.1260653753,-3090869.630932517,300.7275436631968,47.6,1:3:57:15
11162500,44650.0000072614,-3629039.6792720035,-3089493.0810621995,301.49202288622155,47.6,1:3:55:34
11175000,44700.000007271585,-3630494.3142315857,-3093419.030231076,300.1110828105737,47.6,1:3:53:51
11187500,44750.00000728177,-3626215.399076266,-3086845.9197488744,301.3930510266512,47.6,1:3:52:10
11200000,44800.00000729196,-3626591.51045773,-3090034.1883040746,299.8216520820615,47.6,1:3:50:28
11212500,44850.000007302144,-3632550.6883214805,-3093971.1400114587,300.95164726067856,47.6,1:3:48:47
11225000,44900.00000731233,-3632084.776499396,-3092810.9416699964,301.3396060540145,47.6,1:3:47:05
11237500,44950.00000732252,-3632268.4489995595,-3094401.1044996707,300.5536765049798,47.6,1:3:45:23
11250000,45000.0000073327,-3630181.7820919342,-3091080.6776137394,301.2430864518682,47.6,1:3:43:42
11262500,45050.00000734289,-3626528.212663373,-3086959.3721933328,301.5044515884958,47.6,1:3:42:00
11275000,45100.000007353075,-3628613.1559869405,-3088461.006170045,301.8303976986842,47.6,1:3:40:19
11287500,45150.00000736326,-3629062.490035219,-3091108.1357192295,300.60229652325864,47.6,1:3:38:38
11300000,45200.00000737345,-3624365.1519456934,-3085357.580966686,301.1908210794774,47.6,1:3:36:57
11312500,45250.000007383635,-3629886.3450813107,-3090099.7384235384,301.6261366638413,47.6,1:3:35:15
11325000,45300.00000739382,-3630344.465214139,-3092222.324347324,300.696053590376,47.6,1:3:33:34
11337500,45350.00000740401,-3629408.97439947,-3089734.2656941875,301.56360946013933,47.6,1:3:31:53
11350000,45400.00000741419,-3628562.210651776,-3090032.078774795,300.9240339638647,47.6,1:3:30:12
11362500,45450.00000742438,-3631824.2613191064,-3093498.346144144,300.80992017498545,47.6,1:3:28:31
11375000,45500.000007434566,-3626242.5571339205,-3090243.0801739246,299.5099350284249,47.7,1:3:26:50
11387500,45550.00000744475,-3630062.191723602,-3090725.4415612724,301.37476237055586,47.7,1:3:25:09
11400000,45600.00000745494,-3631950.682801435,-3094826.682794002,300.13830471786196,47.7,1:3:23:28
11412500,45650.000007465125,-3626399.1453215852,-3088945.961488357,300.3222486030977,47.7,1:3:21:47
11425000,45700.00000747531,-3630384.447466787,-3090969.8910432886,301.4182395551975,47.7,1:3:20:06
11437500,45750.0000074855,-3628518.9174001366,-3090304.546738541,300.7475904687311,47.7,1:3:18:25
11450000,45800.000007495684,-3631306.8305735514,-3089927.5923021636,302.51607967987496,47.7,1:3:16:45
11462500,45850.00000750587,-3628649.368505411,-3091198.2990308097,300.32106712542407,47.7,1:3:15:04
11475000,45900.00000751606,-3631342.402372066,-3095378.762416226,299.48990974995394,47.7,1:3:13:23
11487500,45950.00000752624,-3626079.806518158,-3085175.9799088044,302.2504254728687,47.7,1:3:11:42
11500000,46000.00000753643,-3626536.840829568,-3087296.8585407166,301.32068966947315,47.7,1:3:10:02
11512500,46050.000007546616,-3633500.943788044,-3095171.837164075,300.811703517555,47.7,1:3:08:21
11525000,46100.0000075568,-3630108.2700675167,-3090272.1815176955,301.6537865383463,47.7,1:3:06:41
11537500,46150.00000756699,-3628539.578482287,-3090353.8962823544,300.73155970814645,47.7,1:3:05:00
11550000,46200.000007577175,-3629391.464098735,-3091546.0385739617,300.5414284504669,47.7,1:3:03:19
11562500,46250.00000758736,-3627683.9719810244,-3089535.5857813405,300.71071916054996,47.7,1:3:01:39
11575000,46300.00000759755,-3632032.065551996,-3093022.254274491,301.19207293080615,47.7,1:2:59:59
11587500,46350.000007607734,-3628542.3270290643,-3089042.7983985054,301.4657209825307,47.7,1:2:58:18
11600000,46400.00000761792,-3630510.319917945,-3093790.3250358487,299.91255160793906,47.7,1:2:56:38
11612500,46450.00000762811,-3628974.842144871,-3090543.5582047403,300.8687989488763,47.7,1:2:54:58
11625000,46500.00000763829,-3627725.3193998877,-3089837.546970484,300.56509138149517,47.8,1:2:53:18
11637500,46550.00000764848,-3631425.2347693425,-3092024.7973749703,301.4103500148564,47.8,1:2:51:38
11650000,46600.000007658666,-3628381.276748536,-3089891.786658314,300.901323831794,47.8,1:2:49:58
11662500,46650.00000766885,-3628062.667052308,-3091328.697400051,299.92036053813905,47.8,1:2:48:18
11675000,46700.00000767904,-3629520.156227082,-3090341.1676633954,301.28660712378695,47.8,1:2:46:39
11687500,46750.000007689225,-3630351.1856941916,-3093815.56514071,299.8095254940004,47.8,1:2:44:59
11700000,46800.00000769941,-3628261.9414455816,-3089750.4051476754,300.91364298230604,47.8,1:2:43:19
11712500,46850.0000077096,-3628633.9306993186,-3090237.527098392,300.84930824304934,47.8,1:2:41:39
11725000,46900.000007719784,-3628672.3236720636,-3092771.8146363418,299.45463296593516,47.8,1:2:39:59
11737500,46950.00000772997,-3625368.7091684137,-3086482.738498075,301.12287231811786,47.8,1:2:38:19
11750000,47000.00000774016,-3632040.0426084325,-3092058.328919833,301.73516008016645,47.8,1:2:36:39
11762500,47050.00000775034,-3630421.8019392956,-3091658.2112333803,301.0544878946829,47.8,1:2:35:00
11775000,47100.00000776053,-3631483.731624769,-3093209.8583195303,300.78083981634745,47.8,1:2:33:21
11787500,47150.000007770715,-3627710.987574363,-3089221.719347018,300.9011998575392,47.8,1:2:31:41
11800000,47200.0000077809,-3628205.383300714,-3088918.3808785053,301.34696394340864,47.8,1:2:30:02
11812500,47250.00000779109,-3629291.1959575713,-3090418.6806807704,301.1153536092056,47.8,1:2:28:22
11825000,47300.000007801274,-3626030.806888791,-3087928.689669836,300.6848646214921,47.8,1:2:26:43
11837500,47350.00000781146,-3628470.041476641,-3090138.5623811292,300.8130292255606,47.8,1:2:25:04
11850000,47400.00000782165,-3632071.8749935664,-3094897.8536591474,300.166256021995,47.8,1:2:23:25
11862500,47450.00000783183,-3629250.9809054844,-3090315.6598355235,301.1504487162671,47.8,1:2:21:45
11875000,47500.00000784202,-3629661.156991681,-3090758.314585407,301.13230003726875,47.8,1:2:20:06
11887500,47550.000007852206,-3627577.2470650505,-3087726.933787626,301.66173514170015,47.8,1:2:18:27
11900000,47600.00000786239,-3630569.3682645075,-3090717.848647151,301.66240922966153,47.9,1:2:16:47
11912500,47650.00000787258,-3627088.990500396,-3090570.373845897,299.8000239237594,47.9,1:2:15:08
11925000,47700.000007882765,-3630345.4817203563,-3092616.265941089,300.47649186970074,47.9,1:2:13:29
11937500,47750.00000789295,-3629611.8485116884,-3090734.585570873,301.11800654563854,47.9,1:2:11:50
11950000,47800.00000790314,-3628237.7244421,-3088915.8517680364,301.36644901254834,47.9,1:2:10:11
11962500,47850.000007913324,-3630975.7243362833,-3093016.852665184,300.60482076589966,47.9,1:2:08:32
11975000,47900.00000792351,-3628212.216647247,-3088849.1256809635,301.3894812888012,47.9,1:2:06:53
11987500,47950.0000079337,-3626868.1731349695,-3089524.6537981625,300.26096942725906,47.9,1:2:05:14
12000000,48000.00000794388,-3629365.5874929316,-3091799.417946787,300.3853836339874,47.9,1:2:03:36
12012500,48050.00000795407,-3627195.6710926145,-3089555.2919142046,300.4268510665011,47.9,1:2:01:57
12025000,48100.000007964256,-3626529.1776005663,-3087324.6459613163,301.30088028118945,47.9,1:2:00:18
12037500,48150.00000797444,-3626858.643829081,-3087033.2289945,301.6478221971569,47.9,1:1:58:40
12050000,48200.00000798463,-3628700.577893926,-3091213.5778014786,300.34114471407725,47.9,1:1:57:01
12062500,48250.000007994815,-3628492.778445443,-3088103.118526388,301.963115431302,47.9,1:1:55:22
12075000,48300.000008005,-3624608.319217777,-3086003.3498816146,300.96585221836045,47.9,1:1:53:43
12087500,48350.00000801519,-3625886.466726538,-3088639.9964038087,300.2067396282564,47.9,1:1:52:04
12100000,48400.000008025374,-3630750.385962654,-3091246.3867507717,301.4682190885537,47.9,1:1:50:25
12112500,48450.00000803556,-3629668.3114369567,-3093204.038840845,299.7696571303267,47.9,1:1:48:47
12125000,48500.00000804575,-3627590.4744661916,-3088759.004732662,301.0924178629471,47.9,1:1:47:08
12137500,48550.00000805593,-3627922.131411759,-3088472.364955879,301.4379144895291,47.9,1:1:45:30
12150000,48600.00000806612,-3628297.1330546252,-3088740.11862966,301.497843339525,47.9,1:1:43:51
12162500,48650.000008076306,-3627746.675096374,-3089961.0277965106,300.508025111418,47.9,1:1:42:13
12175000,48700.00000808649,-3631604.7452433333,-3092087.2080868864,301.475783925967,48,1:1:40:35
12187500,48750.00000809668,-3628648.8459674064,-3089526.9253782444,301.254718239419,48,1:1:38:56
12200000,48800.000008106865,-3628372.6835092623,-3090955.356976454,300.3022119833234,48,1:1:37:19
12212500,48850.00000811705,-3630271.8407314494,-3091002.6067160657,301.3370351755597,48,1:1:35:41
12225000,48900.00000812724,-3629932.390009569,-3094391.380764245,299.2537488914293,48,1:1:34:06
12237500,48950.000008137424,-3627550.4055210967,-3089088.6854549428,300.8858062828749,48,1:1:32:34
12250000,49000.00000814761,-3631458.9699127674,-3093344.0221565454,300.69203416838246,48,1:1:31:03
12262500,49050.0000081578,-3629570.0131606795,-3090423.260024363,301.2685943622594,48,1:1:29:29
12275000,49100.00000816798,-3628945.8905792907,-3091792.9590428434,300.1544713015021,48,1:1:28:03
12287500,49150.00000817817,-3630229.015102217,-3092754.846572486,300.33397459417824,48,1:1:26:33
12300000,49200.000008188355,-3630632.344758859,-3092590.553193803,300.6511553858372,48,1:1:25:03
12312500,49250.00000819854,-3630236.4353467207,-3088998.7403497407,302.4369870338113,48,1:1:23:33
12325000,49300.00000820873,-3629119.8171600457,-3087032.091890907,302.9119735263923,48,1:1:22:01
12337500,49350.000008218914,-3629368.568703823,-3088436.2946570273,302.2663215520741,48,1:1:20:30
12350000,49400.0000082291,-3631073.761493616,-3090192.0992023055,302.2380403237362,48,1:1:18:59
12362500,49450.00000823929,-3631752.7713771407,-3094892.851144406,299.99074017804037,48,1:1:17:29
12375000,49500.00000824947,-3629799.5832739323,-3092581.6440038867,300.1907968258791,48,1:1:15:58
12387500,49550.00000825966,-3630295.27531904,-3094903.111332475,299.17057598605044,48,1:1:14:24
12400000,49600.000008269846,-3630335.2703336384,-3091235.5100693316,301.2423353216309,48,1:1:12:52
12412500,49650.00000828003,-3626851.0193046853,-3089584.986966448,300.2176706426431,48,1:1:11:14
12425000,49700.00000829022,-3631533.8361803014,-3094956.156936826,299.83302737422383,48,1:1:09:36
12437500,49750.000008300405,-3628993.879539758,-3089603.665453441,301.40463735567846,48,1:1:07:57
12450000,49800.00000831059,-3627683.5921280477,-3090552.5084934277,300.14226296187104,48,1:1:06:19
12462500,49850.00000832078,-3631387.1427740064,-3093139.5427028993,300.7661586552904,48,1:1:04:41
12475000,49900.000008330964,-3626712.045414379,-3089274.17038974,300.3136942285825,48,1:1:03:03
12487500,49950.00000834115,-3628409.8339081705,-3089028.056718413,301.39992292133877,48,1:1:01:25
12500000,50000.00000835134,-3629878.524707323,-3090904.238711876,301.172221838821,48,1:0:59:47
12512500,50050.00000836152,-3627470.8772432394,-3086965.260755612,302.027910539902,48,1:0:58:09
12525000,50100.00000837171,-3627989.8807342164,-3088063.0297801234,301.7045034568788,48,1:0:56:31
12537500,50150.000008381896,-3630728.04703187,-3091538.8429284133,301.29231544214235,48,1:0:54:53
12550000,50200.00000839208,-3628686.8675811794,-3090400.5896854918,300.7877713493789,48,1:0:53:15
12562500,50250.00000840227,-3626574.614863703,-3088713.9399760463,300.54994960745074,48,1:0:51:37
12575000,50300.000008412455,-3629210.0720223207,-3089688.67262182,301.4779421005836,48,1:0:49:59
12587500,50350.00000842264,-3627222.558548104,-3088878.4068324384,300.8201105303046,48,1:0:48:21
12600000,50400.00000843283,-3625049.433374772,-3085648.430060621,301.4106662438891,48,1:0:46:43
12612500,50450.000008443014,-3627731.553229835,-3089886.1569465944,300.541412110657,48,1:0:45:05
12625000,50500.0000084532,-3627912.1599321887,-3088097.3937685797,301.64187185039697,48,1:0:43:28
12637500,50550.00000846339,-3627384.9306609128,-3088095.075914018,301.3485577874663,48.1,1:0:41:50
12650000,50600.00000847357,-3625914.3515409585,-3088391.220471164,300.3613342611624,48.1,1:0:40:12
12662500,50650.00000848376,-3629948.853985984,-3090118.001398764,301.6508607466506,48.1,1:0:38:35
12675000,50700.000008493946,-3628719.942999227,-3091466.4576943424,300.2106595142636,48.1,1:0:36:57
12687500,50750.00000850413,-3628884.023208877,-3090110.889881716,301.05982019441876,48.1,1:0:35:19
12700000,50800.00000851432,-3628629.9249692243,-3089968.984207454,300.9971283646401,48.1,1:0:33:41
12712500,50850.000008524505,-3626989.5081976186,-3089551.3007233185,300.31387999737643,48.1,1:0:32:04
12725000,50900.00000853469,-3628772.2992725465,-3089367.272534686,301.41291448372067,48.1,1:0:30:26
12737500,50950.00000854488,-3632475.597259026,-3096212.5748582697,299.65720098899425,48.1,1:0:28:49
12750000,51000.000008555064,-3628955.0806334,-3090118.437906692,301.0953084681012,48.1,1:0:27:11
12762500,51050.00000856525,-3629388.9420871064,-3091083.650768105,300.7983958171745,48.1,1:0:25:34
12775000,51100.00000857544,-3631015.115321908,-3091624.662242147,301.4047709022843,48.1,1:0:23:56
12787500,51150.00000858562,-3631196.447692333,-3094647.384152304,299.8170372700384,48.1,1:0:22:19
12800000,51200.00000859581,-3629226.3626743667,-3088703.5142524587,302.03753953347126,48.1,1:0:20:41
12812500,51250.000008605995,-3627215.7269821987,-3088747.365333496,300.8895175177607,48.1,1:0:19:04
12825000,51300.00000861618,-3626141.975966396,-3085261.9232485634,302.237140913814,48.1,1:0:17:27
12837500,51350.00000862637,-3626641.8285309207,-3089253.4272187287,300.28604892473845,48.1,1:0:15:49
12850000,51400.000008636554,-3630514.279751418,-3091475.1541013434,301.2084534427304,48.1,1:0:14:12
12862500,51450.00000864674,-3632062.4996114243,-3092679.7514518257,301.4004654873792,48.1,1:0:12:37
12875000,51500.00000865693,-3627583.785798462,-3088039.1638128976,301.49091859635007,48.1,1:0:11:07
12887500,51550.00000866711,-3627283.582105605,-3088461.7619167287,301.0870258157222,48.1,1:0:09:37
12900000,51600.0000086773,-3627782.3559802547,-3088515.244212832,301.3358492894233,48.1,1:0:08:06
12912500,51650.000008687486,-3630063.1598830894,-3091788.589074062,300.78122957291134,48.1,1:0:06:36
12925000,51700.00000869767,-3625156.679502338,-3086870.7358592153,300.7875845731446,48.1,1:0:05:06
12937500,51750.00000870786,-3628757.504296493,-3088823.5071253395,301.7084966753417,48.1,1:0:03:35
12950000,51800.000008718045,-3628839.454533698,-3091173.414018629,300.44119030675387,48.1,1:0:02:05
12962500,51850.00000872823,-3629987.5983722713,-3091049.3147972063,301.1521041277914,48.1,1:0:00:35
12975000,51900.00000873842,-3626352.759507036,-3090108.394031357,299.6467757280416,48.1,23:59:05
12987500,51950.000008748604,-3627984.593344232,-3089207.7333321935,301.06190262022966,48.1,23:57:34
13000000,52000.00000875879,-3626352.1755520552,-3086527.09763051,301.6476339342836,48.1,23:56:04
13012500,52050.00000876898,-3627849.3689046483,-3091036.037946813,299.9647066625278,48.1,23:54:34
13025000,52100.00000877916,-3629956.786520129,-3091785.5119740437,300.7235088878505,48.1,23:53:04
13037500,52150.00000878935,-3626007.942248948,-3087353.16586579,300.99368378546257,48.1,23:51:33
13050000,52200.000008799536,-3631315.109214615,-3094736.6546586016,299.833460609363,48.1,23:50:03
13062500,52250.00000880972,-3627370.2267631777,-3087633.392498436,301.59832446095027,48.1,23:48:33
13075000,52300.00000881991,-3626524.7254058346,-3088202.1048153075,300.8080792016027,48.1,23:47:03
13087500,52350.000008830095,-3630025.3093507737,-3092344.9480402926,300.4491925916213,48.1,23:45:33
13100000,52400.00000884028,-3629189.4091850985,-3092863.031624005,299.6926030756972,48.1,23:44:03
13112500,52450.00000885047,-3627739.8712356687,-3088859.7655477934,301.1195950378366,48.1,23:42:33
13125000,52500.000008860654,-3628400.845957214,-3088204.6130582993,301.8550307843476,48.1,23:41:03
13137500,52550.00000887084,-3626197.3441728447,-3087556.3279710165,300.9859947648697,48.1,23:39:33
13150000,52600.00000888103,-3628485.3664850276,-3088034.2421208452,301.99746100953104,48.1,23:38:02
13162500,52650.00000889121,-3627565.8629631605,-3088172.77910183,301.4062409507654,48.1,23:36:32
13175000,52700.0000089014,-3627103.641851358,-3087130.240512759,301.7305152409165,48.1,23:35:02
13187500,52750.000008911586,-3633453.24423714,-3094089.7241255906,301.3897210899132,48.1,23:33:32
13200000,52800.00000892177,-3623057.2311833166,-3085742.272512041,300.24501007758533,48.1,23:32:02
13212500,52850.00000893196,-3629901.9173343964,-3091465.770916436,300.87151604186136,48.1,23:30:32
13225000,52900.000008942145,-3627710.147674352,-3088521.979952514,301.29173632480223,48.1,23:29:02
13237500,52950.00000895233,-3627171.263930863,-3090400.365405108,299.9409959398093,48.1,23:27:32
13250000,53000.00000896252,-3628323.0328019056,-3088284.0254038353,301.7671751024543,48.1,23:26:01
13262500,53050.000008972704,-3626374.7271512765,-3088854.937344795,300.35946720419554,48.1,23:24:31
13275000,53100.00000898289,-3628841.728931766,-3090424.039625824,300.861202433996,48.1,23:23:01
13287500,53150.000008993076,-3630306.910020113,-3091270.378757688,301.20700373072526,48.1,23:21:30
13300000,53200.00000900326,-3626726.0096581075,-3089538.779301853,300.17363706142083,48.1,23:20:00
13312500,53250.00000901345,-3627477.2096122038,-3088135.1250743167,301.3777431542048,48.1,23:18:30
13325000,53300.000009023635,-3627506.1935372073,-3088399.1307542073,301.24641587952937,48.1,23:16:59
13337500,53350.00000903382,-3626855.962020714,-3089323.843224564,300.3663564924377,48.1,23:15:29
13350000,53400.00000904401,-3626788.918849934,-3088716.461610836,300.6682909884536,48.1,23:13:59
13362500,53450.000009054194,-3629965.992119478,-3088544.357139115,302.53977044096024,48.1,23:12:29
13375000,53500.00000906438,-3628611.22535743,-3090084.326895685,300.9222271710807,48.1,23:10:59
13387500,53550.00000907457,-3630252.7761824,-3093967.4853838384,299.66964429662147,48.1,23:09:29
13400000,53600.00000908475,-3630295.660405807,-3093548.369096763,299.92780451659496,48.1,23:07:59
13412500,53650.00000909494,-3632008.569283318,-3094235.2769120336,300.50112132883055,48.1,23:06:29
13425000,53700.000009105126,-3627451.747741999,-3089251.548895105,300.7396714324581,48.1,23:04:59
13437500,53750.00000911531,-3628360.5486134067,-3092211.9671388883,299.59325280274487,48.1,23:03:29
13450000,53800.0000091255,-3629545.6120776217,-3092790.6788665997,299.93207471771115,48.1,23:01:58
13462500,53850.000009135685,-3626491.6139976494,-3086920.006015563,301.50599804029065,48.1,23:00:28
13475000,53900.00000914587,-3632469.9361479413,-3095369.1026073606,300.1253595802639,48.1,22:58:58
13487500,53950.00000915606,-3631175.9542134013,-3093193.6057315124,300.6179393198844,48.1,22:57:28
13500000,54000.000009166244,-3625878.867438482,-3087009.1411951575,301.1137951314998,48.1,22:55:57
13512500,54050.00000917643,-3628197.0416401904,-3090466.9848521445,300.4769618150935,48.1,22:54:27
13525000,54100.00000918662,-3624865.2916529756,-3085586.23569934,301.3425235542135,48.1,22:52:57
13537500,54150.0000091968,-3627429.357331464,-3088527.7520506936,301.13160874670757,48.1,22:51:26
13550000,54200.00000920699,-3628550.471753206,-3090024.2707669674,300.9218374303206,48.1,22:49:56
13562500,54250.000009217176,-3630179.6658880915,-3090725.900687425,301.4401489390811,48.1,22:48:25
13575000,54300.00000922736,-3627895.01280229,-3092207.153004082,299.3358071796248,48.1,22:46:55
13587500,54350.00000923755,-3628067.8950211834,-3090061.195817226,300.6315462047755,48.1,22:45:25
13600000,54400.000009247735,-3627675.3283382654,-3090100.557100788,300.3901901536257,48.1,22:43:55
13612500,54450.00000925792,-3628899.980431417,-3090322.263254835,300.950624045767,48.1,22:42:25
13625000,54500.00000926811,-3630007.5051030405,-3093022.2236698996,300.0607904795847,48.1,22:40:55
13637500,54550.000009278294,-3631463.4913611915,-3091879.117077521,301.513131693069,48.1,22:39:25
13650000,54600.00000928848,-3630390.000614632,-3092539.679633353,300.5441639715316,48.1,22:37:55
13662500,54650.00000929867,-3625584.079000972,-3086404.3225599583,301.2870362042212,48.1,22:36:26
13675000,54700.00000930885,-3629796.233880786,-3089285.532714873,302.03075179577723,48.1,22:34:56
13687500,54750.00000931904,-3623978.9481388163,-3085542.148664726,300.8718809616187,48.1,22:33:25
13700000,54800.000009329226,-3626716.5049803555,-3088776.8315847567,300.594093004969,48.1,22:31:55
13712500,54850.00000933941,-3630955.2734246813,-3089927.166017872,302.31987205849293,48.1,22:30:25
13725000,54900.0000093496,-3627682.1486497317,-3088047.7562013855,301.54108123014186,48.1,22:28:55
13737500,54950.000009359785,-3628165.0049177743,-3090276.9488253016,300.5652498889398,48.1,22:27:25
13750000,55000.00000936997,-3627549.585704362,-3088686.5800575167,301.1100397445983,48.1,22:25:55
13762500,55050.00000938016,-3630476.2779843938,-3092640.8471179996,300.5358435579242,48.1,22:24:24
13775000,55100.00000939034,-3627278.677351618,-3089654.7037767125,300.41768381643664,48.1,22:22:54
13787500,55150.00000940053,-3625875.166140165,-3087607.1711466694,300.77755508782826,48.1,22:21:24
13800000,55200.000009410716,-3628398.2980633117,-3087137.7724392246,302.449744508278,48.1,22:19:54
13812500,55250.0000094209,-3625260.794358371,-3085923.1963669695,301.3752361270449,48.1,22:18:24
13825000,55300.00000943109,-3630351.812194245,-3090539.635687929,301.64042478165703,48.1,22:16:54
13837500,55350.000009441275,-3630002.1049882993,-3090623.014215256,301.3984217846209,48.1,22:15:24
13850000,55400.00000945146,-3629499.2629707344,-3090617.7496250216,301.1203816197746,48.1,22:13:54
13862500,55450.00000946165,-3630552.327052893,-3090210.1308205165,301.9365933052097,48.1,22:12:23
13875000,55500.000009471834,-3628286.1882255916,-3089752.7051182915,300.9259065902725,48.1,22:10:53
13887500,55550.00000948202,-3630721.982737571,-3091278.106512839,301.4346231005926,48.1,22:09:23
13900000,55600.00000949221,-3628865.618679948,-3090778.9770845836,300.6762170327998,48.1,22:07:53
13912500,55650.00000950239,-3625816.851538142,-3087035.823607562,301.0642316020015,48.1,22:06:24
13925000,55700.00000951258,-3627304.4715997577,-3088478.579013207,301.0893014216048,48.1,22:04:54
13937500,55750.000009522766,-3627890.539792821,-3089923.9952562535,300.6091082690349,48.1,22:03:24
13950000,55800.00000953295,-3632074.9017795306,-3092261.8220094265,301.6409295143858,48.1,22:01:54
13962500,55850.00000954314,-3624614.4377307743,-3085012.730205428,301.5228172959684,48.1,22:00:24
13975000,55900.000009553325,-3628279.179722052,-3089682.447351624,300.96124950291414,48.1,21:58:54
13987500,55950.00000956351,-3628675.878946731,-3090316.185046538,300.8287953124323,48.1,21:57:24
14000000,56000.0000095737,-3631320.400988074,-3093649.49310468,300.4439101324878,48.1,21:55:54
14012500,56050.000009583884,-3628316.336237831,-3090950.2437980985,300.2735830003711,48.1,21:54:24
14025000,56100.00000959407,-3632503.131172642,-3092774.819177354,301.59356232128374,48.1,21:52:54
14037500,56150.00000960426,-3631465.6491633374,-3091938.188879825,301.48132884768876,48.1,21:51:24
14050000,56200.00000961444,-3625882.4732279144,-3088224.414808355,300.4367300096638,48.1,21:49:54
14062500,56250.00000962463,-3626198.741902521,-3087046.9733450576,301.2713969180948,48.1,21:48:24
14075000,56300.000009634816,-3629109.0853011683,-3091651.818131372,300.32453032149994,48.2,21:46:54
14087500,56350.000009645,-3626472.140326036,-3087134.5785710965,301.3752158785543,48.2,21:45:25
14100000,56400.00000965519,-3629764.5259903986,-3090305.388128186,301.44315111647074,48.2,21:43:55
14112500,56450.000009665375,-3627288.5147003625,-3089430.0680399267,300.5487045014032,48.2,21:42:25
14125000,56500.00000967556,-3628564.4891310297,-3091602.621514853,300.0477071257774,48.2,21:40:55
14137500,56550.00000968575,-3627540.1148317754,-3087055.5188576495,302.01616453472144,48.2,21:39:25
14150000,56600.000009695934,-3630326.077577807,-3090920.1066459054,301.41344208777286,48.2,21:37:55
14162500,56650.00000970612,-3627957.0319838934,-3090125.794085867,300.5335005786166,48.2,21:36:25
14175000,56700.00000971631,-3627975.0873900615,-3087701.9333012626,301.89801340200813,48.2,21:34:55
14187500,56750.00000972649,-3626909.862188006,-3088855.806275079,300.6580085530358,48.2,21:33:25
14200000,56800.00000973668,-3631037.9183952324,-3093015.1054367702,300.64055037319775,48.2,21:31:55
14212500,56850.000009746866,-3628279.5174825434,-3088017.18312536,301.8919674686587,48.2,21:30:25
14225000,56900.00000975705,-3626789.9410572182,-3089208.978738029,300.3936496541682,48.2,21:28:55
14237500,56950.00000976724,-3629166.014100237,-3090473.4294991875,301.0148105539968,48.2,21:27:25
14250000,57000.000009777425,-3627834.878107164,-3090577.6699994113,300.2127397708553,48.2,21:25:55
14262500,57050.00000978761,-3630415.3795515187,-3091815.013636148,300.9632798832716,48.2,21:24:25
14275000,57100.0000097978,-3628300.926746726,-3089777.3756688307,300.9203566940328,48.2,21:22:56
14287500,57150.00000980798,-3629471.1243785582,-3090116.626490918,301.38467958182815,48.2,21:21:26
14300000,57200.00000981817,-3629527.411191156,-3091372.1999464557,300.7145329120131,48.2,21:19:56
14312500,57250.000009828356,-3626820.7157462463,-3089952.1689723646,299.99556058345024,48.2,21:18:26
14325000,57300.00000983854,-3626715.455360733,-3088987.241667696,300.47593191620365,48.2,21:16:56
14337500,57350.00000984873,-3628299.3949834853,-3090478.2017570133,300.52788773932485,48.2,21:15:26
14350000,57400.000009858915,-3628478.7557244394,-3091193.8119522566,300.2282381200301,48.2,21:13:57
14362500,57450.0000098691,-3629037.934686091,-3090871.2720155874,300.7209318283284,48.2,21:12:27
14375000,57500.00000987929,-3625751.064051781,-3086787.6536480067,301.1661446915562,48.2,21:10:57
14387500,57550.000009889474,-3630710.930916572,-3091287.17540449,301.4233798930941,48.2,21:09:27
14400000,57600.00000989966,-3626716.18851427,-3089671.142501915,300.0941861935861,48.2,21:07:57
14412500,57650.00000990985,-3631348.743507009,-3092043.231307121,301.35730698019927,48.2,21:06:26
14425000,57700.00000992003,-3628179.1187344473,-3087956.7386057125,301.8696415357405,48.2,21:04:56
14437500,57750.00000993022,-3630019.637097342,-3090431.617383213,301.51516871490736,48.2,21:03:26
14450000,57800.000009940406,-3630116.2714953665,-3091303.1976093217,301.08213848895156,48.2,21:01:56
14462500,57850.00000995059,-3628419.674337603,-3088879.787309912,301.488272759953,48.2,21:00:26
14475000,57900.00000996078,-3630468.257048888,-3090891.3450980606,301.5089618329834,48.2,20:58:56
14487500,57950.000009970965,-3628828.840627948,-3091310.1775440536,300.3588376054299,48.2,20:57:26
14500000,58000.00000998115,-3628531.9088693596,-3091409.373109122,300.1374865144846,48.2,20:55:57
14512500,58050.00000999134,-3627995.039030792,-3091709.469445926,299.66980007898945,48.2,20:54:27
14525000,58100.000010001524,-3631010.9431960564,-3091349.813988947,301.55602140307906,48.2,20:52:57
14537500,58150.00001001171,-3624071.7805556804,-3086844.432618573,300.1960542736594,48.2,20:51:27
14550000,58200.0000100219,-3628938.2867103294,-3088499.9612566605,301.99030913528276,48.2,20:49:57
14562500,58250.00001003208,-3628395.8765477296,-3090100.275925054,300.7929807748998,48.2,20:48:27
14575000,58300.00001004227,-3627453.399097936,-3088892.840346315,300.94103612830406,48.2,20:46:58
14587500,58350.000010052456,-3633315.094303174,-3093039.0358445644,301.89963632824345,48.2,20:45:28
14600000,58400.00001006264,-3629474.1018658094,-3087720.217902462,302.7254270984471,48.2,20:43:58
14612500,58450.00001007283,-3629763.1405980755,-3090154.262353659,301.5268242058538,48.2,20:42:27
14625000,58500.000010083015,-3626695.8844754174,-3090190.0807481185,299.7928642171585,48.2,20:40:57
14637500,58550.0000100932,-3628148.113121817,-3088180.821435614,301.7271012420771,48.2,20:39:28
14650000,58600.00001010339,-3626406.4505781885,-3088658.617947372,300.4868947380573,48.2,20:37:58
14662500,58650.000010113574,-3628836.364997074,-3089837.112394046,301.1861728729843,48.2,20:36:28
14675000,58700.00001012376,-3628317.9764383454,-3088931.652177977,301.4024637686375,48.2,20:34:58
14687500,58750.00001013395,-3631190.25224437,-3095143.7163901953,299.536230961432,48.2,20:33:28
14700000,58800.00001014413,-3627110.9312654957,-3089134.488548414,300.61463925092966,48.2,20:31:58
14712500,58850.00001015432,-3630990.9870893937,-3093305.961757205,300.45179878975904,48.2,20:30:28
14725000,58900.000010164506,-3628415.398659354,-3088953.9041043185,301.4444680075211,48.2,20:28:58
14737500,58950.00001017469,-3626788.7294620182,-3089748.350632905,300.09157822882196,48.2,20:27:28
14750000,59000.00001018488,-3627308.8634341583,-3088146.8945708666,301.27709672391046,48.2,20:25:59
14762500,59050.000010195065,-3628427.8382782415,-3088616.345217517,301.6400428806413,48.2,20:24:29
14775000,59100.00001020525,-3633516.463004764,-3094751.514717857,301.055246494294,48.2,20:23:00
14787500,59150.00001021544,-3628484.1125442516,-3088598.619773481,301.6813930111934,48.2,20:21:31
14800000,59200.00001022562,-3628727.7067286875,-3091897.9035126264,299.9739111584332,48.2,20:20:02
14812500,59250.00001023581,-3628734.9151099585,-3088045.7946379036,302.1304503161813,48.2,20:18:33
14825000,59300.000010245996,-3631859.497646533,-3092256.3518008334,301.5236210117446,48.2,20:17:04
14837500,59350.00001025618,-3629259.45835259,-3090450.5212133876,301.079826925543,48.2,20:15:35
14850000,59400.00001026637,-3628474.5447620098,-3088579.507672866,301.686726259263,48.2,20:14:07
14862500,59450.000010276555,-3626702.7051053364,-3088705.562003949,300.6262063718411,48.2,20:12:37
14875000,59500.00001028674,-3629740.8979599793,-3091849.5497593014,300.56708947863535,48.2,20:11:08
14887500,59550.00001029693,-3629447.8863028064,-3090468.8414501105,301.17488102989614,48.2,20:09:39
14900000,59600.000010307114,-3626956.078333022,-3087966.509534238,301.1807616819204,48.2,20:08:10
14912500,59650.0000103173,-3630252.691383006,-3089242.8212249903,302.3096813075015,48.2,20:06:42
14925000,59700.00001032749,-3627032.353083672,-3089029.94858977,300.62914637346057,48.2,20:05:13
14937500,59750.00001033767,-3629277.7148485687,-3091131.456399299,300.70953019970995,48.1,20:03:45
14950000,59800.00001034786,-3628964.845036017,-3090841.1454598056,300.6969245780731,48.1,20:02:16
14962500,59850.000010358046,-3626072.228240803,-3088237.7788342712,300.53529513018833,48.1,20:00:47
14975000,59900.00001036823,-3626694.8790530767,-3088281.637069962,300.85871732453523,48.1,19:59:18
14987500,59950.00001037842,-3627274.116142165,-3089971.5343875275,300.23809400833994,48.1,19:57:50
15000000,60000.000010388605,-3631246.297547538,-3090846.3894744385,301.96884197411373,48.1,19:56:21
15012500,60050.00001039879,-3627347.9082537442,-3089159.6540200077,300.7329969290966,48.1,19:54:52
15025000,60100.00001040898,-3631178.941008836,-3092791.393479864,300.8443595786389,48.1,19:53:23
15037500,60150.000010419164,-3627417.5041350666,-3088607.3837715955,301.080488096755,48.1,19:51:55
15050000,60200.00001042935,-3631385.8596228994,-3092352.174212429,301.20541350355035,48.1,19:50:26
15062500,60250.00001043954,-3628403.015773602,-3090026.6384673584,300.8381177951531,48.1,19:48:57
15075000,60300.00001044972,-3628176.453699231,-3088680.006967875,301.4639988550479,48.1,19:47:29
15087500,60350.00001045991,-3628245.4206602275,-3090741.5176364356,300.3505898648402,48.1,19:46:00
15100000,60400.000010470096,-3627623.5418471918,-3089997.3572773775,300.4189192932795,48.1,19:44:32
15112500,60450.00001048028,-3629125.121741606,-3090176.442963915,301.1579128395478,48.1,19:43:04
15125000,60500.00001049047,-3629808.8189085666,-3092515.164082131,300.23310575032747,48.1,19:41:35
15137500,60550.000010500655,-3631062.4491826985,-3092445.7615556614,300.9724002556056,48.1,19:40:06
15150000,60600.00001051084,-3628289.145520998,-3089962.297469008,300.8104414552293,48.1,19:38:38
15162500,60650.00001052103,-3626575.4975761287,-3089227.7835112717,300.26331338985545,48.1,19:37:09
15175000,60700.000010531214,-3627915.4942411743,-3090327.516380358,300.3975698528014,48.1,19:35:41
15187500,60750.0000105414,-3629173.35911732,-3091539.5051816506,300.4232048408733,48.1,19:34:13
15200000,60800.00001055159,-3630021.980625907,-3092882.7323074904,300.146825287057,48.1,19:32:44
15212500,60850.00001056177,-3629658.909936093,-3090428.591449149,301.3152896554695,48.1,19:31:15
15225000,60900.00001057196,-3629027.183620183,-3090239.7212049356,301.06782711313065,48.1,19:29:46
15237500,60950.000010582145,-3630300.9308310114,-3093251.5554720275,300.0966053793936,48.1,19:28:17
15250000,61000.00001059233,-3629486.415050773,-3089083.533117309,301.97050373081856,48.1,19:26:49
15262500,61050.00001060252,-3626288.532071436,-3087552.157098148,301.039280077024,48.1,19:25:19
15275000,61100.000010612705,-3631406.6029753108,-3092728.1731233345,301.00690105378743,48.1,19:23:51
15287500,61150.00001062289,-3628079.1235490497,-3090215.6540360437,300.55151120982686,48.1,19:22:21
15300000,61200.00001063308,-3630647.422928244,-3092553.8409164026,300.68009525241996,48.1,19:20:53
15312500,61250.00001064326,-3627635.1803868543,-3087632.172989806,301.7470587433333,48.1,19:19:24
15325000,61300.00001065345,-3629197.6505265012,-3088359.794649521,302.2135618365848,48.1,19:17:57
15337500,61350.000010663636,-3629844.8469895422,-3090634.104241851,301.3043509724229,48.1,19:16:29
15350000,61400.00001067382,-3628160.865931062,-3090274.0573656387,300.5645527861224,48.1,19:15:01
15362500,61450.00001068401,-3624592.4479928426,-3086198.0705120144,300.84817607198374,48.1,19:13:30
15375000,61500.000010694195,-3628450.3127793446,-3089877.449354883,300.9479118286012,48.1,19:12:01
15387500,61550.00001070438,-3628251.8727829065,-3090340.1982010864,300.5784476111653,48.1,19:10:32
15400000,61600.00001071457,-3628236.9704522267,-3089896.104268013,300.81827461561807,48.1,19:09:02
15412500,61650.000010724754,-3627128.0241574496,-3087856.299434933,301.3384269521633,48.1,19:07:33
15425000,61700.00001073494,-3629980.638700662,-3092206.9509326066,300.50134227169775,48.1,19:06:03
15437500,61750.00001074513,-3627302.8147903048,-3087094.4563273736,301.86180640083006,48.1,19:04:31
15450000,61800.00001075531,-3628387.675474189,-3088956.836304528,301.4273381540858,48.1,19:03:03
15462500,61850.0000107655,-3628099.876838308,-3088541.7021864466,301.49849166008704,48.1,19:01:36
15475000,61900.000010775686,-3626655.4732157886,-3086806.384083287,301.6610511045286,48.1,19:00:08
15487500,61950.00001078587,-3628947.3408933897,-3091900.329498267,300.0952844253762,48.1,18:58:39
15500000,62000.00001079606,-3627907.0282829776,-3086502.017090719,302.53048127201686,48.1,18:57:11
15512500,62050.000010806245,-3629026.1655325964,-3089793.485088439,301.31660948819683,48.1,18:55:43
15525000,62100.00001081643,-3627837.6998880897,-3090230.3101831684,300.4084169532492,48.1,18:54:13
15537500,62150.00001082662,-3631174.9686175436,-3093865.779318327,300.24178622322586,48.1,18:52:43
15550000,62200.000010836804,-3624105.4896224644,-3083871.7466592276,301.8759909483234,48.1,18:51:13
15562500,62250.00001084699,-3629071.9951557554,-3091279.87906064,300.5116397948813,48.1,18:49:42
15575000,62300.00001085718,-3631870.7522110697,-3093582.61417486,300.78881077309273,48.1,18:48:10
15587500,62350.00001086736,-3627864.6895394437,-3088246.9687224478,301.5317653269793,48.1,18:46:39
15600000,62400.00001087755,-3629520.083440155,-3092839.00019835,299.8908082604985,48.1,18:45:07
15612500,62450.000010887736,-3628187.4706374668,-3089368.2306254823,301.0855840445145,48.1,18:43:37
15625000,62500.00001089792,-3625452.7115149684,-3086182.616193038,301.3375164630964,48.1,18:42:07
15637500,62550.00001090811,-3627053.843425913,-3088425.35364128,300.9789951565461,48.1,18:40:38
15650000,62600.000010918295,-3627812.7871429734,-3090079.2615091084,300.47890016360054,48.1,18:39:06
15662500,62650.00001092848,-3630443.1600290705,-3093594.7598717813,299.9843029011464,48.1,18:37:36
15675000,62700.00001093867,-3627620.3262391984,-3087899.475224113,301.5893932170368,48.1,18:36:05
15687500,62750.000010948854,-3628917.66198048,-3089003.684395896,301.6973099758571,48.1,18:34:34
15700000,62800.00001095904,-3630644.2343412973,-3090960.0147288507,301.56892403843506,48.1,18:33:04
15712500,62850.00001096923,-3626776.0135189425,-3089784.6135453936,300.06420944493635,48.1,18:31:36
15725000,62900.00001097941,-3626865.1690650024,-3087066.381164685,301.6329433928032,48.1,18:30:06
15737500,62950.0000109896,-3628414.916374678,-3090878.0978272962,300.3689826557953,48.1,18:28:37
15750000,63000.000010999785,-3628727.7195825893,-3090163.7233976433,300.94295692389437,48.1,18:27:09
15762500,63050.00001100997,-3629309.0296567306,-3092162.5268449597,300.15087900898504,48.1,18:25:42
15775000,63100.00001102016,-3631371.3162678815,-3093983.468415182,300.28573965836114,48.1,18:24:13
15787500,63150.000011030344,-3628649.167709034,-3087759.0141094057,302.2427851626995,48.1,18:22:44
15800000,63200.00001104053,-3625971.7913548257,-3087125.774382373,301.10054668167163,48.1,18:21:14
15812500,63250.00001105072,-3629413.919534972,-3089141.6495927926,301.8975193517191,48.1,18:19:44
15825000,63300.0000110609,-3629481.9115351997,-3091890.940982526,300.3992421323131,48.1,18:18:16
15837500,63350.00001107109,-3627919.074605122,-3088546.156367277,301.394972647643,48.1,18:16:49
15850000,63400.000011081276,-3631917.6468728576,-3091341.760997305,302.0671762121957,48.1,18:15:18
15862500,63450.00001109146,-3625905.132119339,-3085319.525250299,302.0726081841528,48.1,18:13:50
15875000,63500.00001110165,-3628520.767616948,-3090454.031872197,300.66509388757254,48.1,18:12:20
15887500,63550.000011111835,-3631225.181837991,-3092251.9819446844,301.17161493826336,48.1,18:10:52
15900000,63600.00001112202,-3627016.7377935816,-3088247.7952236184,301.0574784506857,48.1,18:09:22
15912500,63650.00001113221,-3628739.5227741674,-3090550.604635391,300.73336791109165,48.1,18:07:49
15925000,63700.000011142394,-3631032.842199262,-3092302.4913370316,301.0359138776357,48.1,18:06:16
15937500,63750.00001115258,-3628510.686005568,-3088133.0756624294,301.95638227603797,48.1,18:04:43
15950000,63800.00001116277,-3628559.8253746275,-3090905.356119988,300.43472442831853,48.1,18:03:10
15962500,63850.00001117295,-3626611.004502706,-3088100.4675159687,300.91308457947935,48.1,18:01:37
15975000,63900.00001118314,-3628099.5122450013,-3087552.8907987745,302.0508236079439,48.1,18:00:04
15987500,63950.000011193326,-3631124.865247717,-3093895.041971582,300.1974374627541,48.1,17:58:31
16000000,64000.00001120351,-3629282.9693439193,-3091311.6397587825,300.61178209549877,48.1,17:56:58
16012500,64050.0000112137,-3627079.358577503,-3088111.9715202055,301.16836679678136,48.1,17:55:25
16025000,64100.000011223885,-3624526.0247271694,-3086503.0386850843,300.6406470902038,48.1,17:53:52
16037500,64150.00001123407,-3631741.0130599104,-3094121.692742954,300.41508363295515,48.1,17:52:19
16050000,64200.00001124426,-3628141.2950132824,-3090234.3208679645,300.57582106488684,48.1,17:50:46
16062500,64250.000011254444,-3628597.916464204,-3091787.310208425,299.9631841324304,48.1,17:49:13
16075000,64300.00001126463,-3630515.4840123206,-3094047.173065616,299.7719137111179,48.1,17:47:40
16087500,64350.00001127482,-3626661.408689592,-3088645.3722248184,300.6367637516214,48.2,17:46:08
16100000,64400.000011285,-3629969.248839762,-3091145.4009919506,301.0881588466709,48.2,17:44:35
16112500,64450.00001129519,-3630264.5426911637,-3092097.263391097,300.7212763933671,48.2,17:43:02
16125000,64500.000011305376,-3628524.6403925214,-3089816.7293967768,301.0233747554124,48.2,17:41:29
16137500,64550.00001131556,-3629943.635836238,-3094567.5489635337,299.1615922919709,48.2,17:39:56
16150000,64600.00001132575,-3626452.2516408768,-3087051.1363823437,301.41072879703705,48.2,17:38:23
16162500,64650.000011335935,-3626923.4941086676,-3088680.816042268,300.76340829941586,48.2,17:36:51
16175000,64700.00001134612,-3626654.7202458754,-3087690.469245952,301.16661440637654,48.2,17:35:18
16187500,64750.00001135631,-3626686.7927253786,-3086837.8838705597,301.66095036756997,48.2,17:33:45
16200000,64800.000011366494,-3629920.737334445,-3092711.656292082,300.1858469568743,48.2,17:32:12
16212500,64850.00001137668,-3629347.3873466235,-3091972.648566716,300.278414469235,48.2,17:30:40
16225000,64900.00001138687,-3626316.0289939214,-3086636.92109079,301.5660676779521,48.2,17:29:07
16237500,64950.00001139705,-3629187.0458439477,-3088037.1746622548,302.38791216276877,48.2,17:27:34
16250000,65000.00001140724,-3629132.33225812,-3093978.3868867406,299.0374623450421,48.2,17:26:02
16262500,65050.000011417425,-3628826.0281758215,-3090212.9413644886,300.9703881639455,48.2,17:24:29
16275000,65100.00001142761,-3630830.132657159,-3092814.922539366,300.6363019990618,48.2,17:22:57
16287500,65150.0000114378,-3629348.712751372,-3091208.1605854295,300.7063415985598,48.2,17:21:24
16300000,65200.000011447984,-3624959.4338886626,-3087493.52265048,300.32936052091645,48.2,17:19:52
16312500,65250.00001145817,-3626277.780616978,-3087571.7670475915,301.02231449683086,48.2,17:18:19
16325000,65300.00001146836,-3629754.300342638,-3093336.8857520996,299.74347345140933,48.2,17:16:46
16337500,65350.00001147854,-3628097.7997210957,-3090060.018496032,300.6489144570263,48.2,17:15:14
16350000,65400.00001148873,-3627551.27793259,-3086879.612954549,302.1206964001745,48.2,17:13:41
16362500,65450.000011498916,-3628936.679975936,-3091389.348228524,300.3748573030542,48.2,17:12:08
16375000,65500.0000115091,-3630303.292251114,-3092231.1147717657,300.66813466213625,48.2,17:10:36
16387500,65550.00001151928,-3626967.711186191,-3086633.6598318177,301.9320420472582,48.2,17:09:03
16400000,65600.00001152947,-3628858.3204677217,-3088855.2433441435,301.74709770566335,48.2,17:07:31
16412500,65650.00001153965,-3627357.3318949975,-3088530.204185486,301.08999159316977,48.2,17:05:59
16425000,65700.00001154984,-3629516.294435056,-3090117.732747361,301.4093018929659,48.2,17:04:26
16437500,65750.00001156003,-3629864.122383887,-3091924.870433833,300.59385750636665,48.2,17:02:54
16450000,65800.00001157021,-3627128.596683301,-3089953.380903897,300.16692346320565,48.2,17:01:21
16462500,65850.0000115804,-3628327.406230705,-3087707.9142334065,302.09154277830703,48.2,16:59:49
16475000,65900.00001159059,-3629137.285384236,-3092715.6895764214,299.7458098643509,48.2,16:58:16
16487500,65950.00001160077,-3626687.363178771,-3088987.545552914,300.4600645420702,48.2,16:56:44
16500000,66000.00001161096,-3626034.639935486,-3089600.760468989,299.75267382219414,48.2,16:55:12
16512500,66050.00001162114,-3630869.7199855614,-3093318.840082721,300.3768399687984,48.2,16:53:39
16525000,66100.00001163133,-3628114.886154607,-3088935.662904131,301.2867382638869,48.2,16:52:07
16537500,66150.00001164152,-3627941.1197785344,-3089928.0398766873,300.6351116605129,48.2,16:50:34
16550000,66200.0000116517,-3626076.6384708546,-3088443.649311726,300.422721614347,48.2,16:49:02
16562500,66250.00001166189,-3626704.718216518,-3088254.5434345603,300.87935491964,48.2,16:47:30
16575000,66300.00001167208,-3627077.3809543494,-3090835.478629181,299.64539934974056,48.2,16:45:58
16587500,66350.00001168226,-3632591.690939285,-3093339.274085501,301.3276379518782,48.2,16:44:25
16600000,66400.00001169245,-3627744.7842875123,-3089003.3093325403,301.0421298842504,48.2,16:42:53
16612500,66450.00001170264,-3628249.535767706,-3090451.556056671,300.5149163115548,48.2,16:41:21
16625000,66500.00001171282,-3628863.866170941,-3090444.9052166995,300.86191301547217,48.2,16:39:48
16637500,66550.00001172301,-3626414.6599737443,-3085706.6924281865,302.1409818297424,48.3,16:38:16
16650000,66600.0000117332,-3628446.05909615,-3090130.3408613764,300.8042222498481,48.3,16:36:44
16662500,66650.00001174338,-3628877.9427177683,-3092156.0151095837,299.9136315915771,48.3,16:35:12
16675000,66700.00001175357,-3630040.9205641635,-3092026.2699432485,300.63598935906714,48.3,16:33:39
16687500,66750.00001176375,-3626174.9167032465,-3086996.898132058,301.2860651038734,48.3,16:32:07
16700000,66800.00001177394,-3633525.2336348016,-3096194.347575761,300.2539101065588,48.3,16:30:35
16712500,66850.00001178413,-3625369.5717260838,-3086006.1117005534,301.38968751458253,48.3,16:29:03
16725000,66900.00001179431,-3628697.685066825,-3090098.530960855,300.96260273903823,48.3,16:27:30
16737500,66950.0000118045,-3627086.503691837,-3089331.46800952,300.4909197149085,48.3,16:25:58
16750000,67000.00001181469,-3629306.270403372,-3091101.42523573,300.7422677395164,48.3,16:24:26
16762500,67050.00001182487,-3626945.831527464,-3088133.747076045,301.0815856050159,48.3,16:22:54
16775000,67100.00001183506,-3628955.3966530357,-3091096.324903181,300.54905379370564,48.3,16:21:22
16787500,67150.00001184524,-3629590.330009645,-3090388.541259302,301.2993475885029,48.3,16:19:50
16800000,67200.00001185543,-3628511.0215095542,-3090161.3654136574,300.82318631048025,48.3,16:18:18
16812500,67250.00001186562,-3626008.7206737027,-3088415.3844081056,300.40056406368524,48.3,16:16:46
16825000,67300.0000118758,-3629455.9571248926,-3089717.740763057,301.5990967598581,48.3,16:15:14
16837500,67350.00001188599,-3626812.4689536337,-3087927.7562096515,301.12216940429505,48.3,16:13:42
16850000,67400.00001189618,-3629815.2046573553,-3091352.2282453263,300.8865083135438,48.3,16:12:10
16862500,67450.00001190636,-3629440.6352191325,-3090895.69289185,300.93230986187996,48.3,16:10:40
16875000,67500.00001191655,-3628618.257379694,-3088150.9563205754,302.0065003482945,48.3,16:09:08
16887500,67550.00001192674,-3631978.402226189,-3091731.8705643537,301.88313711627876,48.3,16:07:36
16900000,67600.00001193692,-3627202.8726685103,-3090650.291645917,299.8190027961623,48.3,16:06:04
16912500,67650.00001194711,-3629148.1751963627,-3090214.6607824257,301.14943917903514,48.3,16:04:32
16925000,67700.0000119573,-3629466.5497231055,-3090970.25229379,300.90512768940437,48.3,16:03:01
16937500,67750.00001196748,-3629269.022046771,-3088416.752114472,302.22161623394453,48.3,16:01:29
16950000,67800.00001197767,-3629869.8113597557,-3092309.7622773256,300.381963593916,48.3,15:59:58
16962500,67850.00001198785,-3628797.9356298763,-3090771.0128270728,300.6428469038187,48.3,15:58:26
16975000,67900.00001199804,-3630396.9811854754,-3091532.850521432,301.11066839041325,48.3,15:56:54
16987500,67950.00001200823,-3629468.9424757846,-3091556.8564115264,300.5786775425057,48.3,15:55:23
17000000,68000.00001201841,-3628954.5675937384,-3090580.7831000984,300.8366689632647,48.3,15:53:51
17012500,68050.0000120286,-3627176.728673611,-3089535.292564272,300.4274416665436,48.3,15:52:20
17025000,68100.00001203878,-3628926.7683783006,-3090800.143059847,300.6985594469612,48.3,15:50:48
17037500,68150.00001204897,-3630076.278871758,-3092934.345518757,300.14832565145747,48.3,15:49:17
17050000,68200.00001205916,-3627226.564592188,-3087672.309846779,301.4963012644298,48.3,15:47:45
17062500,68250.00001206934,-3628499.9205506463,-3089198.781917215,301.35486308489436,48.3,15:46:14
17075000,68300.00001207953,-3627661.3125852253,-3090722.651941331,300.0347393542416,48.3,15:44:42
17087500,68350.00001208972,-3628425.540449269,-3088916.3234963985,301.4711346982351,48.3,15:43:11
17100000,68400.0000120999,-3627638.677030571,-3088499.6277850075,301.2642895225757,48.3,15:41:39
17112500,68450.00001211009,-3632449.651919488,-3093978.3372715055,300.89116761754696,48.3,15:40:08
17125000,68500.00001212028,-3630114.429984212,-3093961.2991177267,299.59579494718895,48.3,15:38:36
17137500,68550.00001213046,-3629333.4748685323,-3093078.854772235,299.65250588429586,48.3,15:37:05
17150000,68600.00001214065,-3628259.683810631,-3087407.4699205123,302.2215849182613,48.3,15:35:34
17162500,68650.00001215083,-3626992.172544105,-3087664.1878903327,301.36986431186136,48.3,15:34:02
17175000,68700.00001216102,-3627807.426665973,-3088825.434758803,301.1765278077981,48.3,15:32:31
17187500,68750.00001217121,-3631349.3535617646,-3091361.294002191,301.7387060750505,48.3,15:30:59
17200000,68800.0000121814,-3627264.5079378877,-3086698.181163116,302.06183470389806,48.3,15:29:28
17212500,68850.00001219158,-3627875.4638365787,-3089374.2570028594,300.9078710043837,48.3,15:27:57
17225000,68900.00001220177,-3628467.162506761,-3089926.360097639,300.92999652637786,48.3,15:26:25
17237500,68950.00001221195,-3626033.4802878667,-3087426.797113642,300.96680989005375,48.3,15:24:54
17250000,69000.00001222214,-3626902.6606923416,-3088962.6179038826,300.59429941716985,48.3,15:23:23
17262500,69050.00001223233,-3628972.9987192824,-3091403.0263848016,300.387508585478,48.3,15:21:52
17275000,69100.00001224251,-3629578.5691345986,-3090351.90811284,301.3132459087737,48.3,15:20:20
17287500,69150.0000122527,-3626562.515202116,-3086710.9461451415,301.66243685591394,48.3,15:18:49
17300000,69200.00001226288,-3627582.430278182,-3089850.7207634477,300.4778853385005,48.4,15:17:18
17312500,69250.00001227307,-3630950.0170469824,-3091695.8372269664,301.3286230757905,48.4,15:15:47
17325000,69300.00001228326,-3627382.8704881743,-3089071.3169001173,300.80189509633175,48.4,15:14:16
17337500,69350.00001229344,-3630749.909694016,-3093611.2684034966,300.14648608731164,48.4,15:12:44
17350000,69400.00001230363,-3630812.3755628616,-3094665.7097193957,299.59218237160314,48.4,15:11:13
17362500,69450.00001231382,-3630481.0022792965,-3090954.089397339,301.48102296641235,48.4,15:09:42
17375000,69500.000012324,-3628175.313370576,-3088466.466204374,301.5826856134783,48.4,15:08:11
17387500,69550.00001233419,-3625435.9916370977,-3086984.7441150136,300.87995435366815,48.4,15:06:39
17400000,69600.00001234438,-3630520.8817457072,-3090197.086734109,301.92631092868396,48.4,15:05:08
17412500,69650.00001235456,-3629467.5592888407,-3091421.7064845073,300.6534247565444,48.4,15:03:37
17425000,69700.00001236475,-3625184.1618698016,-3086951.1943724873,300.75798215248693,48.4,15:02:06
17437500,69750.00001237493,-3627022.35921341,-3087842.8577516587,301.286893724936,48.4,15:00:34
17450000,69800.00001238512,-3629835.6127700005,-3090533.663314473,301.3553161623391,48.4,14:59:03
17462500,69850.0000123953,-3631263.069935553,-3090412.626905349,302.22059538345627,48.4,14:57:32
17475000,69900.0000124055,-3626579.924434172,-3088547.0255188392,300.64618628221797,48.4,14:56:01
17487500,69950.00001241568,-3631685.0670702383,-3093954.77387629,300.477093915813,48.4,14:54:30
17500000,70000.00001242587,-3627790.5377399474,-3091375.8817035225,299.7419320051973,48.4,14:52:59
17512500,70050.00001243605,-3631135.56917762,-3092160.885473307,301.17244407365837,48.4,14:51:28
17525000,70100.00001244624,-3628855.25869086,-3090836.6217613383,300.63821685943446,48.4,14:49:57
17537500,70150.00001245642,-3628129.473152647,-3089658.5693592858,300.8909380370228,48.4,14:48:26
17550000,70200.00001246661,-3626542.472593492,-3089665.1969965566,300.0004381427353,48.4,14:46:55
17562500,70250.0000124768,-3628004.485433392,-3088871.1476887395,301.2610980059041,48.4,14:45:24
17575000,70300.00001248698,-3629084.908016894,-3089987.125012684,301.241230452935,48.4,14:43:53
17587500,70350.00001249717,-3628164.063042395,-3089688.8551878426,300.89334309363784,48.4,14:42:21
17600000,70400.00001250736,-3629167.14384244,-3090830.603158723,300.815857578982,48.4,14:40:50
17612500,70450.00001251754,-3626947.597742958,-3088740.1455596974,300.7437245078757,48.4,14:39:18
17625000,70500.00001252773,-3629241.9115848728,-3091527.952449291,300.46796664429405,48.4,14:37:46
17637500,70550.00001253792,-3626440.494444374,-3086843.661714237,301.52009332018247,48.4,14:36:14
17650000,70600.0000125481,-3627636.5427240822,-3088594.517426215,301.21007373035985,48.4,14:34:42
17662500,70650.00001255829,-3629127.517843062,-3090839.0420488,300.78899950815077,48.4,14:33:11
17675000,70700.00001256847,-3627624.7783109266,-3090458.3049832378,300.16203828839144,48.4,14:31:39
17687500,70750.00001257866,-3630542.5219087023,-3092179.054112823,300.8309041190643,48.4,14:30:07
17700000,70800.00001258885,-3628238.146720724,-3091714.60356374,299.80277679293704,48.4,14:28:35
17712500,70850.00001259903,-3628097.1174707543,-3090792.046705098,300.23948483717595,48.4,14:27:03
17725000,70900.00001260922,-3627447.9397857524,-3090153.090461505,300.233773221057,48.4,14:25:31
17737500,70950.0000126194,-3627539.2768855896,-3088343.1619868707,301.296177109791,48.4,14:23:59
17750000,71000.00001262959,-3625623.7027164996,-3088861.6293336917,299.9360645581489,48.4,14:22:27
17762500,71050.00001263978,-3631516.286330184,-3093048.6758089913,300.88909779691863,48.4,14:20:55
17775000,71100.00001264997,-3625170.0873117484,-3088614.0073831803,299.8209579419156,48.4,14:19:23
17787500,71150.00001266015,-3629311.220547337,-3090896.9045380303,300.8593174772013,48.4,14:17:52
17800000,71200.00001267034,-3630188.9423390627,-3091448.4990143264,301.04155342192496,48.4,14:16:20
17812500,71250.00001268052,-3627434.2857929785,-3089900.872565925,300.36707980455384,48.4,14:14:48
17825000,71300.00001269071,-3629505.469748929,-3088703.891569946,302.1932903037995,48.4,14:13:16
17837500,71350.0000127009,-3625424.6352965683,-3086102.8691407647,301.3663894914509,48.4,14:11:44
17850000,71400.00001271108,-3629029.699755011,-3090600.4460090357,300.86766450127766,48.4,14:10:12
17862500,71450.00001272127,-3630097.7829813585,-3091845.0870165452,300.76900617820513,48.4,14:08:40
17875000,71500.00001273146,-3627083.068955874,-3090882.181739176,299.6224806100753,48.4,14:07:09
17887500,71550.00001274164,-3628490.461665595,-3091731.6079897787,299.93426542536366,48.4,14:05:37
17900000,71600.00001275183,-3624980.496048147,-3088593.351445948,299.7265589531112,48.4,14:04:05
17912500,71650.00001276202,-3627988.1900203563,-3089057.3096127193,301.14796732861396,48.5,14:02:34
17925000,71700.0000127722,-3625820.687193595,-3086668.610610797,301.27156903887453,48.5,14:01:02
17937500,71750.00001278239,-3626483.96132678,-3087423.9037348377,301.2201499551678,48.5,13:59:30
17950000,71800.00001279257,-3629743.550354302,-3090161.0833807946,301.51206591153823,48.5,13:57:58
17962500,71850.00001280276,-3626713.3189743496,-3085457.848598819,302.44691969737437,48.5,13:56:27
17975000,71900.00001281295,-3628789.1915380172,-3090221.1881842855,300.9451960806738,48.5,13:54:55
17987500,71950.00001282313,-3629571.5005187932,-3090055.3988950998,301.47498176786786,48.5,13:53:23
18000000,72000.00001283332,-3627538.649111282,-3089871.392247759,300.44186998735483,48.5,13:51:52
18012500,72050.0000128435,-3631201.7824044265,-3093164.7324110344,300.64850585373506,48.5,13:50:20
18025000,72100.00001285369,-3627458.1799717396,-3087747.2944359565,301.5838246294047,48.5,13:48:48
18037500,72150.00001286388,-3630084.0118735023,-3090881.7501845127,301.2996118608194,48.5,13:47:16
18050000,72200.00001287406,-3630118.1026269756,-3091921.7718147533,300.73751002211526,48.5,13:45:45
18062500,72250.00001288425,-3625876.547582438,-3086660.500670686,301.3073148742577,48.5,13:44:13
18075000,72300.00001289444,-3627844.1387268696,-3089978.935754721,300.5524798455391,48.5,13:42:42
18087500,72350.00001290462,-3627951.6287357807,-3088694.9107101504,301.3300413939629,48.5,13:41:10
18100000,72400.00001291481,-3629485.4317264166,-3092406.8574896897,300.1129213542251,48.5,13:39:38
18112500,72450.000012925,-3628011.2254967056,-3089717.0118177636,300.79220576774884,48.5,13:38:07
18125000,72500.00001293518,-3628807.6366653424,-3090637.599041803,300.72281771069964,48.5,13:36:35
18137500,72550.00001294537,-3631606.0964864194,-3093653.9781490453,300.6010470858269,48.5,13:35:04
18150000,72600.00001295556,-3629275.945789825,-3092238.7706539533,300.089788044324,48.5,13:33:32
18162500,72650.00001296574,-3626111.505863525,-3088562.225772861,300.37594601337184,48.5,13:32:01
18175000,72700.00001297593,-3631699.584045658,-3091495.676511258,301.8593192765463,48.5,13:30:29
18187500,72750.00001298611,-3631647.213013895,-3093149.535743559,300.90589872764656,48.5,13:28:58
18200000,72800.0000129963,-3631260.68341475,-3092428.0866774856,301.09304761881384,48.5,13:27:26
18212500,72850.00001300649,-3629065.2754957564,-3091864.04941927,300.1814576982639,48.5,13:25:55
18225000,72900.00001301667,-3630690.5067329146,-3092358.38642398,300.81338752775866,48.5,13:24:23
18237500,72950.00001302686,-3628680.0531420447,-3091646.8664876916,300.0875593297601,48.5,13:22:52
18250000,73000.00001303705,-3632716.9218821824,-3094465.3454395393,300.7683806029446,48.5,13:21:20
18262500,73050.00001304723,-3628664.425838819,-3089696.1718086833,301.16885125057206,48.5,13:19:49
18275000,73100.00001305742,-3630231.0004273504,-3092560.9502334124,300.44343086613725,48.5,13:18:18
18287500,73150.0000130676,-3628078.687328998,-3090594.563491538,300.3395374980604,48.5,13:16:46
18300000,73200.00001307779,-3630855.789007336,-3091973.0242198477,301.121080910093,48.5,13:15:15
18312500,73250.00001308798,-3629944.832128871,-3091359.866928984,300.954674152311,48.5,13:13:44
18325000,73300.00001309816,-3626141.3604437187,-3086922.4104387565,301.3089370871442,48.5,13:12:12
18337500,73350.00001310835,-3626136.9989749454,-3086738.4812583835,301.4092773224361,48.5,13:10:41
18350000,73400.00001311854,-3629904.456841456,-3091310.440146252,300.95973201689964,48.5,13:09:10
18362500,73450.00001312872,-3625286.236422872,-3085783.945515156,301.4672645091339,48.5,13:07:39
18375000,73500.00001313891,-3629407.017764479,-3089232.8993924027,301.84267345792955,48.5,13:06:08
18387500,73550.0000131491,-3626817.73253488,-3090082.383067555,299.92113156187935,48.5,13:04:38
18400000,73600.00001315928,-3631697.678554034,-3093312.220865601,300.8431918013721,48.5,13:03:07
18412500,73650.00001316947,-3631379.0185599625,-3093219.0739671136,300.71717784891547,48.5,13:01:36
18425000,73700.00001317966,-3629127.4043207876,-3091344.44627703,300.5065223880834,48.5,13:00:05
18437500,73750.00001318984,-3626998.3145898543,-3090519.058775906,299.77802956872216,48.6,12:58:34
18450000,73800.00001320003,-3628550.3628577497,-3089475.875941161,301.2282128848407,48.6,12:57:03
18462500,73850.00001321021,-3629274.134706095,-3089884.0317779174,301.4045752418731,48.6,12:55:32
18475000,73900.0000132204,-3628542.327018941,-3090320.9861805094,300.75148531807525,48.6,12:54:01
18487500,73950.00001323059,-3624919.5967160184,-3086628.865410947,300.79025985993275,48.6,12:52:29
18500000,74000.00001324077,-3631109.6134294346,-3092137.4434505654,301.1710394347051,48.6,12:50:58
18512500,74050.00001325096,-3628534.050376799,-3089835.9252437297,301.0179065353486,48.6,12:49:27
18525000,74100.00001326115,-3629097.5506167263,-3090824.945966783,300.78013090732526,48.6,12:47:56
18537500,74150.00001327133,-3629183.669663856,-3086573.662801736,303.2038180760687,48.6,12:46:25
18550000,74200.00001328152,-3628133.0392424986,-3089136.326811343,301.1847534560906,48.6,12:44:54
18562500,74250.0000132917,-3628152.3837366793,-3088162.2468771012,301.73986684482,48.6,12:43:23
18575000,74300.00001330189,-3624528.0678199306,-3087981.05815322,299.81588959081387,48.6,12:41:52
18587500,74350.00001331208,-3628677.501248002,-3091427.7481062226,300.20857402728603,48.6,12:40:21
18600000,74400.00001332226,-3626642.2673665937,-3087283.8212549295,301.38688580099733,48.6,12:38:50
18612500,74450.00001333245,-3629278.3594034594,-3091590.823556814,300.4532016344523,48.6,12:37:19
18625000,74500.00001334264,-3626678.647990806,-3087762.6609313237,301.13964510829504,48.6,12:35:48
18637500,74550.00001335282,-3626268.959280541,-3087745.6009234358,300.9202490040187,48.6,12:34:18
18650000,74600.00001336301,-3632426.56881243,-3093076.931487728,301.38196355886083,48.6,12:32:47
18662500,74650.0000133732,-3630541.594818432,-3091372.808633101,301.2809061598685,48.6,12:31:16
18675000,74700.00001338338,-3632185.8633698523,-3095311.4098596014,299.9988611953021,48.6,12:29:45
18687500,74750.00001339357,-3629085.0887155607,-3090444.4563277927,300.9857802942794,48.6,12:28:14
18700000,74800.00001340375,-3629714.4238811787,-3092195.966190257,300.3587228343556,48.6,12:26:43
18712500,74850.00001341394,-3624029.492579747,-3086511.8292190135,300.35827897238715,48.6,12:25:12
18725000,74900.00001342413,-3628636.282131104,-3089839.3994391602,301.07309104823236,48.6,12:23:42
18737500,74950.00001343431,-3630080.7188608386,-3091024.913863552,301.21777365742184,48.6,12:22:11
18750000,75000.0000134445,-3627893.8423866592,-3088708.162711123,301.2903460350385,48.6,12:20:40
18762500,75050.00001345469,-3632741.513609262,-3094874.002531383,300.5537695867181,48.6,12:19:09
18775000,75100.00001346487,-3630083.792855501,-3091330.139890739,301.04893480678805,48.6,12:17:39
18787500,75150.00001347506,-3630139.216908451,-3091825.4977686023,300.803105180118,48.6,12:16:08
18800000,75200.00001348525,-3628605.7957183085,-3091455.7414634833,300.1528635118142,48.6,12:14:37
18812500,75250.00001349543,-3626289.0897299126,-3087226.629629438,301.2214924474751,48.6,12:13:06
18825000,75300.00001350562,-3628143.760620566,-3090572.2521716217,300.38836694740337,48.6,12:11:35
18837500,75350.0000135158,-3630862.7556805816,-3092845.9087960348,300.6372166042527,48.6,12:10:05
18850000,75400.00001352599,-3631941.028979318,-3093540.194484415,300.8517841722696,48.6,12:08:34
18862500,75450.00001353618,-3627658.7844986133,-3089482.962506366,300.7260499450029,48.6,12:07:03
18875000,75500.00001354636,-3629999.4811336733,-3091407.9010007395,300.9583704957816,48.6,12:05:33
18887500,75550.00001355655,-3630001.3513386007,-3090556.2227779087,301.4353228905701,48.6,12:04:02
18900000,75600.00001356674,-3626917.4260777645,-3088391.595165913,300.92163063729106,48.6,12:02:31
18912500,75650.00001357692,-3629035.5260076616,-3090419.972539629,300.97176650146173,48.6,12:01:01
18925000,75700.00001358711,-3627247.00180359,-3089244.4182278765,300.6292464421809,48.6,11:59:30
18937500,75750.0000135973,-3628289.5037315637,-3090158.0502028544,300.7012573916462,48.6,11:57:59
18950000,75800.00001360748,-3630960.4668212514,-3092593.1426038896,300.8330590400996,48.6,11:56:28
18962500,75850.00001361767,-3628542.8892762754,-3090727.775019169,300.5244908857867,48.6,11:54:58
18975000,75900.00001362785,-3625653.886237107,-3086220.6884422963,301.4286561248968,48.6,11:53:27
18987500,75950.00001363804,-3629619.4332825,-3089349.378847635,301.8962813533996,48.6,11:51:56
19000000,76000.00001364823,-3623539.066846365,-3086018.8726936206,300.3596931479288,48.6,11:50:26
19012500,76050.00001365841,-3628650.6958000213,-3091713.684549682,300.0338176933487,48.6,11:48:55
19025000,76100.0000136686,-3630298.0442042965,-3093417.8690473526,300.00205838131234,48.7,11:47:24
19037500,76150.00001367879,-3627634.6969662365,-3089962.1708546644,300.4448143785503,48.7,11:45:54
19050000,76200.00001368897,-3628391.3242390323,-3089047.3946763617,301.37877413142917,48.7,11:44:23
19062500,76250.00001369916,-3629642.6153295003,-3090028.8746616207,301.5295412684597,48.7,11:42:53
19075000,76300.00001370934,-3628669.9758998454,-3088672.3353704237,301.744059803515,48.7,11:41:22
19087500,76350.00001371953,-3632400.735789396,-3093079.227570734,301.36624535933885,48.7,11:39:52
19100000,76400.00001372972,-3629740.4098117948,-3092612.6586365607,300.1404008244306,48.7,11:38:21
19112500,76450.0000137399,-3629314.249076264,-3090100.1982735563,301.3061994730008,48.7,11:36:50
19125000,76500.00001375009,-3630259.8511227947,-3091977.7084714454,300.7854606255513,48.7,11:35:20
19137500,76550.00001376028,-3629018.860773282,-3089680.9469030434,301.37541263626565,48.7,11:33:49
19150000,76600.00001377046,-3627117.405926887,-3089301.26630002,300.5250638498355,48.7,11:32:19
19162500,76650.00001378065,-3628837.4717087727,-3091123.7901056814,300.4678115625416,48.7,11:30:48
19175000,76700.00001379084,-3629443.833959274,-3090288.077816852,301.27362513167196,48.7,11:29:18
19187500,76750.00001380102,-3631980.9925350584,-3094576.2757801763,300.29516579404566,48.7,11:27:48
19200000,76800.00001381121,-3626004.3043626733,-3088522.2664873227,300.3383718880127,48.7,11:26:17
19212500,76850.0000138214,-3630769.2009854503,-3091552.2264043125,301.30783324453483,48.7,11:24:47
19225000,76900.00001383158,-3627028.183013281,-3087899.28228047,301.25861865809594,48.7,11:23:16
19237500,76950.00001384177,-3630312.469116049,-3092153.9271322675,300.71639408816816,48.7,11:21:46
19250000,77000.00001385195,-3629637.533910878,-3092131.719710761,300.3516578067348,48.7,11:20:15
19262500,77050.00001386214,-3630371.6725229044,-3091943.0149970297,300.8673313407963,48.7,11:18:45
19275000,77100.00001387233,-3630210.3590459675,-3092071.153335429,300.7055892157914,48.7,11:17:15
19287500,77150.00001388251,-3629678.4356814865,-3091419.8687073076,300.77228682624525,48.7,11:15:47
19300000,77200.0000138927,-3626211.9133147076,-3086509.540456628,301.5790678494907,48.7,11:14:19
19312500,77250.00001390289,-3630241.949013058,-3091812.727681884,300.86764638828413,48.7,11:12:50
19325000,77300.00001391307,-3628563.8879721686,-3090553.0869787587,300.63383823442325,48.7,11:11:20
19337500,77350.00001392326,-3627329.8635762986,-3089408.4880210543,300.58386839615633,48.7,11:09:50
19350000,77400.00001393344,-3627625.5309564304,-3089620.0715186154,300.6308534386578,48.7,11:08:19
19362500,77450.00001394363,-3628129.9723607805,-3088605.7324981,301.47952931601833,48.7,11:06:49
19375000,77500.00001395382,-3629032.16408938,-3090381.774621761,300.99123243085376,48.7,11:05:18
19387500,77550.000013964,-3627931.4773916584,-3088275.5376755823,301.5531215791257,48.7,11:03:48
19400000,77600.00001397419,-3630393.5644302387,-3090967.0743376003,301.4249079431762,48.7,11:02:17
19412500,77650.00001398438,-3628068.597521333,-3090318.849640252,300.4879649564193,48.7,11:00:47
19425000,77700.00001399456,-3629001.1910971142,-3089561.7201729217,301.432161472671,48.7,10:59:16
19437500,77750.00001400475,-3630123.5088047776,-3089055.6495800754,302.34208488687455,48.7,10:57:46
19450000,77800.00001401494,-3628285.1497450303,-3089936.1405248577,300.8228248442581,48.7,10:56:15
19462500,77850.00001402512,-3626796.3966595903,-3088507.5747310994,300.7891929237131,48.7,10:54:45
19475000,77900.00001403531,-3628044.929275302,-3089518.73123443,300.921835784486,48.7,10:53:15
19487500,77950.0000140455,-3629189.1023453753,-3090803.0590703655,300.84351901997053,48.7,10:51:45
19500000,78000.00001405568,-3627180.9186078273,-3090829.580426951,299.70655076395224,48.7,10:50:14
19512500,78050.00001406587,-3631831.849728955,-3092031.5029292777,301.63381448664944,48.7,10:48:44
19525000,78100.00001407605,-3629411.6989593226,-3091738.3069238453,300.44529824621003,48.7,10:47:14
19537500,78150.00001408624,-3629481.85629317,-3090383.0272082994,301.24181498998047,48.7,10:45:44
19550000,78200.00001409643,-3628292.313624928,-3088328.6480152025,301.7250750350063,48.7,10:44:13
19562500,78250.00001410661,-3625964.14218276,-3086191.955758994,301.61807881390683,48.7,10:42:43
19575000,78300.0000141168,-3628132.0732035153,-3092292.2926659547,299.42069862584606,48.7,10:41:13
19587500,78350.00001412698,-3630250.392775735,-3091357.895316746,301.12651940758076,48.7,10:39:43
19600000,78400.00001413717,-3629713.8312372193,-3090893.6450377502,301.0861127624782,48.7,10:38:13
19612500,78450.00001414736,-3629792.154457586,-3093783.7263391474,299.51493682599875,48.7,10:36:42
19625000,78500.00001415754,-3629928.8407444675,-3091732.336291535,300.73760705041474,48.7,10:35:12
19637500,78550.00001416773,-3627559.1155348998,-3086354.706230875,302.4183873967536,48.7,10:33:42
19650000,78600.00001417792,-3628793.9840000253,-3089124.6835540687,301.5605873911469,48.7,10:32:12
19662500,78650.0000141881,-3630466.177155435,-3092090.1016126163,300.8379491734518,48.7,10:30:42
19675000,78700.00001419829,-3629813.722260924,-3091788.023266055,300.6421630549519,48.7,10:29:12
19687500,78750.00001420848,-3630272.513868876,-3091482.2888620542,301.0693708154261,48.7,10:27:42
19700000,78800.00001421866,-3630697.0060209073,-3092652.3935834314,300.65273165475435,48.8,10:26:11
19712500,78850.00001422885,-3630448.0400521215,-3089181.5543546253,302.45307492421347,48.8,10:24:41
19725000,78900.00001423903,-3626978.7717051785,-3087744.922224781,301.3172627313126,48.8,10:23:11
19737500,78950.00001424922,-3628339.9014258236,-3090768.704342586,300.38819296006454,48.8,10:21:41
19750000,79000.0000142594,-3627025.246027874,-3087220.7292810734,301.6361446019678,48.8,10:20:11
19762500,79050.0000142696,-3628214.7339114733,-3090002.877429575,300.74618557594647,48.8,10:18:41
19775000,79100.00001427978,-3626745.679996565,-3088468.039448692,300.7829449053356,48.8,10:17:11
19787500,79150.00001428997,-3627896.48503674,-3087942.171832784,301.7198490253462,48.8,10:15:41
19800000,79200.00001430015,-3628599.8788678814,-3091546.8264570404,300.09866007088164,48.8,10:14:11
19812500,79250.00001431034,-3632534.486320013,-3093489.599324558,301.2116728118803,48.8,10:12:41
19825000,79300.00001432053,-3627139.891849689,-3086803.3709650408,301.9334219904933,48.8,10:11:11
19837500,79350.00001433071,-3626814.238741046,-3087430.2306576865,301.40116951732676,48.8,10:09:41
19850000,79400.0000143409,-3624362.2252762523,-3085685.1472278703,301.0061456825153,48.8,10:08:11
19862500,79450.00001435108,-3629502.4718564134,-3089545.545138211,301.72130942505896,48.8,10:06:40
19875000,79500.00001436127,-3628028.3400951102,-3088369.0317848814,301.5550039082308,48.8,10:05:10
19887500,79550.00001437146,-3629471.5952060875,-3091613.461326665,300.5485297232087,48.8,10:03:41
19900000,79600.00001438164,-3627701.9611866046,-3090494.315693712,300.1850447894336,48.8,10:02:11
19912500,79650.00001439183,-3628002.5883708,-3088155.248508142,301.6600736339903,48.8,10:00:41
19925000,79700.00001440202,-3627618.7009606883,-3088571.75276877,301.21282458318876,48.8,9:59:11
19937500,79750.0000144122,-3626775.6490115672,-3088903.120745301,300.5565731300658,48.8,9:57:41
19950000,79800.00001442239,-3628533.9077961147,-3089379.7966777496,301.27270591240097,48.8,9:56:11
19962500,79850.00001443257,-3631227.539374018,-3093367.121717808,300.54980586967287,48.8,9:54:41
19975000,79900.00001444276,-3624263.5022141673,-3083621.222338432,302.1042763653412,48.8,9:53:11
19987500,79950.00001445295,-3630134.183408303,-3091615.916792325,300.9174038015142,48.8,9:51:41
20000000,80000.00001446313,-3627844.812811265,-3090644.7000285573,300.1808356033518,48.8,9:50:11
20012500,80050.00001447332,-3627611.1372854486,-3087177.1762778354,301.98787033634596,48.8,9:48:41
20025000,80100.0000144835,-3627827.910833206,-3089026.1215360127,301.07583279907857,48.8,9:47:11
20037500,80150.0000144937,-3627946.7652877253,-3088506.04256892,301.43286096015044,48.8,9:45:41
20050000,80200.00001450388,-3627547.1107326597,-3088885.032556343,300.9977639379413,48.8,9:44:12
20062500,80250.00001451407,-3630802.85213395,-3090654.6334379744,301.8282010365197,48.8,9:42:42
20075000,80300.00001452425,-3628159.949183898,-3090121.688336267,300.64918246423554,48.8,9:41:12
20087500,80350.00001453444,-3627064.8967653904,-3088695.3416625718,300.83430563153667,48.8,9:39:42
20100000,80400.00001454462,-3630176.0747206192,-3091484.3515072986,301.0143292210968,48.8,9:38:12
20112500,80450.00001455481,-3625261.727200046,-3086565.4909305703,301.0168510615348,48.8,9:36:42
20125000,80500.000014565,-3631171.3713687398,-3093805.93756508,300.27321496261,48.8,9:35:12
20137500,80550.00001457518,-3631001.2979146168,-3093181.9543015677,300.52685419802486,48.8,9:33:42
20150000,80600.00001458537,-3626796.20517854,-3087099.895912167,301.5756795887998,48.8,9:32:13
20162500,80650.00001459556,-3627508.8627350386,-3089874.4959449386,300.4234914176405,48.8,9:30:43
20175000,80700.00001460574,-3627216.8128465153,-3088361.463271384,301.1057616256073,48.8,9:29:13
20187500,80750.00001461593,-3628351.33215921,-3089317.1305822358,301.2057019310633,48.8,9:27:43
20200000,80800.00001462612,-3628892.4687597863,-3090944.913602496,300.59849723675217,48.8,9:26:13
20212500,80850.0000146363,-3628501.7225092202,-3089075.357849408,301.424837852851,48.8,9:24:44
20225000,80900.00001464649,-3627149.02476692,-3087198.7378462274,301.71759918763104,48.8,9:23:14
20237500,80950.00001465667,-3627719.6587706804,-3089716.330694334,300.629662460005,48.8,9:21:44
20250000,81000.00001466686,-3628325.363020476,-3089225.3258225005,301.2424900687692,48.8,9:20:14
20262500,81050.00001467705,-3629277.0432436466,-3090150.7775471183,301.25714623213315,48.8,9:18:45
20275000,81100.00001468723,-3631631.9608877823,-3094306.4967060424,300.25088042800905,48.8,9:17:15
20287500,81150.00001469742,-3631612.8849303946,-3091558.485390417,301.77577604260597,48.8,9:15:45
20300000,81200.0000147076,-3628151.550727118,-3089324.239995679,301.09009386357826,48.8,9:14:15
20312500,81250.00001471779,-3628182.1365552265,-3088988.0221785586,301.29505924260036,48.8,9:12:46
20325000,81300.00001472798,-3633016.329143621,-3092917.327310007,301.80069925735387,48.8,9:11:16
20337500,81350.00001473817,-3629950.989482457,-3091322.590364502,300.97894449311855,48.8,9:09:46
20350000,81400.00001474835,-3627477.282233134,-3088321.5815841556,301.27359412261615,48.9,9:08:17
20362500,81450.00001475854,-3626050.7419199236,-3088092.018275302,300.6047380505193,48.9,9:06:47
20375000,81500.00001476872,-3626263.3922931887,-3086485.3929583495,301.6213269973337,48.9,9:05:17
20387500,81550.00001477891,-3629002.6834887583,-3091187.59165089,300.5244783581913,48.9,9:03:47
20400000,81600.0000147891,-3626515.759174194,-3087399.0521916216,301.25180493998863,48.9,9:02:18
20412500,81650.00001479928,-3631453.30784888,-3090799.338226752,302.1108084522799,48.9,9:00:48
20425000,81700.00001480947,-3630397.926756434,-3091522.570538552,301.11694109224476,48.9,8:59:18
20437500,81750.00001481966,-3630916.812140163,-3092941.4188683783,300.61405283376655,48.9,8:57:49
20450000,81800.00001482984,-3626381.9850379378,-3087523.043617823,301.1077687045387,48.9,8:56:19
20462500,81850.00001484003,-3629238.5013471246,-3089759.6241715667,301.4541812027146,48.9,8:54:50
20475000,81900.00001485021,-3629721.3628235254,-3093232.2009617407,299.7835649467803,48.9,8:53:20
20487500,81950.0000148604,-3630125.4745538924,-3090821.5117354933,301.35644120482254,48.9,8:51:50
20500000,82000.00001487059,-3628733.512081364,-3091765.0293361843,300.05140357874626,48.9,8:50:21
20512500,82050.00001488077,-3633458.5859452616,-3095129.0200012415,300.81196017996723,48.9,8:48:51
20525000,82100.00001489096,-3629450.1271034013,-3091113.85512181,300.81570743152906,48.9,8:47:21
20537500,82150.00001490115,-3629618.581420392,-3090070.6200372833,301.49278461074834,48.9,8:45:52
20550000,82200.00001491133,-3631822.9890441056,-3095851.009015785,299.4945700801858,48.9,8:44:22
20562500,82250.00001492152,-3631571.9076082297,-3092595.3479183596,301.17349235138346,48.9,8:42:53
20575000,82300.0000149317,-3630626.8928981554,-3090978.7214782676,301.5487807504745,48.9,8:41:23
20587500,82350.00001494189,-3628747.7748820316,-3089583.425200093,301.2784270961754,48.9,8:39:54
20600000,82400.00001495208,-3628608.4356119502,-3090033.8847572864,300.948854743906,48.9,8:38:24
20612500,82450.00001496226,-3630322.2227923293,-3090739.5662350147,301.51217184864487,48.9,8:36:55
20625000,82500.00001497245,-3627189.6107303854,-3089030.510403407,300.71670608349996,48.9,8:35:25
20637500,82550.00001498264,-3629154.7259654347,-3091137.83441916,300.63724156067866,48.9,8:33:56
20650000,82600.00001499282,-3628338.790593002,-3090474.3748208066,300.5520399678584,48.9,8:32:26
20662500,82650.00001500301,-3629240.4225369655,-3089951.6283458434,301.3479651619058,48.9,8:30:57
20675000,82700.0000150132,-3627506.833421938,-3087937.8033694066,301.50455752486715,48.9,8:29:27
20687500,82750.00001502338,-3631417.0631795973,-3094654.2869217815,299.93645731608416,48.9,8:27:58
20700000,82800.00001503357,-3631356.901733404,-3090687.826398234,302.1192493394937,48.9,8:26:28
20712500,82850.00001504376,-3625743.380101716,-3087077.924816712,300.99965102486425,48.9,8:24:59
20725000,82900.00001505394,-3628090.872533854,-3087528.7049065772,302.0595106232796,48.9,8:23:29
20737500,82950.00001506413,-3626066.1793321855,-3086910.6397135775,301.2735041408198,48.9,8:22:00
20750000,83000.00001507431,-3625106.179898653,-3086680.0104943705,300.86594100896144,48.9,8:20:30
20762500,83050.0000150845,-3632221.8197748847,-3093863.5193375815,300.82801666245706,48.9,8:19:01
20775000,83100.00001509469,-3629859.2845467664,-3090934.989820835,301.14428733043394,48.9,8:17:31
20787500,83150.00001510487,-3628146.3927400988,-3089599.8002994694,300.9332319249836,48.9,8:16:02
20800000,83200.00001511506,-3628456.492375076,-3092434.240784481,299.52266121272913,48.9,8:14:33
20812500,83250.00001512525,-3629883.8742640857,-3092035.502313315,300.5430748771836,48.9,8:13:03
20825000,83300.00001513543,-3627161.5867533684,-3087385.413112022,301.62030682219745,48.9,8:11:34
20837500,83350.00001514562,-3629075.702902969,-3091288.807226984,300.5087226886868,48.9,8:10:04
20850000,83400.0000151558,-3628409.99355625,-3087913.7780057853,302.02265741149466,48.9,8:08:35
20862500,83450.00001516599,-3628272.389923431,-3091972.6835130565,299.6776995637309,48.9,8:07:06
20875000,83500.00001517618,-3625602.33485993,-3087587.8022628953,300.6359234087701,48.9,8:05:36
20887500,83550.00001518636,-3627412.5632253196,-3088975.9367554635,300.87178428897414,48.9,8:04:07
20900000,83600.00001519655,-3629846.269832451,-3091288.068440172,300.9397188648107,48.9,8:02:38
20912500,83650.00001520674,-3626858.7287981585,-3087995.4174789656,301.1102105505578,48.9,8:01:08
20925000,83700.00001521692,-3628709.8800581954,-3090226.304411268,300.898018913407,48.9,7:59:39
20937500,83750.00001522711,-3631477.541197052,-3093494.1157930456,300.618541090758,48.9,7:58:10
20950000,83800.0000152373,-3627755.4950724132,-3089521.054591755,300.75880523751727,48.9,7:56:40
20962500,83850.00001524748,-3630039.314557625,-3091362.7556879055,301.0058555718453,48.9,7:55:11
20975000,83900.00001525767,-3628888.772186842,-3089587.231075706,301.35508798450024,48.9,7:53:42
20987500,83950.00001526785,-3625798.910817638,-3088155.2341835448,300.42869364430186,48.9,7:52:13
21000000,84000.00001527804,-3627501.442260634,-3089262.556720745,300.76128908210796,48.9,7:50:43
21012500,84050.00001528823,-3628145.384321384,-3088251.2016631523,301.68624881374683,48.9,7:49:14
21025000,84100.00001529841,-3627836.676505916,-3086861.7417209316,302.29015984944647,48.9,7:47:45
21037500,84150.0000153086,-3627138.4878040943,-3088934.2271101703,300.74194114276986,49,7:46:15
21050000,84200.00001531879,-3625703.3745514024,-3086914.150360924,301.0688115715261,49,7:44:46
21062500,84250.00001532897,-3630165.843345782,-3089706.866632951,302.00184880566627,49,7:43:17
21075000,84300.00001533916,-3630052.1708506737,-3091336.5499311825,301.02768296625885,49,7:41:48
21087500,84350.00001534935,-3627178.3014170714,-3087211.4496157253,301.72685543981316,49,7:40:19
21100000,84400.00001535953,-3632390.2212777305,-3093519.6120456746,301.114288534775,49,7:38:49
21112500,84450.00001536972,-3627474.716021588,-3089561.2472569346,300.57945017853143,49,7:37:20
21125000,84500.0000153799,-3627260.784257829,-3089859.5750922766,300.2932057961402,49,7:35:51
21137500,84550.00001539009,-3626190.953381816,-3087610.8053646996,300.9519823696493,49,7:34:22
21150000,84600.00001540028,-3629167.2788893357,-3090948.0868612686,300.7502845891934,49,7:32:52
21162500,84650.00001541046,-3626873.787089169,-3086130.708949131,302.1606011993943,49,7:31:23
21175000,84700.00001542065,-3627757.9478585944,-3090965.808471295,299.95286507277405,49,7:29:54
21187500,84750.00001543084,-3626900.9753764234,-3087153.6855303845,301.60416691156746,49,7:28:25
21200000,84800.00001544102,-3628908.9439982735,-3090474.2944818703,300.870679591627,49,7:26:56
21212500,84850.00001545121,-3628127.928618824,-3089719.357200264,300.8561074703351,49,7:25:27
21225000,84900.0000154614,-3628916.7452465985,-3089704.4179714657,301.3052363869268,49,7:23:57
21237500,84950.00001547158,-3628350.989538381,-3090233.835396566,300.69326706959606,49,7:22:28
21250000,85000.00001548177,-3626608.2447318677,-3089168.304026925,300.3148485054056,49,7:20:59
21262500,85050.00001549195,-3629620.1631818675,-3089049.402669795,302.06431222193316,49,7:19:30
21275000,85100.00001550214,-3629815.388457926,-3091649.2063331483,300.7206633052696,49,7:18:01
21287500,85150.00001551233,-3626956.1301462073,-3089657.954154032,300.2356321223019,49,7:16:32
21300000,85200.00001552251,-3627513.395633798,-3089670.9618093227,300.5397567250263,49,7:15:03
21312500,85250.0000155327,-3629314.115190817,-3089712.2695388836,301.5228944794116,49,7:13:34
21325000,85300.00001554289,-3629655.28975025,-3091873.89045556,300.5056513782184,49,7:12:05
21337500,85350.00001555307,-3624393.334668968,-3087283.3821703666,300.13045514218453,49,7:10:36
21350000,85400.00001556326,-3630943.8831024803,-3091171.036841172,301.61844752303443,49,7:09:06
21362500,85450.00001557345,-3631627.3442585412,-3095014.293399728,299.85279259913034,49,7:07:37
21375000,85500.00001558363,-3630513.2762766983,-3094392.1412746236,299.5779160505058,49,7:06:08
21387500,85550.00001559382,-3627989.971229324,-3088470.8973135045,301.4766426482602,49,7:04:39
21400000,85600.000015604,-3626075.927089516,-3087527.2636929145,300.93438914978594,49,7:03:10
21412500,85650.00001561419,-3630866.552375082,-3091660.4962725295,301.30173213258917,49,7:01:41
21425000,85700.00001562438,-3627736.198608717,-3089116.301585881,300.97419362662276,49,7:00:12
21437500,85750.00001563456,-3628921.6993478704,-3089371.342769523,301.4941230164767,49,6:58:43
21450000,85800.00001564475,-3630109.500557784,-3093813.0906788204,299.67585750240204,49,6:57:14
21462500,85850.00001565494,-3630072.6767783836,-3090010.1885038763,301.7802959282728,49,6:55:45
21475000,85900.00001566512,-3627683.27688645,-3088301.5949566416,301.3998696912471,49,6:54:16
21487500,85950.00001567531,-3628935.820831226,-3091115.1929124817,300.52757185229893,49,6:52:47
21500000,86000.0000156855,-3631457.6235145535,-3092128.189159751,301.3706743870202,49,6:51:18
21512500,86050.00001569568,-3631198.127018621,-3092418.9886964234,301.0631757120088,49,6:49:49
21525000,86100.00001570587,-3627488.0659000743,-3090280.1626131358,300.1851888415851,49,6:48:20
21537500,86150.00001571605,-3631071.526962949,-3093028.9655103064,300.65158558957984,49,6:46:51
21550000,86200.00001572624,-3630233.115817597,-3091627.3091905117,300.9663200862611,49,6:45:22
21562500,86250.00001573643,-3632547.82075133,-3095594.0090022744,300.0432056060151,49,6:43:53
21575000,86300.00001574661,-3628159.0878023785,-3091169.4112908384,300.0632463954995,49,6:42:24
21587500,86350.0000157568,-3628579.7587365303,-3089701.045257222,301.1188170887614,49,6:40:55
21600000,86400.00001576699,-3624875.033883501,-3086672.875505597,300.7407663943575,49,6:39:26
21612500,86450.00001577717,-3627749.4125425313,-3089654.373328898,300.6809095189126,49,6:37:57
21625000,86500.00001578736,-3633221.026412213,-3094532.193284404,301.01271427675255,49,6:36:28
21637500,86550.00001579754,-3629815.4608059563,-3093532.429282103,299.6683818416185,49,6:34:59
21650000,86600.00001580773,-3627785.9803244583,-3088486.7895779405,301.3537746295731,49,6:33:30
21662500,86650.00001581792,-3628995.478126984,-3087812.1964052375,302.40658156285383,49,6:32:01
21675000,86700.0000158281,-3625989.946753746,-3087085.558043231,301.13316409311693,49,6:30:33
21687500,86750.00001583829,-3628134.4853872415,-3088852.5471197977,301.34413415582503,49,6:29:04
21700000,86800.00001584848,-3629586.3760477286,-3091766.1155386055,300.52736654830784,49,6:27:35
21712500,86850.00001585866,-3634298.146991655,-3094127.897818376,301.8405113970881,49,6:26:06
21725000,86900.00001586885,-3629263.1944508124,-3088602.514600502,302.11455804550394,49,6:24:37
21737500,86950.00001587904,-3631803.3852847666,-3093043.0619092947,301.0526621504969,49,6:23:08
21750000,87000.00001588922,-3630333.1973926574,-3091892.73413554,300.87392823864684,49,6:21:39
21762500,87050.00001589941,-3629886.443140626,-3089377.456063062,302.0297939842268,49.1,6:20:10
21775000,87100.0000159096,-3628523.647005884,-3090330.3553099795,300.7358118011839,49.1,6:18:41
21787500,87150.00001591978,-3630834.869587157,-3094715.285206804,299.57704958210223,49.1,6:17:13
21800000,87200.00001592997,-3630834.739756299,-3090699.5475826776,301.82092197556597,49.1,6:15:44
21812500,87250.00001594015,-3631057.609162977,-3093841.16430351,300.189961767573,49.1,6:14:15
21825000,87300.00001595034,-3630929.4722640086,-3091969.7927491935,301.16405991655586,49.1,6:12:46
21837500,87350.00001596053,-3631417.1201884523,-3091570.8638745723,301.6594681602201,49.1,6:11:17
21850000,87400.00001597071,-3629493.4774614237,-3091485.198227699,300.6324291060344,49.1,6:09:48
21862500,87450.0000159809,-3629450.2097486667,-3089416.8382461774,301.764025833114,49.1,6:08:20
21875000,87500.00001599109,-3628345.323156707,-3089896.575040783,300.87855771615517,49.1,6:06:51
21887500,87550.00001600127,-3627371.1978729162,-3089704.1013169,300.44178040948555,49.1,6:05:22
21900000,87600.00001601146,-3626119.126903927,-3088371.960766349,300.4865223098085,49.1,6:03:53
21912500,87650.00001602164,-3626248.3301265184,-3088293.827640291,300.6023793189706,49.1,6:02:24
21925000,87700.00001603183,-3627464.106071206,-3088612.6153922286,301.10360532175594,49.1,6:00:56
21937500,87750.00001604202,-3627713.344917251,-3088957.403659518,301.0502134768401,49.1,5:59:27
21950000,87800.0000160522,-3630276.1782369893,-3092412.1258701966,300.5518369013757,49.1,5:57:58
21962500,87850.00001606239,-3626993.5186398923,-3089531.4881014805,300.3271920334715,49.1,5:56:29
21975000,87900.00001607258,-3628804.067756487,-3090746.612339713,300.65990815409907,49.1,5:55:01
21987500,87950.00001608276,-3630456.293611031,-3093891.633345166,299.8257525291807,49.1,5:53:32
22000000,88000.00001609295,-3625802.313368546,-3086675.7337061637,301.2573216724024,49.1,5:52:03
22012500,88050.00001610313,-3625938.039159797,-3085082.995893731,302.2231659388456,49.1,5:50:34
22025000,88100.00001611332,-3628501.4022102766,-3089881.9170350903,300.9739634912066,49.1,5:49:06
22037500,88150.00001612351,-3629939.2793696485,-3091480.375019315,300.88423289540214,49.1,5:47:37
22050000,88200.0000161337,-3629798.584726695,-3089492.9026658367,301.91618963392057,49.1,5:46:08
22062500,88250.00001614388,-3628528.8963156994,-3090902.683829409,300.4189348926639,49.1,5:44:40
22075000,88300.00001615407,-3628800.1594150607,-3092372.124798438,299.7494077917568,49.1,5:43:11
22087500,88350.00001616425,-3629365.497255318,-3091222.671905878,300.7076118256235,49.1,5:41:42
22100000,88400.00001617444,-3628413.0752256606,-3088696.7438800023,301.5868676811835,49.1,5:40:14
22112500,88450.00001618463,-3627880.881715862,-3088332.1152749415,301.49323446718176,49.1,5:38:45
22125000,88500.00001619481,-3630319.8489262927,-3089514.2193867923,302.19555415437685,49.1,5:37:16
22137500,88550.000016205,-3629871.359189352,-3093057.908267262,299.96477369708236,49.1,5:35:48
22150000,88600.00001621518,-3629756.9014598504,-3092030.115614662,300.4751340523346,49.1,5:34:19
22162500,88650.00001622537,-3626127.5881036688,-3088131.0329201883,300.62587785052426,49.1,5:32:50
22175000,88700.00001623556,-3627686.0857638028,-3088662.8863323983,301.1995540670329,49.1,5:31:22
22187500,88750.00001624574,-3628546.765246516,-3091809.5532710142,299.92217230860933,49.1,5:29:53
22200000,88800.00001625593,-3626682.1778332368,-3088606.2914965483,300.67020712613805,49.1,5:28:24
22212500,88850.00001626612,-3626695.634690026,-3089153.18358735,300.3721300586246,49.1,5:26:56
22225000,88900.0000162763,-3627362.00034659,-3086855.412146218,302.02845352106795,49.1,5:25:27
22237500,88950.00001628649,-3629751.8673662376,-3093043.67479787,299.9059566197534,49.1,5:23:58
22250000,89000.00001629668,-3626095.028708756,-3089108.420768331,300.0615317155891,49.1,5:22:30
22262500,89050.00001630686,-3622818.5887299795,-3084890.886036862,300.5874039232133,49.1,5:21:01
22275000,89100.00001631705,-3626592.8094253205,-3087925.3976939814,301.000744263085,49.1,5:19:33
22287500,89150.00001632723,-3625574.4747006875,-3087302.1023491737,300.7800011018114,49.1,5:18:04
22300000,89200.00001633742,-3627831.5503451824,-3089506.470822602,300.8094532226814,49.1,5:16:35
22312500,89250.0000163476,-3628451.3446875904,-3089907.848501904,300.93150177568936,49.1,5:15:07
22325000,89300.0000163578,-3630320.5104575194,-3092179.756822663,300.7064541769187,49.1,5:13:38
22337500,89350.00001636798,-3629803.089753611,-3091471.8848489914,300.8128760110525,49.1,5:12:10
22350000,89400.00001637817,-3632015.0549210273,-3095064.5541404313,300.0413554774408,49.1,5:10:41
22362500,89450.00001638835,-3628668.772532847,-3088945.567666409,301.5907085203085,49.1,5:09:13
22375000,89500.00001639854,-3629853.273061814,-3091453.524823942,300.85117718516074,49.1,5:07:44
22387500,89550.00001640873,-3631701.6088463794,-3094103.7221104335,300.40310681071605,49.1,5:06:16
22400000,89600.00001641891,-3631252.4857822135,-3092109.0296297628,301.26675204810465,49.1,5:04:47
22412500,89650.0000164291,-3626144.0368936006,-3087846.4710388524,300.7940789224834,49.1,5:03:19
22425000,89700.00001643928,-3629582.536640331,-3091241.4609785425,300.81839166911817,49.1,5:01:50
22437500,89750.00001644947,-3627162.201288568,-3086882.0337907886,301.90193240894445,49.1,5:00:22
22450000,89800.00001645966,-3628539.8677238505,-3089532.0851156246,301.1909393352895,49.1,4:58:53
22462500,89850.00001646984,-3628393.4682906102,-3088599.322973464,301.6303491742566,49.1,4:57:25
22475000,89900.00001648003,-3626299.982987888,-3087376.875230762,301.1436240668206,49.1,4:55:56
22487500,89950.00001649022,-3630753.760388447,-3091218.443772336,301.4857188700067,49.1,4:54:28
22500000,90000.0000165004,-3630489.462412251,-3092541.484402555,300.59873352149145,49.1,4:52:59
22512500,90050.00001651059,-3630899.9400006644,-3092463.6921399795,300.871572726812,49.1,4:51:31
22525000,90100.00001652077,-3625538.9064501096,-3086951.4522952675,300.9560649498188,49.2,4:50:02
22537500,90150.00001653096,-3627179.1152107865,-3089615.490831046,300.3839614262108,49.2,4:48:34
22550000,90200.00001654115,-3626609.771326266,-3089258.56161551,300.26526671391866,49.2,4:47:05
22562500,90250.00001655133,-3627929.228117954,-3089907.658519424,300.6398555989144,49.2,4:45:37
22575000,90300.00001656152,-3630051.0801712107,-3091393.6383812083,300.99517318212264,49.2,4:44:08
22587500,90350.0000165717,-3630636.23639437,-3090298.9638999263,301.9338419808303,49.2,4:42:40
22600000,90400.0000165819,-3628502.772172574,-3088615.6806248166,301.6822863881685,49.2,4:41:11
22612500,90450.00001659208,-3625489.681098638,-3085582.142501127,301.6937119488388,49.2,4:39:43
22625000,90500.00001660227,-3628231.540940594,-3091182.564279585,300.0963825918543,49.2,4:38:15
22637500,90550.00001661245,-3630945.0329133086,-3090124.8440291155,302.20368973765693,49.2,4:36:46
22650000,90600.00001662264,-3628025.8790648486,-3090522.422689067,300.3503402834092,49.2,4:35:18
22662500,90650.00001663282,-3629670.4592891876,-3089819.2278854884,301.66224817940395,49.2,4:33:49
22675000,90700.00001664301,-3628788.6714566983,-3091541.7471167594,300.20699332750587,49.2,4:32:21
22687500,90750.0000166532,-3632503.7535745427,-3091884.9883168237,302.0911366851416,49.2,4:30:53
22700000,90800.00001666338,-3631147.275588775,-3094351.091967698,299.9551249410164,49.2,4:29:24
22712500,90850.00001667357,-3628956.3950522337,-3090033.352567368,301.1435875934821,49.2,4:27:56
22725000,90900.00001668376,-3630400.394819362,-3092265.7753417827,300.7030264850525,49.2,4:26:27
22737500,90950.00001669394,-3630952.6260625143,-3092744.6785874153,300.7440012708813,49.2,4:24:59
22750000,91000.00001670413,-3630975.2129614297,-3090800.3649091134,301.84308119430005,49.2,4:23:31
22762500,91050.00001671432,-3629637.542886257,-3089432.566510898,301.85991653176785,49.2,4:22:02
22775000,91100.0000167245,-3629039.6359278522,-3091956.0901814546,300.115699372866,49.2,4:20:34
22787500,91150.00001673469,-3631538.659811033,-3092602.081439316,301.1511512810708,49.2,4:19:06
22800000,91200.00001674487,-3630755.6452824287,-3090683.5901478725,301.78564177235444,49.2,4:17:37
22812500,91250.00001675506,-3629164.7746032793,-3092237.8277627756,300.02819382454743,49.2,4:16:09
22825000,91300.00001676525,-3629407.3709354065,-3091388.272891082,300.63847452473175,49.2,4:14:41
22837500,91350.00001677543,-3628157.9481264073,-3088604.6051225914,301.4957917944075,49.2,4:13:12
22850000,91400.00001678562,-3626566.412691178,-3087115.941554102,301.43830825674,49.2,4:11:44
22862500,91450.0000167958,-3624091.4472650625,-3084739.437014575,301.3832895206916,49.2,4:10:16
22875000,91500.00001680599,-3623650.38915482,-3085676.4173169583,300.6132585539205,49.2,4:08:48
22887500,91550.00001681618,-3630734.7268817946,-3090462.4351820922,301.89753150955613,49.2,4:07:19
22900000,91600.00001682637,-3628275.7780897226,-3090543.7276631286,300.4780758358673,49.2,4:05:51
22912500,91650.00001683655,-3629199.456606813,-3091362.884379275,300.5364813365352,49.2,4:04:23
22925000,91700.00001684674,-3630239.986327192,-3092153.0081727915,300.6764050978619,49.2,4:02:55
22937500,91750.00001685692,-3629283.1032886487,-3092455.3084405353,299.9727889070518,49.2,4:01:26
22950000,91800.00001686711,-3629227.846106883,-3090887.45122662,300.81801125674997,49.2,3:59:58
22962500,91850.0000168773,-3626768.147756733,-3087154.339156303,301.5295792283357,49.2,3:58:30
22975000,91900.00001688748,-3631183.5177648105,-3091899.2566479994,301.3454321355676,49.2,3:57:02
22987500,91950.00001689767,-3626929.769402696,-3088180.9424317786,301.04623810060644,49.2,3:55:34
23000000,92000.00001690786,-3627998.724870853,-3087755.649155201,301.8812059759301,49.2,3:54:05
23012500,92050.00001691804,-3628939.4390358366,-3092003.624067521,300.03314922562316,49.2,3:52:37
23025000,92100.00001692823,-3627723.4485200327,-3087846.951671146,301.67636620035734,49.2,3:51:09
23037500,92150.00001693841,-3627173.531248903,-3088049.9985254644,301.25561908028374,49.2,3:49:41
23050000,92200.0000169486,-3626884.511148419,-3087216.013938225,301.5601385528527,49.2,3:48:13
23062500,92250.00001695879,-3628096.23181713,-3091714.6713265637,299.7234386200059,49.2,3:46:44
23075000,92300.00001696897,-3629945.4351478852,-3091135.049640785,301.0806362557636,49.2,3:45:16
23087500,92350.00001697916,-3627817.7074315306,-3088208.1193471793,301.527220855705,49.2,3:43:48
23100000,92400.00001698935,-3628510.329298891,-3091660.0025441977,299.98537946015097,49.2,3:42:20
23112500,92450.00001699953,-3625524.2306279577,-3085677.6011178843,301.6596766976767,49.2,3:40:52
23125000,92500.00001700972,-3629000.529639339,-3091255.704826874,300.48521400604585,49.2,3:39:24
23137500,92550.0000170199,-3626120.983147759,-3089061.512873258,300.1022462943958,49.2,3:37:55
23150000,92600.00001703009,-3628169.531432703,-3091272.8947674036,300.0112568703221,49.2,3:36:27
23162500,92650.00001704028,-3626629.143542696,-3085917.5202423595,302.14302462068395,49.2,3:34:59
23175000,92700.00001705046,-3630613.3951721657,-3091149.516144759,301.44580042144275,49.2,3:33:31
23187500,92750.00001706065,-3629224.6128249597,-3091048.305138093,300.72632134520023,49.2,3:32:03
23200000,92800.00001707084,-3634837.985226294,-3098224.7884931015,299.85287411194474,49.2,3:30:35
23212500,92850.00001708102,-3627898.413638644,-3090407.103649728,300.3435530313737,49.2,3:29:07
23225000,92900.00001709121,-3625324.7319523115,-3089382.6188217727,299.4778808239482,49.2,3:27:39
23237500,92950.0000171014,-3628760.518180942,-3092043.245098024,299.91103069993426,49.2,3:26:10
23250000,93000.00001711158,-3630159.048990572,-3092241.1902330066,300.5819032527381,49.2,3:24:42
23262500,93050.00001712177,-3626541.20340601,-3087545.3149934923,301.18429300458035,49.2,3:23:14
23275000,93100.00001713196,-3628617.3419330083,-3090957.834634013,300.4375396257255,49.2,3:21:46
23287500,93150.00001714214,-3626960.7791564763,-3088278.137947422,301.00925430848076,49.2,3:20:18
23300000,93200.00001715233,-3625971.1922711227,-3086107.6601830814,301.6691216509773,49.2,3:18:50
23312500,93250.00001716251,-3628631.457764227,-3090087.8471659273,300.93156570805473,49.2,3:17:22
23325000,93300.0000171727,-3625862.7510249186,-3086068.1612489093,301.63059753241924,49.2,3:15:54
23337500,93350.00001718289,-3628876.2541900314,-3089535.657943926,301.3769115150076,49.2,3:14:26
23350000,93400.00001719307,-3627774.3491476104,-3088971.64057138,301.07634648093205,49.3,3:12:58
23362500,93450.00001720326,-3629036.9072944913,-3090348.1081157844,301.01269530641054,49.3,3:11:30
23375000,93500.00001721345,-3626936.9727565963,-3088557.4975927295,300.83984884000535,49.3,3:10:02
23387500,93550.00001722363,-3629882.1801854614,-3089483.313049495,301.9682603112085,49.3,3:08:34
23400000,93600.00001723382,-3631825.374573238,-3093710.379737278,300.6920604759629,49.3,3:07:06
23412500,93650.000017244,-3628800.6182571296,-3090938.0729041416,300.5509948005413,49.3,3:05:38
23425000,93700.00001725419,-3626691.454206392,-3088817.9537898367,300.5571163557261,49.3,3:04:10
23437500,93750.00001726438,-3628197.2957974374,-3088181.020729554,301.7544725551014,49.3,3:02:42
23450000,93800.00001727456,-3628090.3231577743,-3089274.801957031,301.0835060183948,49.3,3:01:14
23462500,93850.00001728475,-3631994.515983496,-3093592.0457390454,300.8526982090583,49.3,2:59:46
23475000,93900.00001729494,-3629282.0789710563,-3090561.634726864,301.030378180956,49.3,2:58:18
23487500,93950.00001730512,-3632779.087324396,-3092471.5022274926,301.91725302712643,49.3,2:56:50
23500000,94000.00001731531,-3628693.430012565,-3090302.457965019,300.84627315762475,49.3,2:55:22
23512500,94050.0000173255,-3628728.6233946495,-3086255.9039565516,303.1271035470132,49.3,2:53:54
23525000,94100.00001733568,-3627763.9218674507,-3087495.284158878,301.8954897041198,49.3,2:52:26
23537500,94150.00001734587,-3626401.327299621,-3087951.2380535584,300.8793071232308,49.3,2:50:58
23550000,94200.00001735605,-3627071.5459938813,-3089474.7107043127,300.40251927537395,49.3,2:49:30
23562500,94250.00001736624,-3627153.3549881,-3087127.455835441,301.75985037565835,49.3,2:48:02
23575000,94300.00001737643,-3628145.5393826384,-3089062.9506469285,301.232740082017,49.3,2:46:34
23587500,94350.00001738661,-3631000.53218163,-3090023.9165229243,302.2910991010704,49.3,2:45:06
23600000,94400.0000173968,-3628732.310838904,-3088147.6398757724,302.0720852114079,49.3,2:43:38
23612500,94450.00001740699,-3630900.6198873613,-3091263.411327869,301.5426548385175,49.3,2:42:10
23625000,94500.00001741717,-3631592.840117583,-3091409.5241131596,301.84781298209924,49.3,2:40:42
23637500,94550.00001742736,-3628596.822321102,-3088486.0119904326,301.80729770070667,49.3,2:39:14
23650000,94600.00001743755,-3628281.9501298983,-3089424.651991187,301.1068504590413,49.3,2:37:47
23662500,94650.00001744773,-3629295.3323911857,-3093038.939041972,299.6534967562809,49.3,2:36:19
23675000,94700.00001745792,-3628364.125235103,-3089924.290590287,300.87357697780135,49.3,2:34:51
23687500,94750.0000174681,-3627377.108705472,-3088879.1730523016,300.90604310880593,49.3,2:33:23
23700000,94800.00001747829,-3629233.4925394226,-3091036.7194404383,300.73775716653427,49.3,2:31:55
23712500,94850.00001748848,-3625840.089258468,-3086733.7081218823,301.2460349838718,49.3,2:30:27
23725000,94900.00001749866,-3628812.6740983855,-3090939.0968951853,300.5571592631617,49.3,2:28:59
23737500,94950.00001750885,-3629056.258287767,-3089504.511551329,301.4948998197709,49.3,2:27:31
23750000,95000.00001751904,-3630483.512258649,-3090426.395723312,301.77729426629554,49.3,2:26:03
23762500,95050.00001752922,-3629376.4367182218,-3090923.2401858745,300.88104343670364,49.3,2:24:36
23775000,95100.00001753941,-3631882.123804575,-3093652.215873831,300.7562725042054,49.3,2:23:08
23787500,95150.0000175496,-3629645.183182854,-3091845.4374132324,300.5159031634364,49.3,2:21:40
23800000,95200.00001755978,-3627951.900704358,-3088845.2272503516,301.24619832726177,49.3,2:20:12
23812500,95250.00001756997,-3628204.192176705,-3090231.042213832,300.6127993002556,49.3,2:18:44
23825000,95300.00001758015,-3627562.811832402,-3088955.089083818,300.96739079145823,49.3,2:17:16
23837500,95350.00001759034,-3626743.1746126097,-3088299.77820896,300.8755672449617,49.3,2:15:48
23850000,95400.00001760053,-3626332.393780118,-3086640.279264278,301.57333561364004,49.3,2:14:21
23862500,95450.00001761071,-3626225.974422263,-3088458.7830536664,300.4977121633423,49.3,2:12:53
23875000,95500.0000176209,-3627101.4051847383,-3088208.4546197443,301.12677259766014,49.3,2:11:25
23887500,95550.00001763109,-3629451.7597608734,-3089016.931565027,301.9883549104966,49.3,2:09:57
23900000,95600.00001764127,-3629514.527666677,-3089619.15352564,301.68691459972786,49.3,2:08:29
23912500,95650.00001765146,-3630670.4265534338,-3091187.9664464025,301.4561833008861,49.3,2:07:02
23925000,95700.00001766164,-3629814.237547213,-3091177.5936713037,300.98355156276205,49.3,2:05:34
23937500,95750.00001767183,-3629738.4270551354,-3090362.732678858,301.3965239197563,49.3,2:04:06
23950000,95800.00001768202,-3631668.154292103,-3094770.4587947354,300.0118485326979,49.3,2:02:38
23962500,95850.0000176922,-3629500.9858928286,-3090407.8241371755,301.2386481559095,49.3,2:01:10
23975000,95900.00001770239,-3631024.351746943,-3091439.8058338696,301.5132275974745,49.3,1:59:43
23987500,95950.00001771258,-3625414.779383816,-3086381.4809754067,301.20519725154423,49.3,1:58:15
24000000,96000.00001772276,-3633599.1193149537,-3095294.551956413,300.79799127694673,49.3,1:56:47
24012500,96050.00001773295,-3627322.9519185815,-3088794.622405722,300.9230268248955,49.3,1:55:19
24025000,96100.00001774314,-3628287.4249981195,-3088449.7593941577,301.65466777686146,49.3,1:53:52
24037500,96150.00001775332,-3628798.655313868,-3091287.892718977,300.3544229090551,49.3,1:52:24
24050000,96200.00001776351,-3631000.0909767505,-3092408.801251288,300.9582082196478,49.3,1:50:56
24062500,96250.0000177737,-3623956.090281246,-3083888.8034635396,301.78297729537064,49.3,1:49:28
24075000,96300.00001778388,-3626604.7776248045,-3087741.909619878,301.10996283198193,49.3,1:48:01
24087500,96350.00001779407,-3627302.3146964516,-3088064.0196259227,301.3197468725638,49.3,1:46:33
24100000,96400.00001780425,-3629658.276742136,-3090207.809282569,301.4383062017932,49.3,1:45:05
24112500,96450.00001781444,-3629929.191602027,-3092695.1191958785,300.1998118245007,49.3,1:43:37
24125000,96500.00001782463,-3628153.9021417834,-3091125.8388040657,300.084696483249,49.3,1:42:10
24137500,96550.00001783481,-3626108.871558806,-3088089.801873089,300.6384586782896,49.3,1:40:42
24150000,96600.000017845,-3627743.498810021,-3089585.3023868245,300.71620099315095,49.3,1:39:14
24162500,96650.00001785519,-3629842.1068444625,-3091037.2575245304,301.07754270226155,49.3,1:37:47
24175000,96700.00001786537,-3631856.166176321,-3093128.798358569,301.0342469889608,49.3,1:36:19
24187500,96750.00001787556,-3629189.6954724398,-3091335.5537895868,300.5462989327199,49.3,1:34:51
24200000,96800.00001788574,-3630329.8984563462,-3093230.5188329974,300.12454714914344,49.3,1:33:23
24212500,96850.00001789593,-3630184.446623247,-3093641.7132989485,299.81350002311257,49.3,1:31:56
24225000,96900.00001790612,-3626704.4513413366,-3086791.607578328,301.6966764102644,49.3,1:30:28
24237500,96950.0000179163,-3627892.8350428864,-3089157.9188509593,301.03846492788796,49.3,1:29:00
24250000,97000.00001792649,-3630267.342834603,-3091775.699804609,300.9025268681381,49.3,1:27:33
24262500,97050.00001793668,-3628210.8601169176,-3090389.1591090974,300.52817148131555,49.3,1:26:05
24275000,97100.00001794686,-3631379.664306285,-3093538.2062085913,300.53921150086524,49.3,1:24:37
24287500,97150.00001795705,-3628893.9989206884,-3090747.4251807774,300.709706380254,49.3,1:23:10
24300000,97200.00001796724,-3628562.5346087683,-3089425.1027712952,301.2633857347684,49.3,1:21:42
24312500,97250.00001797742,-3628305.0120736063,-3089272.389231491,301.2048197533834,49.3,1:20:14
24325000,97300.00001798761,-3626188.0482192785,-3089126.68468297,300.10330422587776,49.3,1:18:47
24337500,97350.0000179978,-3627905.941600457,-3088125.367954302,301.62276549092934,49.3,1:17:19
24350000,97400.00001800798,-3630142.0994555093,-3090203.21541508,301.7112273979676,49.4,1:15:51
24362500,97450.00001801817,-3631366.851600552,-3092736.147730177,300.9802323605088,49.4,1:14:24
24375000,97500.00001802835,-3629107.7971886583,-3091953.6845841426,300.15513126785567,49.4,1:12:56
24387500,97550.00001803854,-3629662.310474133,-3092303.0411161673,300.2697703459478,49.4,1:11:29
24400000,97600.00001804873,-3632042.2740954533,-3092920.7572869016,301.25449261176533,49.4,1:10:01
24412500,97650.00001805891,-3631752.864144318,-3091627.548756896,301.8154029485517,49.4,1:08:33
24425000,97700.0000180691,-3629554.3388926815,-3092519.128164524,300.08869035738167,49.4,1:07:06
24437500,97750.00001807928,-3629230.093245309,-3091335.634353949,300.56882769444337,49.4,1:05:38
24450000,97800.00001808947,-3629502.7747169435,-3089327.0246286504,301.84358524094273,49.4,1:04:11
24462500,97850.00001809966,-3627761.1353427786,-3088840.2236863975,301.14239691265425,49.4,1:02:43
24475000,97900.00001810984,-3625837.1602106895,-3086222.0883702375,301.53028511136944,49.4,1:01:15
24487500,97950.00001812003,-3630944.389766462,-3093920.45290812,300.08239065717476,49.4,59:48
24500000,98000.00001813022,-3628087.883854987,-3089823.5997115043,300.7754815103455,49.4,58:20
24512500,98050.0000181404,-3628398.617453059,-3089385.1435014163,301.1941195882008,49.4,56:53
24525000,98100.00001815059,-3629550.138381699,-3089898.7878419124,301.55055720369,49.4,55:25
24537500,98150.00001816078,-3629762.8492463697,-3091802.922963329,300.60541007012046,49.4,53:57
24550000,98200.00001817096,-3627868.4916309323,-3089339.707757215,300.92328071617095,49.4,52:30
24562500,98250.00001818115,-3627302.5208624303,-3088757.0167750353,300.93262376654235,49.4,51:02
24575000,98300.00001819133,-3629819.1231808774,-3092901.496202238,300.0229860000227,49.4,49:35
23762500,95050.00001752922,-3629495.223378008,-3089325.9329948938,301.83997563690104,0,--
23775000,95100.00001753941,-3626922.9292565677,-3088488.487205961,300.8705636622839,56.4,2:05:12
23787500,95150.0000175496,-3630011.437256409,-3091305.595838632,301.0222183006222,56.2,2:04:19
23800000,95200.00001755978,-3631694.1392706074,-3092524.3885051077,301.2814451554387,56,2:03:20
23812500,95250.00001756997,-3626472.1387167573,-3087521.381640608,301.15907416724104,55.9,2:02:15
23825000,95300.00001758015,-3628713.44918344,-3089220.9497541008,301.46179315108463,55.9,2:01:04
23837500,95350.00001759034,-3628201.413811397,-3087653.0977714453,302.05177052613726,55.9,1:59:52
23850000,95400.00001760053,-3627015.104272723,-3089349.6776921265,300.440847247699,55.8,1:58:40
23862500,95450.00001761071,-3632143.511843594,-3091898.06240664,301.8825323822856,55.8,1:57:26
23875000,95500.0000176209,-3630762.219789045,-3091731.1593309487,301.2039467123522,55.8,1:56:11
23887500,95550.00001763109,-3627176.945965372,-3089723.5637809047,300.3223594393376,55.6,1:55:10
23900000,95600.00001764127,-3628608.634133933,-3092177.2136169383,299.7512997913651,55.5,1:54:09
23912500,95650.00001765146,-3626358.514551999,-3088433.6124768276,300.58583897224787,55.5,1:52:51
23925000,95700.00001766164,-3630337.5428441633,-3090411.540021329,301.7040295315316,55.5,1:51:34
23937500,95750.00001767183,-3629162.776420772,-3091117.6391177503,300.6530249431852,55.5,1:50:17
23950000,95800.00001768202,-3626406.6311052106,-3089618.742351232,299.9504898709977,55.5,1:49:01
23962500,95850.0000176922,-3627830.4385762997,-3086914.024978862,302.25745892746187,55.5,1:47:45
23975000,95900.00001770239,-3629415.6931260116,-3089704.590297538,301.5839460498955,55.4,1:46:29
23987500,95950.00001771258,-3630145.8571155407,-3091245.50179677,301.1309102832697,55.4,1:45:12
24000000,96000.00001772276,-3627984.686285915,-3089564.174062972,300.8627798453999,55.4,1:43:55
24012500,96050.00001773295,-3629837.6207708903,-3091838.926101985,300.6270733687441,55.4,1:42:38
24025000,96100.00001774314,-3628526.917804694,-3089372.050437468,301.27312849499083,55.4,1:41:22
24037500,96150.00001775332,-3629193.112782115,-3089647.736767987,301.49133993826547,55.4,1:40:06
24050000,96200.00001776351,-3631026.9118969794,-3091788.5528839226,301.31978260286445,55.4,1:38:50
24062500,96250.0000177737,-3627836.1153049525,-3090197.0730171916,300.42610402840006,55.3,1:37:33
24075000,96300.00001778388,-3629116.7242648397,-3090226.0112645486,301.1255222739424,55.3,1:36:17
24087500,96350.00001779407,-3627682.830583941,-3087686.0231862348,301.7435942597289,55.3,1:35:01
24100000,96400.00001780425,-3629269.987396324,-3091324.0691020023,300.5975825777973,55.3,1:33:45
24112500,96450.00001781444,-3629713.3003655747,-3090118.377474408,301.51902612558547,55.3,1:32:29
24125000,96500.00001782463,-3628888.630331669,-3090354.799579071,300.92610085020226,55.3,1:31:12
24137500,96550.00001783481,-3627628.576079471,-3089196.071083585,300.8694812598594,55.2,1:29:56
24150000,96600.000017845,-3628467.2100509778,-3090152.479502151,300.8036703430523,55.2,1:28:40
24162500,96650.00001785519,-3629085.631401457,-3090490.5435781167,300.96033055016755,55.2,1:27:23
24175000,96700.00001786537,-3631735.5273816604,-3093583.9251733627,300.7125162267268,55.2,1:26:06
24187500,96750.00001787556,-3627593.346879566,-3088187.799751865,301.4132052711823,55.2,1:24:49
24200000,96800.00001788574,-3627319.711660385,-3087435.645450471,301.6805958664798,55.2,1:23:32
24212500,96850.00001789593,-3630592.836834278,-3090207.613265208,301.960636453331,55.2,1:22:14
24225000,96900.00001790612,-3631103.057158241,-3092569.9955004873,300.92567108943405,55.2,1:20:56
24237500,96950.0000179163,-3628620.4525523353,-3089812.678019518,301.07917727535147,55.2,1:19:37
24250000,97000.00001792649,-3628207.0114272665,-3090027.142109441,300.7283115409054,55.2,1:18:19
24262500,97050.00001793668,-3628907.8912438955,-3089404.6991339494,301.4677680898889,55.2,1:17:01
24275000,97100.00001794686,-3626844.480873164,-3087834.5510804523,301.1921391556502,55.2,1:15:42
24287500,97150.00001795705,-3628386.7072782405,-3089022.820560788,301.38992594479663,55.2,1:14:24
24300000,97200.00001796724,-3630216.7932048272,-3091728.1343932636,300.9008593234732,55.2,1:13:06
24312500,97250.00001797742,-3629163.9867446367,-3090508.8230099836,300.99390023272787,55.2,1:11:47
24325000,97300.00001798761,-3627328.991953021,-3088128.7723944774,301.2984707433676,55.2,1:10:28
24337500,97350.0000179978,-3627702.812097097,-3089994.4389826832,300.46484524416377,55.2,1:09:09
24350000,97400.00001800798,-3628073.0183219686,-3089454.554120552,300.9733929835839,55.2,1:07:50
24362500,97450.00001801817,-3631634.621327257,-3094623.5585146258,300.07519679829977,55.2,1:06:32
24375000,97500.00001802835,-3631129.093547009,-3093404.5654722955,300.4738724378793,55.2,1:05:13
24387500,97550.00001803854,-3631264.4097483177,-3090481.4363433025,302.1828941842474,55.2,1:03:54
24400000,97600.00001804873,-3627307.857917402,-3089545.979408214,300.4947434026538,55.2,1:02:35
24412500,97650.00001805891,-3628393.2550398298,-3091477.455297935,300.0219649625361,55.2,1:01:16
24425000,97700.0000180691,-3628535.554056475,-3089593.087551455,301.1544414977571,55.2,59:58
24437500,97750.00001807928,-3628747.1413743235,-3089867.6276083076,301.1192642791599,55.2,58:39
24450000,97800.00001808947,-3630035.826169409,-3092399.550251238,300.4245582149956,55.2,57:20
24462500,97850.00001809966,-3627093.5276921336,-3089552.931671509,300.3710934615222,55.2,56:02
24475000,97900.00001810984,-3629404.6402869597,-3091970.3264864776,300.31170426019287,55.3,54:43
24487500,97950.00001812003,-3627567.411105318,-3086488.4576189583,302.3482842242451,55.3,53:25
24500000,98000.00001813022,-3629528.3235641383,-3091727.664373643,300.51641357181967,55.3,52:06
24512500,98050.0000181404,-3629990.1833823565,-3091242.5808006753,301.04555392691543,55.3,50:48
24525000,98100.00001815059,-3627079.111278927,-3088166.000303132,301.13803798799853,55.3,49:29
24537500,98150.00001816078,-3627178.891200416,-3087869.635028735,301.3593990657268,55.3,48:11
24550000,98200.00001817096,-3628758.861664297,-3091920.104054435,299.9789147638858,55.3,46:53
24562500,98250.00001818115,-3627818.2887123805,-3090423.470763279,300.2896344627597,55.3,45:35
24575000,98300.00001819133,-3629521.731239194,-3090158.555119815,301.3895288713069,55.3,44:16
24587500,98350.00001820152,-3627778.9596991,-3089264.270826196,300.9154046025566,55.3,42:58
24600000,98400.00001821171,-3629906.945486618,-3090265.852244086,301.5448255517643,55.3,41:39
24612500,98450.0000182219,-3628469.1114776395,-3088688.0298541784,301.62304934241905,55.3,40:21
24625000,98500.00001823208,-3626250.114097085,-3087333.82105316,301.1398160886494,55.3,39:03
24637500,98550.00001824227,-3634791.934969375,-3094703.5170746637,301.7947850820808,55.3,37:45
24650000,98600.00001825245,-3628615.2051284835,-3088189.144021665,301.9834559686542,55.3,36:27
24662500,98650.00001826264,-3633480.098440472,-3094436.5817929637,301.21090707825164,55.3,35:09
24675000,98700.00001827283,-3628713.079646915,-3091258.7341114446,300.3228977480653,55.3,33:50
24687500,98750.00001828301,-3629732.230607137,-3092137.728819043,300.4012153433644,55.3,32:32
24700000,98800.0000182932,-3626992.5788289886,-3086549.9537560586,301.9927117098017,55.3,31:14
24712500,98850.00001830338,-3628894.0273194127,-3089687.410602242,301.3020453971633,55.3,29:56
24725000,98900.00001831357,-3628939.2331944797,-3092117.161897569,299.9695906568247,55.3,28:38
24737500,98950.00001832376,-3627183.168778168,-3087939.1049895957,301.32297036146775,55.3,27:20
24750000,99000.00001833394,-3630982.2582493145,-3091210.5820662733,301.61779369764656,55.3,26:02
24762500,99050.00001834413,-3627818.1321768537,-3088102.0083751287,301.58675170817855,55.3,24:43
24775000,99100.00001835432,-3627998.709623104,-3087635.121151655,301.9485470260808,55.3,23:25
24787500,99150.0000183645,-3625835.5430029444,-3089044.546113278,299.9522266591067,55.3,22:07
24800000,99200.00001837469,-3629790.124015594,-3092275.246902561,300.3567220513383,55.3,20:49
24812500,99250.00001838488,-3628920.253565334,-3091005.308080285,300.58027535178013,55.3,19:31
24825000,99300.00001839506,-3628850.185478609,-3089216.9936732603,301.5404103255576,55.3,18:13
24837500,99350.00001840525,-3628103.668565385,-3090295.3240216738,300.52070805295534,55.3,16:55
24850000,99400.00001841543,-3626089.920605138,-3087280.455619447,301.08012187968814,55.3,15:37
24862500,99450.00001842562,-3631625.9744974114,-3094434.7055464676,300.1758937786098,55.3,14:19
24875000,99500.0000184358,-3627875.853521263,-3086578.9775243113,302.47005665088824,55.3,13:01
24887500,99550.000018446,-3629320.2641944587,-3089998.7757616807,301.36623430322953,55.3,11:43
24900000,99600.00001845618,-3626338.699351404,-3087470.550887547,301.11291348768054,55.3,10:25
24912500,99650.00001846637,-3630811.8558968827,-3094065.765850744,299.92713326561363,55.3,9:07
24925000,99700.00001847655,-3628420.83697195,-3089390.944426352,301.20329409716953,55.3,7:49
24937500,99750.00001848674,-3625920.312011933,-3088877.647407171,300.09285549222517,55.2,6:30
24950000,99800.00001849692,-3628014.246454481,-3090354.2835897254,300.43779419028607,55.2,5:12
24962500,99850.00001850711,-3628694.674497906,-3090544.64619085,300.71163675001304,55.2,3:54
24975000,99900.0000185173,-3628190.413304694,-3088514.482623849,301.56429228509916,55.2,2:36
24987500,99950.00001852748,-3629997.5347915553,-3089838.9032482035,301.83401960794583,55.2,1:18
25000000,100000.00001853767,-3627490.1556723826,-3089897.021334076,300.40045122919156,55.2,0:00
