#"Step","Time (ps)","Potential Energy (kJ/mole)","Total Energy (kJ/mole)","Temperature (K)","Speed (ns/day)","Time Remaining"
112500,450.00000000069247,-3627989.9714906085,-3087189.034441389,302.18591223976006,0,--
125000,500.0000000009312,-3627834.7669176273,-3087796.5815311186,301.75970586470015,51.1,1:22:46:18
137500,550.00000000117,-3632260.9366534837,-3092850.6171476375,301.4088702597409,50.8,1:23:00:33
150000,600.0000000014087,-3628747.691029405,-3090409.5227893014,300.80977919664997,49.9,1:23:46:02
162500,650.0000000016474,-3629813.2677355483,-3092480.6097330092,300.2479254578921,50,1:23:40:02
175000,700.0000000018862,-3628482.9456332177,-3088976.1599351703,301.46277313285657,50.1,1:23:35:18
187500,750.0000000021249,-3626735.1483471934,-3087154.450022765,301.5040736427094,50.1,1:23:29:52
200000,800.0000000023637,-3625597.710845435,-3086571.1622564825,301.1944287588712,50.3,1:23:22:23
212500,850.0000000026024,-3628246.2371049933,-3091515.314680637,299.9116908063538,50.3,1:23:19:49
225000,900.0000000028411,-3628779.194368545,-3090815.4042098457,300.6005861751492,50.3,1:23:16:06
237500,950.0000000030799,-3629909.8872325495,-3090394.177430145,301.46775969710114,50.4,1:23:11:51
250000,1000.0000000033186,-3629042.9762288015,-3090792.238977131,300.7609249673252,50.4,1:23:07:30
262500,1050.0000000028183,-3628086.4526014905,-3089079.2551155146,301.1836158510057,50.5,1:23:01:15
275000,1100.000000001636,-3626061.2453615367,-3085480.892501722,302.0626553629048,50.6,1:22:56:22
287500,1150.0000000004536,-3627775.701041281,-3088271.3493680544,301.46141306122877,50.6,1:22:51:48
300000,1199.9999999992713,-3626579.582831247,-3088138.1028909697,300.86750716682,50.5,1:22:54:40
312500,1249.999999998089,-3628559.2506312914,-3089992.315595118,300.93760830755673,50.4,1:23:01:16
325000,1299.9999999969066,-3633709.157108424,-3096721.2470277273,300.05528902160364,50.3,1:23:05:19
337500,1349.9999999957242,-3631308.52259266,-3090688.2209043675,302.08497775983415,50.3,1:23:05:35
350000,1399.999999994542,-3627304.527414359,-3088431.804219874,301.1084750114417,50.3,1:23:02:50
362500,1449.9999999933596,-3628031.344711527,-3088913.618702834,301.2453763994399,50.3,1:23:01:02
375000,1499.9999999921772,-3628173.046750635,-3090379.336318287,300.5055499173693,50.3,1:22:57:58
387500,1549.9999999909949,-3630236.72267103,-3093009.407386588,300.1890626061751,50.4,1:22:54:10
400000,1599.9999999898125,-3629045.336499268,-3088467.890239341,302.06103122825874,50.4,1:22:51:06
412500,1649.9999999886302,-3628913.692358682,-3092081.4035005653,299.9683318107565,50.4,1:22:48:11
425000,1699.9999999874478,-3626127.970441276,-3088359.2460057735,300.4915883730512,50.4,1:22:46:45
437500,1749.9999999862655,-3627585.266094979,-3092250.2153089913,299.13171297068004,50.4,1:22:47:19
450000,1799.9999999850832,-3628248.0654967837,-3091080.4382305015,300.1557104483261,50.4,1:22:48:22
462500,1849.9999999839008,-3630532.6861086376,-3093225.0831380705,300.2339253384877,50.3,1:22:48:15
475000,1899.9999999827185,-3628889.805248536,-3089532.7015300673,301.37913462107514,50.3,1:22:50:19
487500,1949.9999999815361,-3627708.425337767,-3088774.520619938,301.14266170228734,50.3,1:22:49:43
500000,1999.9999999803538,-3629614.3996208124,-3091175.7676689485,300.86591578278626,50.3,1:22:47:21
512500,2049.9999999791717,-3625247.208878847,-3084716.158436949,302.03510641630896,50.3,1:22:45:41
525000,2099.9999999779893,-3628796.0984268654,-3088941.5270640394,301.65710698321675,50.3,1:22:43:28
537500,2149.999999976807,-3630282.7801994607,-3095533.577687635,298.8043557435869,50.3,1:22:41:35
550000,2199.9999999756246,-3627320.8903661873,-3088194.5310197975,301.2502004906143,50.3,1:22:41:22
562500,2249.9999999744423,-3630091.3367699347,-3091011.0259369076,301.22446974374515,50.3,1:22:39:00
575000,2299.99999997326,-3630245.9445256907,-3091319.2309548147,301.1386434708954,50.3,1:22:36:42
587500,2349.9999999720776,-3629351.535266282,-3091702.2303229664,300.4248597753115,50.3,1:22:34:30
600000,2399.9999999708953,-3627828.146089727,-3089820.584487129,300.6250445530817,50.3,1:22:32:23
612500,2449.999999969713,-3626955.864274211,-3089044.5980428075,300.57123713043273,50.3,1:22:30:26
625000,2499.9999999685306,-3629374.389477512,-3090714.00022223,300.98982816613915,50.3,1:22:28:39
637500,2549.9999999673482,-3628990.847451778,-3088436.693901163,302.0480158502707,50.4,1:22:26:42
650000,2599.999999966166,-3626461.1171519663,-3088362.889579769,300.67570640822197,50.4,1:22:24:52
662500,2649.9999999649835,-3628113.928901121,-3090004.0387070505,300.6822231869262,50.4,1:22:23:00
675000,2699.999999963801,-3630330.998038782,-3091545.5612764447,301.05970155651994,50.4,1:22:21:06
687500,2749.999999962619,-3628798.9465215914,-3088961.1346999933,301.64774217463787,50.4,1:22:19:20
700000,2799.9999999614365,-3625055.4938761014,-3084450.914472867,302.07619254381984,50.4,1:22:17:40
712500,2849.999999960254,-3630809.593307253,-3092656.979011896,300.70609633624485,50.4,1:22:16:03
725000,2899.999999959072,-3628396.7709331457,-3090630.455236084,300.49024243081396,50.4,1:22:14:30
737500,2949.9999999578895,-3628529.6832721066,-3088647.9717633603,301.67227221166104,50.4,1:22:12:44
750000,2999.999999956707,-3624593.266949786,-3086632.02798442,300.599160632714,50.4,1:22:11:12
762500,3049.999999955525,-3628502.064713968,-3089178.2944015036,301.36050875523176,50.4,1:22:09:25
775000,3099.9999999543425,-3629976.3025380466,-3092069.2019140464,300.56890949416766,50.4,1:22:07:41
787500,3149.99999995316,-3629492.6141889226,-3089950.1171247386,301.48272774279536,50.4,1:22:05:54
800000,3199.9999999519778,-3622870.8109223563,-3084415.6489126654,300.87515236183333,50.4,1:22:03:58
812500,3249.9999999507954,-3626907.200005466,-3086431.1668209597,302.0043641616737,50.4,1:22:02:10
825000,3299.999999949613,-3629067.5552065186,-3088119.5524593303,302.26808883942033,50.4,1:22:00:35
837500,3349.9999999484307,-3630126.0439992566,-3092849.026318487,300.21683505061054,50.4,1:21:58:49
850000,3399.9999999472484,-3626644.656199809,-3087259.16563855,301.39499647226023,50.5,1:21:57:10
862500,3449.999999946066,-3628387.5507337954,-3090416.483291435,300.6046525375594,50.5,1:21:55:35
875000,3499.9999999448837,-3627063.390706163,-3087872.2097719926,301.2864211575811,50.5,1:21:54:00
887500,3549.9999999437014,-3628679.3505748212,-3088207.7672258676,302.0018777058935,50.5,1:21:52:29
900000,3599.999999942519,-3625588.7817593757,-3086252.089237298,301.36772935976956,50.5,1:21:50:54
912500,3649.9999999413367,-3629414.5579767395,-3091517.666831472,300.56320469516874,50.5,1:21:49:22
925000,3699.9999999401543,-3628663.2880195547,-3089602.7261805846,301.213434504388,50.5,1:21:48:01
937500,3749.999999938972,-3630376.694267299,-3092104.5698203025,300.7728755921983,50.5,1:21:46:31
950000,3799.9999999377897,-3626487.172047112,-3088073.5763343647,300.85192616435523,50.5,1:21:45:02
962500,3849.9999999366073,-3626899.0864045024,-3089318.3701001345,300.38653417524347,50.5,1:21:43:33
975000,3899.999999935425,-3627675.574264629,-3089261.06240552,300.8524380838157,50.5,1:21:41:56
987500,3949.9999999342426,-3627470.98869659,-3089564.513282812,300.56856014247757,50.5,1:21:40:30
1000000,3999.9999999330603,-3629066.893412141,-3091363.4166795714,300.4551296036936,50.5,1:21:39:08
1012500,4049.999999931878,-3628360.5426643863,-3088317.7945199385,301.7622554186594,50.5,1:21:37:41
1025000,4099.999999930696,-3628781.0586212166,-3091281.3746893522,300.3412553309805,50.5,1:21:36:10
1037500,4149.999999929513,-3629119.503794253,-3090962.312927205,300.70865360897994,50.5,1:21:34:37
1050000,4199.999999928331,-3629348.834184425,-3091954.933047744,300.28214657529634,50.5,1:21:33:06
1062500,4249.999999927149,-3628850.264105253,-3090822.532543033,300.63631501737024,50.5,1:21:31:46
1075000,4299.999999925966,-3627028.17190204,-3088982.3328246176,300.64643303977925,50.5,1:21:30:17
1087500,4349.999999924784,-3627012.831166396,-3089926.7389238398,300.1101507352481,50.5,1:21:28:48
1100000,4399.9999999236015,-3628862.3810390104,-3090367.2139424705,300.89750619452025,50.5,1:21:27:21
1112500,4449.999999922419,-3630884.5561885536,-3093198.3868879243,300.445458647615,50.5,1:21:26:03
1125000,4499.999999921237,-3627139.559195053,-3088141.2898633983,301.1786270237437,50.5,1:21:24:46
1137500,4549.9999999200545,-3628070.9533906113,-3088552.988933823,301.4690195410568,50.5,1:21:23:28
1150000,4599.999999918872,-3626666.3540213555,-3086347.0316043636,301.91679814062064,50.5,1:21:22:12
1162500,4649.99999991769,-3627345.2982398085,-3089490.5659780926,300.5396473752524,50.5,1:21:20:52
1175000,4699.9999999165075,-3630971.2098417785,-3091624.6552989543,301.37324000801675,50.5,1:21:19:39
1187500,4749.999999915325,-3627559.9508458097,-3089057.5549434675,300.90154546872674,50.5,1:21:18:14
1200000,4799.999999914143,-3629335.743245445,-3089506.5412965557,301.6429311951066,50.5,1:21:16:51
1212500,4849.99999991296,-3631151.73937675,-3091021.4981962303,301.8111443186384,50.5,1:21:15:30
1225000,4899.999999911778,-3626753.9909320883,-3088078.788953928,300.99810514176755,50.5,1:21:14:14
1237500,4949.999999910596,-3630630.4031463657,-3093219.6958286203,300.2915374450384,50.5,1:21:12:56
1250000,4999.999999909413,-3627449.852676876,-3089661.4013352883,300.5026112702073,50.4,1:21:11:43
1262500,5049.999999908231,-3628101.357979616,-3088455.0887416564,301.5407130139908,50.4,1:21:10:30
1275000,5099.999999907049,-3628116.7325481344,-3090505.6598636894,300.40349655414747,50.4,1:21:09:11
1287500,5149.999999905866,-3627688.8245904557,-3089266.405060558,300.85685669064003,50.4,1:21:07:57
1300000,5199.999999904684,-3629499.399936244,-3089404.8597576544,301.7911954999568,50.4,1:21:06:42
1312500,5249.999999903502,-3630018.924833361,-3090165.5009249924,301.6564658146308,50.4,1:21:05:25
1325000,5299.999999902319,-3631316.830287546,-3093607.5041667433,300.45839809418254,50.4,1:21:04:16
1337500,5349.999999901137,-3630554.618309872,-3091822.5357278194,301.0298885873914,50.4,1:21:02:56
1350000,5399.999999899955,-3628545.2685330566,-3091116.531599788,300.301611939073,50.4,1:21:01:30
1362500,5449.999999898772,-3625555.771513218,-3085323.7148091346,301.86803626308705,50.4,1:21:00:08
1375000,5499.99999989759,-3632375.1070695817,-3092355.433937757,301.749361684086,50.4,1:20:58:46
1387500,5549.999999896408,-3630313.4919516873,-3092180.332562778,300.6952254256202,50.4,1:20:57:25
1400000,5599.999999895225,-3630102.1658266485,-3092451.987448861,300.42534782844626,50.4,1:20:56:08
1412500,5649.999999894043,-3626244.1460974775,-3088143.8872701116,300.6768414223353,50.4,1:20:54:46
1425000,5699.999999892861,-3627658.889421124,-3088551.504912844,301.23959783005836,50.4,1:20:53:26
1437500,5749.999999891678,-3630101.5828446504,-3090531.1720852274,301.4983252110724,50.4,1:20:52:04
1450000,5799.999999890496,-3630319.9319091085,-3092331.6599455555,300.6142659897098,50.4,1:20:50:43
1462500,5849.999999889314,-3629961.1928109713,-3092793.8296317696,300.15556288313167,50.4,1:20:49:26
1475000,5899.999999888131,-3624622.774424121,-3086928.48482073,300.4499960678182,50.4,1:20:48:08
1487500,5949.999999886949,-3628000.9811242074,-3090713.0623790715,300.22292629020376,50.4,1:20:46:42
1500000,5999.999999885767,-3625693.919455368,-3085609.5685708495,301.7855019796373,50.4,1:20:45:15
1512500,6049.999999884584,-3625697.7505141925,-3088046.175434667,300.4261282701206,50.4,1:20:43:50
1525000,6099.999999883402,-3629302.8023073543,-3089973.7052162606,301.3634852246664,50.4,1:20:42:25
1537500,6149.9999998822195,-3626422.9983613715,-3087681.0127532845,301.03542214835795,50.4,1:20:41:02
1550000,6199.999999881037,-3630971.100696327,-3092900.261631921,300.6604024014337,50.4,1:20:39:38
1562500,6249.999999879855,-3627310.4799172413,-3089582.6737183006,300.4687242953553,50.4,1:20:38:16
1575000,6299.9999998786725,-3629078.938948456,-3092786.6147375233,299.6666131961833,50.4,1:20:36:50
1587500,6349.99999987749,-3630385.753686836,-3093259.219863358,300.13274846980454,50.4,1:20:35:24
1600000,6399.999999876308,-3627477.1048404817,-3088635.3428067225,301.0911746963775,50.4,1:20:33:56
1612500,6449.9999998751255,-3627070.3752967753,-3089321.362901626,300.48057378249075,50.4,1:20:32:25
1625000,6499.999999873943,-3629514.412855275,-3089199.7939473856,301.9141699384645,50.4,1:20:30:53
1637500,6549.999999872761,-3630149.2633577622,-3092434.4643953075,300.46145617994733,50.4,1:20:29:22
1650000,6599.999999871578,-3628173.1596965473,-3090870.9327097517,300.23092137446184,50.4,1:20:27:49
1662500,6649.999999870396,-3630870.209596766,-3090138.1988052004,302.1473979868817,50.4,1:20:26:17
1675000,6699.999999869214,-3627737.533271732,-3089838.8130332427,300.5642267462891,50.4,1:20:24:42
1687500,6749.999999868031,-3626050.857295485,-3088694.396298849,300.2612259701371,50.4,1:20:23:12
1700000,6799.999999866849,-3630050.2154980265,-3089905.471060985,301.8192483722789,50.4,1:20:21:40
1712500,6849.999999865667,-3628172.4259584285,-3089165.9050163818,301.18323781533604,50.4,1:20:20:05
1725000,6899.999999864484,-3629703.4692630917,-3090803.4286358454,301.12373930329744,50.4,1:20:18:26
1737500,6949.999999863302,-3628506.7054089624,-3090325.902390342,300.72184748323946,50.4,1:20:16:49
1750000,6999.99999986212,-3628509.1585520636,-3089810.069349913,301.0114527195506,50.4,1:20:15:15
1762500,7049.999999860937,-3629931.20092793,-3090045.116877849,301.67471547738313,50.4,1:20:13:47
1775000,7099.999999859755,-3629182.6458440237,-3089878.539292962,301.3495211417304,50.4,1:20:12:10
1787500,7149.999999858573,-3627619.8455775827,-3091163.7769493973,299.75810944316027,50.4,1:20:10:40
1800000,7199.99999985739,-3631707.538025005,-3091725.3216292867,301.72843180546613,50.4,1:20:09:07
1812500,7249.999999856208,-3629175.167243818,-3089998.1495368187,301.2785071037589,50.4,1:20:07:33
1825000,7299.999999855026,-3631346.0755657814,-3093154.396808629,300.72792457139604,50.4,1:20:06:05
1837500,7349.999999853843,-3627565.306460444,-3089731.3377630706,300.5280452196302,50.4,1:20:04:34
1850000,7399.999999852661,-3628665.446023442,-3087465.9482896854,302.4086178894523,50.4,1:20:03:05
1862500,7449.999999851479,-3629514.7091888543,-3092501.2133814143,300.0695856798496,50.5,1:20:01:34
1875000,7499.999999850296,-3627756.190405693,-3088149.5861465614,301.5185492250807,50.5,1:20:00:00
1887500,7549.999999849114,-3629335.607145665,-3091194.6307530394,300.69959336997323,50.5,1:19:58:26
1900000,7599.999999847932,-3629614.737943871,-3091613.063125158,300.6217551668461,50.5,1:19:56:50
1912500,7649.999999846749,-3627658.3081116527,-3086636.6472164355,302.3092471531938,50.5,1:19:55:23
1925000,7699.999999845567,-3629234.4457521234,-3090557.6140709883,300.9990157786513,50.5,1:19:53:51
1937500,7749.999999844385,-3627544.5120581724,-3088050.766130053,301.4554868385825,50.5,1:19:52:18
1950000,7799.999999843202,-3632072.4773309063,-3093890.712170575,300.72238510374035,50.5,1:19:50:43
1962500,7849.99999984202,-3628658.7171993814,-3088703.412401229,301.71339428407316,50.5,1:19:49:10
1975000,7899.9999998408375,-3629719.6757464297,-3093230.619604921,299.7765420329047,50.5,1:19:47:29
1987500,7949.999999839655,-3626184.63872185,-3088995.5937002124,300.1676781493722,50.5,1:19:45:52
2000000,7999.999999838473,-3630549.5515046604,-3091821.440503394,301.0276693683018,50.5,1:19:44:20
2012500,8049.9999998372905,-3628540.5496880487,-3088730.1882447656,301.63240359616265,50.5,1:19:42:47
2025000,8099.999999836108,-3629151.3247530106,-3092543.159894944,299.84309697706794,50.5,1:19:41:12
2037500,8149.999999834926,-3633778.3286200073,-3094664.082268522,301.2434320548288,50.5,1:19:39:38
2050000,8199.999999835562,-3626640.12635044,-3086889.3431949355,301.5991127528808,50.5,1:19:37:59
2062500,8249.999999845748,-3628987.6439254936,-3089018.5235988917,301.72111405262655,50.5,1:19:36:24
2075000,8299.999999855934,-3628889.7614645176,-3088587.819263771,301.90708651450984,50.5,1:19:34:48
2087500,8349.99999986612,-3628127.6325409915,-3089979.846225902,300.7033985827438,50.5,1:19:33:14
2100000,8399.999999876307,-3631329.330531411,-3092078.647213188,301.31966958777707,50.5,1:19:31:37
2112500,8449.999999886493,-3626415.400000222,-3088711.710943314,300.45524824517423,50.5,1:19:29:59
2125000,8499.99999989668,-3625432.673899766,-3087739.420560855,300.44941702938524,50.5,1:19:28:24
2137500,8549.999999906866,-3628144.5854927003,-3090995.306012477,300.14545816862756,50.5,1:19:26:46
2150000,8599.999999917052,-3626855.5457260106,-3088469.730092182,300.8364033575051,50.5,1:19:25:08
2162500,8649.999999927239,-3626104.211592341,-3089355.651255623,299.9215464265496,50.5,1:19:23:33
2175000,8699.999999937425,-3628693.9219762385,-3087144.6778708873,302.6040473332869,50.5,1:19:21:59
2187500,8749.999999947611,-3628061.566196287,-3088953.992864078,301.23970334010346,50.5,1:19:20:24
2200000,8799.999999957798,-3629522.9102971107,-3090053.5255894554,301.441874403535,50.5,1:19:18:44
2212500,8849.999999967984,-3629882.7017006297,-3091886.500795424,300.61869648215594,50.5,1:19:17:09
2225000,8899.99999997817,-3628057.248825576,-3087407.6160768834,302.1013672159849,50.5,1:19:15:37
2237500,8949.999999988357,-3630207.00887713,-3092220.1166434586,300.61349503148034,50.5,1:19:14:02
2250000,8999.999999998543,-3629152.192177238,-3091746.412431915,300.2887840419551,50.5,1:19:12:31
2262500,9050.00000000873,-3631577.346047405,-3094805.3988394197,299.9346144198614,50.5,1:19:10:55
2275000,9100.000000018916,-3629219.0985447634,-3091460.144498114,300.48612892639306,50.6,1:19:09:25
2287500,9150.000000029102,-3625705.1717741527,-3087023.501905563,301.00171923567126,50.6,1:19:07:54
2300000,9200.000000039288,-3629782.788138667,-3089497.432744115,301.89781822590726,50.6,1:19:06:22
2312500,9250.000000049475,-3627829.7292448226,-3087863.7912748586,301.7193358320693,50.6,1:19:04:51
2325000,9300.000000059661,-3628173.55372878,-3089546.764800635,300.9710531515043,50.6,1:19:03:20
2337500,9350.000000069847,-3627746.985259259,-3089323.7670416487,300.8573029771728,50.6,1:19:01:47
2350000,9400.000000080034,-3627810.8810624983,-3089490.076332529,300.8000769054923,50.6,1:19:00:09
2362500,9450.00000009022,-3626984.2041637376,-3091389.0810313784,299.2770348328526,50.6,1:18:58:37
2375000,9500.000000100406,-3630983.3592636585,-3091057.942222963,301.69669375965964,50.6,1:18:57:04
2387500,9550.000000110593,-3627808.02133766,-3089013.972439745,301.0645138004856,50.6,1:18:55:33
2400000,9600.000000120779,-3632517.3147858754,-3093431.7371307416,301.2274127109884,50.6,1:18:54:01
2412500,9650.000000130965,-3628327.295195166,-3088473.5194895538,301.65666239005014,50.6,1:18:52:29
2425000,9700.000000141152,-3627804.6756334566,-3089869.8194565945,300.58441859647616,50.6,1:18:50:57
2437500,9750.000000151338,-3629609.37081429,-3091263.5115673426,300.8140767371309,50.6,1:18:49:22
2450000,9800.000000161524,-3624921.1091739256,-3087507.204371692,300.2933241186565,50.6,1:18:47:48
2462500,9850.00000017171,-3629624.7574191596,-3091165.6803607214,300.87733999224633,50.6,1:18:46:16
2475000,9900.000000181897,-3628518.306737799,-3090471.036098243,300.64723296056275,50.6,1:18:44:45
2487500,9950.000000192083,-3629814.7390130274,-3092757.509470728,300.09402298692277,50.6,1:18:43:13
2500000,10000.00000020227,-3627905.997482516,-3087860.4013289125,301.76384681428345,50.6,1:18:41:40
2512500,10050.000000212456,-3627934.2537736297,-3088354.8582752845,301.5033456563812,50.6,1:18:40:06
2525000,10100.000000222642,-3630473.4244484585,-3091355.9105767636,301.24525786264024,50.6,1:18:38:36
2537500,10150.000000232829,-3625985.9052074663,-3087362.1257952843,300.9693715099535,50.6,1:18:37:05
2550000,10200.000000243015,-3626449.4290670417,-3090254.144118798,299.6123901057448,50.6,1:18:35:38
2562500,10250.000000253202,-3628122.631253669,-3088761.7469553147,301.3812471136824,50.6,1:18:34:07
2575000,10300.000000263388,-3627926.3914810624,-3088972.177978984,301.1540097382731,50.6,1:18:32:38
2587500,10350.000000273574,-3631502.6396372095,-3092720.5538326567,301.05782912589814,50.6,1:18:31:07
2600000,10400.00000028376,-3627891.242427556,-3088304.8060121816,301.5072799430841,50.6,1:18:29:36
2612500,10450.000000293947,-3627317.3379824385,-3091311.8874808997,299.5063154088977,50.6,1:18:28:04
2625000,10500.000000304133,-3628620.2153626904,-3089503.3383906703,301.2449019791791,50.6,1:18:26:33
2637500,10550.00000031432,-3631140.792476423,-3091890.523823226,301.3194378834282,50.6,1:18:25:04
2650000,10600.000000324506,-3628864.1312751416,-3090036.5218636347,301.08326656831605,50.6,1:18:23:35
2662500,10650.000000334692,-3627656.1668992396,-3089808.224688089,300.5358532663971,50.6,1:18:22:07
2675000,10700.000000344879,-3626980.2817757837,-3085980.6485933196,302.2969386233506,50.6,1:18:20:40
2687500,10750.000000355065,-3626699.875292739,-3088229.3217022372,300.8837527886624,50.6,1:18:19:09
2700000,10800.000000365251,-3625806.4617629983,-3087821.4835670674,300.61242551550674,50.6,1:18:17:38
2712500,10850.000000375438,-3630023.4704188593,-3090679.0316398516,301.3720577726041,50.6,1:18:16:06
2725000,10900.000000385624,-3628983.7248956356,-3089597.156009699,301.39559901287,50.6,1:18:14:38
2737500,10950.00000039581,-3630239.9347080123,-3090601.3816394443,301.53640141331306,50.6,1:18:13:11
2750000,11000.000000405997,-3627518.1009233184,-3088908.9505996155,300.96119714459195,50.6,1:18:11:43
2762500,11050.000000416183,-3628913.9181436766,-3088206.8804711574,302.1334436383524,50.6,1:18:10:15
2775000,11100.00000042637,-3624544.05986253,-3087325.316590479,300.18427278203325,50.6,1:18:08:48
2787500,11150.000000436556,-3628900.501230903,-3089719.6251741247,301.28066305221944,50.6,1:18:07:20
2800000,11200.000000446742,-3629876.904518392,-3091707.641634005,300.7153991475362,50.6,1:18:05:53
2812500,11250.000000456928,-3628929.083848413,-3090665.269444055,300.7682321501416,50.6,1:18:04:26
2825000,11300.000000467115,-3628419.3929778486,-3089050.887250485,301.3855057758259,50.6,1:18:02:57
2837500,11350.000000477301,-3625893.9529228825,-3090186.7634908985,299.33965465220444,50.6,1:18:01:30
2850000,11400.000000487487,-3630473.326804038,-3092497.851666128,300.60711544656965,50.6,1:18:00:02
2862500,11450.000000497674,-3628743.7107776757,-3091491.2711385624,300.20310146135387,50.6,1:17:58:34
2875000,11500.00000050786,-3629402.286795594,-3092379.1290083425,300.0749845502718,50.6,1:17:57:08
2887500,11550.000000518046,-3629843.190327687,-3091311.4981575385,300.9179154836541,50.6,1:17:55:41
2900000,11600.000000528233,-3631864.3818330206,-3093125.864860977,301.03348396209554,50.6,1:17:54:13
2912500,11650.000000538419,-3629908.3044253904,-3091290.3252425184,300.9661304882296,50.6,1:17:52:45
2925000,11700.000000548605,-3628359.6805544067,-3090352.708981159,300.62471485957474,50.6,1:17:51:15
2937500,11750.000000558792,-3631649.6652188487,-3092267.8628139817,301.3929356235681,50.6,1:17:49:48
2950000,11800.000000568978,-3629860.112330377,-3091499.7617998323,300.82217410060315,50.6,1:17:48:20
2962500,11850.000000579164,-3631180.3462510426,-3090728.6779368636,301.9907496871747,50.6,1:17:46:51
2975000,11900.00000058935,-3627075.0826505795,-3087794.7619257066,301.336230222479,50.6,1:17:45:22
2987500,11950.000000599537,-3628850.059153773,-3088433.5073758857,301.97112745313785,50.6,1:17:43:56
3000000,12000.000000609723,-3631145.5654953998,-3091423.597396803,301.5830116264559,50.6,1:17:42:30
3012500,12050.00000061991,-3629111.0088185053,-3091140.766729109,300.60419135115734,50.6,1:17:41:03
3025000,12100.000000630096,-3629373.2416676935,-3090196.3481057347,301.2784377346441,50.6,1:17:39:36
3037500,12150.000000640282,-3626898.5226991847,-3088153.629401995,301.03704689163015,50.6,1:17:38:11
3050000,12200.000000650469,-3629785.1549390163,-3090428.5073080184,301.37887977090946,50.6,1:17:36:44
3062500,12250.000000660655,-3629491.9764880314,-3091545.298166833,300.5910245123064,50.6,1:17:35:17
3075000,12300.000000670841,-3629783.858507585,-3091001.975427174,301.0577158487649,50.6,1:17:33:49
3087500,12350.000000681028,-3628186.732809948,-3089714.978285865,300.88442384003264,50.6,1:17:32:19
3100000,12400.000000691214,-3627650.827309504,-3088255.929199644,301.40025317294476,50.6,1:17:30:50
3112500,12450.0000007014,-3626077.640870139,-3090079.9823773466,299.5019614311034,50.6,1:17:29:21
3125000,12500.000000711587,-3629443.1128170025,-3090447.0877151676,301.1773730047713,50.6,1:17:27:50
3137500,12550.000000721773,-3629980.8858490754,-3092643.429755767,300.2506065098962,50.6,1:17:26:22
3150000,12600.00000073196,-3627329.20841855,-3090444.153284948,299.99781627352405,50.6,1:17:24:55
3162500,12650.000000742146,-3628188.134701172,-3089104.0416777236,301.2265831362792,50.6,1:17:23:27
3175000,12700.000000752332,-3624933.902928777,-3087413.5623461204,300.3527977460095,50.6,1:17:22:01
3187500,12750.000000762519,-3629745.5716808178,-3089868.6409275094,301.66960084620223,50.6,1:17:20:33
3200000,12800.000000772705,-3628695.9232065678,-3091801.7294243276,300.00292271969704,50.7,1:17:19:06
3212500,12850.000000782891,-3624652.3679411374,-3086016.9158081627,300.97589393167914,50.7,1:17:17:41
3225000,12900.000000793078,-3629503.771109976,-3091128.654413975,300.8304250611192,50.7,1:17:16:16
3237500,12950.000000803264,-3628582.3826421984,-3088808.5384869007,301.6119986574385,50.7,1:17:14:49
3250000,13000.00000081345,-3629031.76287359,-3088840.161978782,301.84543057808554,50.7,1:17:13:20
3262500,13050.000000823637,-3629904.2428216636,-3091887.1734043974,300.6303572799136,50.7,1:17:11:54
3275000,13100.000000833823,-3627303.4235083796,-3086813.1214886783,302.012337226594,50.7,1:17:10:27
3287500,13150.00000084401,-3627722.3082467206,-3088240.7891528225,301.4486547922605,50.7,1:17:09:00
3300000,13200.000000854196,-3627678.7292064745,-3089744.803137603,300.5838988756097,50.7,1:17:07:35
3312500,13250.000000864382,-3627943.4077888,-3087695.420799998,301.8769377040612,50.7,1:17:06:08
3325000,13300.000000874568,-3628592.345270276,-3088293.5694863377,301.9053172007268,50.7,1:17:04:40
3337500,13350.000000884755,-3627462.2996388115,-3088699.2077808618,301.0472157879985,50.7,1:17:03:10
3350000,13400.000000894941,-3631491.992690295,-3092969.106387077,300.912994987499,50.7,1:17:01:45
3362500,13450.000000905127,-3626611.4052495155,-3087526.653612878,301.2269511527039,50.7,1:17:00:19
3375000,13500.000000915314,-3628428.0677546207,-3088988.0015690094,301.4254919535012,50.7,1:16:58:52
3387500,13550.0000009255,-3630008.551369412,-3091240.7262561806,301.0498606115687,50.7,1:16:57:23
3400000,13600.000000935686,-3626571.81956725,-3089061.836594008,300.34701017532467,50.7,1:16:55:54
3412500,13650.000000945873,-3627142.743673915,-3085982.098078189,302.3869082954615,50.7,1:16:54:25
3425000,13700.000000956059,-3627389.8072634637,-3090415.5181184756,300.0476779865615,50.7,1:16:52:54
3437500,13750.000000966245,-3626644.691958392,-3086781.2209081603,301.6620799038849,50.7,1:16:51:26
3450000,13800.000000976432,-3626502.2568636592,-3087265.0479497304,301.3121404307906,50.7,1:16:49:58
3462500,13850.000000986618,-3631671.1450740304,-3090683.9889106727,302.28996678003017,50.7,1:16:48:30
3475000,13900.000000996804,-3630579.5080165006,-3092857.9318373846,300.46524311754115,50.7,1:16:47:01
3487500,13950.00000100699,-3629138.6656630337,-3089208.0555484947,301.69959551823536,50.7,1:16:45:36
3500000,14000.000001017177,-3631671.1070369612,-3092356.1745532416,301.35557039962174,50.7,1:16:44:07
3512500,14050.000001027363,-3628675.18228825,-3091286.8087252816,300.2790579066377,50.7,1:16:42:39
3525000,14100.00000103755,-3629198.2537298035,-3090416.5011757533,301.05764291392927,50.7,1:16:41:12
3537500,14150.000001047736,-3626158.142069975,-3087964.7763230004,300.72886721872413,50.7,1:16:39:43
3550000,14200.000001057922,-3630486.109529931,-3091007.3145260834,301.44713263950416,50.7,1:16:38:20
3562500,14250.000001068109,-3629974.694213532,-3090982.3527099346,301.17531470306074,50.7,1:16:37:38
3575000,14300.000001078295,-3628265.577552162,-3089084.197995576,301.28094439520237,50.6,1:16:36:51
3587500,14350.000001088481,-3626382.260108767,-3090118.1929381588,299.6508238753395,50.6,1:16:36:51
3600000,14400.000001098668,-3629453.237820696,-3090399.294418499,301.20973628898787,50.6,1:16:36:19
3612500,14450.000001108854,-3627401.9203305114,-3086574.156391487,302.20090242859453,50.6,1:16:35:12
3625000,14500.00000111904,-3628837.390854124,-3089349.9110773513,301.4519854713859,50.6,1:16:34:14
3637500,14550.000001129227,-3628766.459293239,-3092194.286610904,299.82298545781583,50.6,1:16:33:09
3650000,14600.000001139413,-3624744.3562174253,-3086456.3663241947,300.78174080306434,50.6,1:16:31:58
3662500,14650.0000011496,-3628604.7711265106,-3089765.9781847107,301.0895156427391,50.6,1:16:30:34
3675000,14700.000001159786,-3627823.376897443,-3089928.967001224,300.56181823583427,50.6,1:16:29:13
3687500,14750.000001169972,-3628338.2660353445,-3090348.3650645167,300.6151762378542,50.6,1:16:27:54
3700000,14800.000001180159,-3625754.733387023,-3086774.8749382147,301.1683394871533,50.6,1:16:26:25
3712500,14850.000001190345,-3631841.5177340694,-3094156.0441794875,300.4450698822863,50.6,1:16:25:16
3725000,14900.000001200531,-3625671.932202317,-3085277.6829866534,301.95866534434873,50.6,1:16:23:57
3737500,14950.000001210718,-3630578.0576630216,-3091550.840222706,301.1948024961291,50.6,1:16:22:36
3750000,15000.000001220904,-3628805.7507035397,-3090455.36451409,300.8166062783279,50.6,1:16:21:15
3762500,15050.00000123109,-3626689.714190105,-3088383.255510494,300.7920606946879,50.6,1:16:19:38
3775000,15100.000001241277,-3625390.9798770826,-3086518.7747457726,301.10818553081674,50.6,1:16:18:04
3787500,15150.000001251463,-3626352.9056917913,-3088181.8224032037,300.7164163434514,50.6,1:16:16:45
3800000,15200.00000126165,-3625613.559493702,-3086285.6228210195,301.3628368121506,50.6,1:16:15:26
3812500,15250.000001271836,-3628935.3776669987,-3091508.932746585,300.3003312201468,50.6,1:16:14:09
3825000,15300.000001282022,-3628307.5182695463,-3090518.975143141,300.50266255724654,50.6,1:16:12:38
3837500,15350.000001292208,-3630095.7943859436,-3089899.122573306,301.8482640789643,50.6,1:16:10:50
3850000,15400.000001302395,-3626888.5724664703,-3089392.379092724,300.3393048952157,50.6,1:16:09:02
3862500,15450.000001312581,-3627383.950405974,-3088313.0020643063,301.21923821991,50.6,1:16:07:44
3875000,15500.000001322767,-3629431.4989206623,-3089869.3036944177,301.493734578516,50.6,1:16:06:14
3887500,15550.000001332954,-3625363.9822667725,-3088267.022989983,300.11622295966225,50.6,1:16:05:06
3900000,15600.00000134314,-3628504.0396660287,-3088649.835380167,301.6569018698752,50.6,1:16:03:47
3912500,15650.000001353326,-3627299.9310605787,-3088228.0330697736,301.21976885987607,50.6,1:16:02:39
3925000,15700.000001363513,-3627658.0800361205,-3090356.184333072,300.23073626146623,50.5,1:16:03:52
3937500,15750.000001373699,-3629109.183906378,-3091318.1645643697,300.5040462040187,50.5,1:16:03:05
3950000,15800.000001383885,-3628852.2070225906,-3090958.8761922456,300.5612152810627,50.5,1:16:01:15
3962500,15850.000001394072,-3629065.3764642067,-3089753.5156807303,301.3538540110643,50.5,1:15:59:24
3975000,15900.000001404258,-3627729.6472238526,-3088634.4904246926,301.23276529486486,50.5,1:15:57:35
3987500,15950.000001414444,-3629862.55579249,-3092578.1221246812,300.2209789169669,50.5,1:15:55:46
4000000,16000.00000142463,-3628423.423281716,-3089557.264143382,301.10480718256014,50.5,1:15:53:58
4012500,16050.000001434817,-3624409.411394218,-3086099.3765956173,300.7940589397079,50.5,1:15:52:11
4025000,16100.000001445003,-3630704.018493533,-3093941.1559591433,299.9295381335796,50.5,1:15:50:25
4037500,16150.00000145519,-3629691.383457385,-3093514.357657886,299.60218735434,50.5,1:15:48:38
4050000,16200.000001465376,-3627828.280209195,-3087257.4452041183,302.05733702593557,50.6,1:15:46:49
4062500,16250.000001475562,-3624446.1516438257,-3085797.2159372186,300.9834282122604,50.6,1:15:45:02
4075000,16300.000001485749,-3628385.5111623835,-3090385.103478824,300.6210471237088,50.6,1:15:43:12
4087500,16350.000001495935,-3630117.4486514516,-3091816.898039968,300.788759415355,50.6,1:15:41:26
4100000,16400.00000150612,-3626711.0748446137,-3086239.2364701005,302.0020202077388,50.6,1:15:39:38
4112500,16450.000001516306,-3631153.3676662687,-3092773.419331223,300.83312485905316,50.6,1:15:37:50
4125000,16500.000001526492,-3630291.931205537,-3093280.861940369,300.0682297892812,50.6,1:15:36:02
4137500,16550.00000153668,-3628980.9362446647,-3090672.8790024994,300.7929539310909,50.6,1:15:34:15
4150000,16600.000001546865,-3628626.288515985,-3091138.1477524913,300.3348052998779,50.6,1:15:32:25
4162500,16650.00000155705,-3628820.5444318205,-3090448.732791098,300.8285782796588,50.6,1:15:30:36
4175000,16700.000001567238,-3625901.1055924855,-3088758.132089351,300.1419345478116,50.6,1:15:28:50
4187500,16750.000001577424,-3627881.53874797,-3089728.696493651,300.70622371395876,50.6,1:15:27:02
4200000,16800.00000158761,-3625536.3466370925,-3088323.03091013,300.1812400068449,50.7,1:15:25:15
4212500,16850.000001597797,-3630649.278852945,-3094445.658655358,299.6170476326721,50.7,1:15:23:27
4225000,16900.000001607983,-3628202.276879931,-3090597.623643893,300.39990952842305,50.7,1:15:21:40
4237500,16950.00000161817,-3628018.328960687,-3090843.237368227,300.1598813253727,50.7,1:15:19:52
4250000,17000.000001628356,-3631991.21109654,-3092623.8463120544,301.3848682457464,50.7,1:15:18:04
4262500,17050.000001638542,-3628158.9091704953,-3088374.661501481,301.61781187828853,50.7,1:15:16:16
4275000,17100.00000164873,-3626153.9365228284,-3084792.238746516,302.4992511788332,50.7,1:15:14:27
4287500,17150.000001658915,-3628739.45456383,-3090799.283039918,300.5873886782328,50.7,1:15:12:39
4300000,17200.0000016691,-3629142.198842751,-3088994.287702617,301.82101784603003,50.7,1:15:10:52
4312500,17250.000001679287,-3629336.1706581227,-3089659.443884187,301.5577319162577,50.7,1:15:09:07
4325000,17300.000001689474,-3627946.451378256,-3089201.158002988,301.0372704451612,50.7,1:15:07:21
4337500,17350.00000169966,-3630849.705925394,-3091059.8862045,301.62092540022394,50.7,1:15:05:35
4350000,17400.000001709846,-3629373.501094049,-3088784.8268997986,302.0673051145331,50.7,1:15:03:48
4362500,17450.000001720033,-3627294.3525210787,-3088503.1167331003,301.062941905664,50.7,1:15:02:22
4375000,17500.00000173022,-3628668.126803592,-3091305.7293229983,300.2645431275183,50.8,1:15:00:52
4387500,17550.000001740405,-3630855.7241996266,-3091991.1463689813,301.10392358774067,50.8,1:14:59:16
4400000,17600.00000175059,-3630561.6403099783,-3091097.959409407,301.43868726011715,50.8,1:14:57:36
4412500,17650.000001760778,-3627805.7541552708,-3088570.8694827,301.3108417033907,50.8,1:14:55:51
4425000,17700.000001770964,-3628333.1642200723,-3090263.5373292346,300.65972506944223,50.8,1:14:54:06
4437500,17750.00000178115,-3629248.9057375714,-3091076.4996654172,300.7171554815174,50.8,1:14:52:22
4450000,17800.000001791337,-3631129.7927548345,-3093048.049727576,300.66649526062787,50.8,1:14:50:38
4462500,17850.000001801523,-3627079.7225708794,-3088089.912376643,301.1739002712872,50.8,1:14:48:52
4475000,17900.00000181171,-3628500.655781813,-3088311.3920072587,301.8441246542837,50.8,1:14:47:09
4487500,17950.000001821896,-3627036.185843235,-3089540.4482225245,300.33905023192403,50.8,1:14:45:26
4500000,18000.000001832082,-3627636.8825838435,-3088865.7985572894,301.051681610069,50.8,1:14:43:44
4512500,18050.00000184227,-3628105.514626587,-3089207.2206199365,301.12276333579837,50.8,1:14:42:02
4525000,18100.000001852455,-3629815.954309838,-3092290.921154042,300.35541983742576,50.8,1:14:40:20
4537500,18150.00000186264,-3628991.7380721886,-3090127.9890193073,301.1034604876468,50.8,1:14:38:38
4550000,18200.000001872828,-3626976.575907396,-3089269.058639289,300.45738735295726,50.8,1:14:36:56
4562500,18250.000001883014,-3628762.234533379,-3090078.108194418,301.0030918493062,50.8,1:14:35:12
4575000,18300.0000018932,-3626811.381344881,-3084969.35151432,302.76764860577407,50.9,1:14:33:31
4587500,18350.000001903387,-3627737.1390805226,-3085639.577775418,302.9104331433938,50.9,1:14:31:49
4600000,18400.000001913573,-3629162.2837977055,-3090849.777163081,300.7954401392815,50.9,1:14:30:08
4612500,18450.00000192376,-3629259.253964167,-3090268.7210339867,301.174304117889,50.9,1:14:28:27
4625000,18500.000001933946,-3631273.062346626,-3094061.0845662113,300.1804923960878,50.9,1:14:26:44
4637500,18550.000001944132,-3627923.315813856,-3088750.124734397,301.2763688808848,50.9,1:14:25:03
4650000,18600.00000195432,-3626612.7825785726,-3087315.9462689664,301.34545871432704,50.9,1:14:23:24
4662500,18650.000001964505,-3629285.944504373,-3090683.842440687,300.9572587548127,50.9,1:14:21:44
4675000,18700.00000197469,-3627588.443582883,-3088649.4584603426,301.1455005041959,50.9,1:14:20:04
4687500,18750.000001984878,-3629832.392712936,-3090954.0107312924,301.1116369988615,50.9,1:14:18:23
4700000,18800.000001995064,-3631903.0162467565,-3093162.8208414037,301.0344218282602,50.9,1:14:16:43
4712500,18850.00000200525,-3626725.3793825693,-3088564.400283306,300.7107703775161,50.9,1:14:15:05
4725000,18900.000002015437,-3627055.9435863458,-3089069.026823528,300.613508737748,50.9,1:14:13:25
4737500,18950.000002025623,-3629880.526343867,-3090156.4531108662,301.5841879224215,50.9,1:14:11:47
4750000,19000.00000203581,-3626318.6009595245,-3086755.5861597443,301.4941925355195,50.9,1:14:10:09
4762500,19050.000002045996,-3628614.552808173,-3091301.071433206,300.2372100424786,50.9,1:14:08:31
4775000,19100.000002056182,-3628372.321800597,-3089336.2239651205,301.1997646367781,50.9,1:14:06:53
4787500,19150.00000206637,-3629021.3355860785,-3090278.8803014336,301.0356845917628,50.9,1:14:05:14
4800000,19200.000002076555,-3627786.2477569655,-3089300.9496231787,300.89199166725524,51,1:14:03:37
4812500,19250.00000208674,-3629800.468092965,-3091226.165421938,300.94172515593243,51,1:14:01:59
4825000,19300.000002096927,-3626656.264144009,-3088868.6233236706,300.50215837139297,51,1:14:00:22
4837500,19350.000002107114,-3633716.778757056,-3096449.729778623,300.2112647913837,51,1:13:58:44
4850000,19400.0000021173,-3628927.3600071855,-3089441.2703587697,301.45120870275076,51,1:13:57:06
4862500,19450.000002127486,-3628821.7856101934,-3092070.164867799,299.923256503988,51,1:13:55:30
4875000,19500.000002137673,-3625337.3891859744,-3089167.49591813,299.59820187569727,51,1:13:53:52
4887500,19550.00000214786,-3628086.341235401,-3088910.360233878,301.2779278189084,51,1:13:52:14
4900000,19600.000002158045,-3630185.750026295,-3092106.6424776814,300.6650226216881,51,1:13:50:37
4912500,19650.00000216823,-3629042.066665601,-3090277.8897295105,301.047822102273,51,1:13:49:00
4925000,19700.000002178418,-3628518.4952240176,-3088664.8489400335,301.65659007251156,51,1:13:47:23
4937500,19750.000002188604,-3628557.326146025,-3090896.071855237,300.4315367690431,51,1:13:45:46
4950000,19800.00000219879,-3628362.9630514383,-3088193.4316195296,301.8330987193149,51,1:13:44:09
4962500,19850.000002208977,-3630045.8560490906,-3090691.9242682834,301.3773622223788,51,1:13:42:33
4975000,19900.000002219163,-3629996.5752741005,-3093564.7669429937,299.74455340155293,51,1:13:40:55
4987500,19950.00000222935,-3627190.172319038,-3090248.774146845,300.029299341227,51,1:13:39:19
5000000,20000.000002239536,-3628137.9365952145,-3088121.6344201304,301.7474780785518,51,1:13:37:42
5012500,20050.000002249722,-3628904.629062742,-3091272.2658543675,300.4153931614848,51,1:13:36:05
5025000,20100.00000225991,-3626889.4124391545,-3088702.15711354,300.725452869513,51,1:13:34:29
5037500,20150.000002270095,-3631143.7661154345,-3091663.3095946163,301.4480610532457,51,1:13:32:53
5050000,20200.00000228028,-3630833.7929644994,-3093969.7597242678,299.9860697701622,51,1:13:31:16
5062500,20250.000002290468,-3627668.715920696,-3088449.9448436797,301.3018378329486,51,1:13:29:40
5075000,20300.000002300654,-3626352.28603993,-3085329.621561191,302.3098079303323,51.1,1:13:28:05
5087500,20350.00000231084,-3627113.992946405,-3090818.9267901336,299.6681453260237,51.1,1:13:26:28
5100000,20400.000002321027,-3630298.145122716,-3092929.463994286,300.26805427131205,51.1,1:13:24:52
5112500,20450.000002331213,-3627217.6749747153,-3087012.6621274073,301.8529248385861,51.1,1:13:23:15
5125000,20500.0000023414,-3626483.688967319,-3087717.499614122,301.04894659015304,51.1,1:13:21:37
5137500,20550.000002351586,-3628178.2238469925,-3090985.044287405,300.16998842481115,51.1,1:13:20:01
5150000,20600.000002361772,-3629804.4931295905,-3089909.012140072,301.67996624993486,51.1,1:13:18:26
5162500,20650.00000237196,-3632759.0890961066,-3093659.9074133174,301.23501429823733,51.1,1:13:16:50
5175000,20700.000002382145,-3631455.2786068395,-3090451.0556243137,302.2995032877652,51.1,1:13:15:14
5187500,20750.00000239233,-3628563.3520566765,-3091765.8795930333,299.9488772883914,51.1,1:13:13:38
5200000,20800.000002402518,-3629385.1365313586,-3091248.206722875,300.69733224090186,51.1,1:13:12:02
5212500,20850.000002412704,-3628731.214225216,-3090847.3002411863,300.55595338504986,51.1,1:13:10:27
5225000,20900.00000242289,-3630125.7583675925,-3089108.89356491,302.30656721775256,51.1,1:13:08:52
5237500,20950.000002433077,-3628900.213736266,-3090503.819324754,300.8423145114356,51.1,1:13:07:17
5250000,21000.000002443263,-3630031.361129282,-3090607.5455202605,301.4164115415146,51.1,1:13:05:43
5262500,21050.00000245345,-3631038.8953451477,-3090993.3788065836,301.7638023274093,51.1,1:13:04:07
5275000,21100.000002463636,-3627622.9219101146,-3089386.7625611564,300.7527792032781,51.1,1:13:02:32
5287500,21150.000002473822,-3628546.609679602,-3091417.3853442157,300.1342518599428,51.1,1:13:00:58
5300000,21200.00000248401,-3627489.313743949,-3089422.5509624984,300.6581246774151,51.1,1:12:59:24
5312500,21250.000002494195,-3628672.214245118,-3089644.596757002,301.1950260327416,51.1,1:12:57:50
5325000,21300.00000250438,-3628489.830534013,-3088504.669825875,301.73007701292323,51.1,1:12:56:14
5337500,21350.000002514567,-3627084.98794193,-3086757.8939199406,301.92114071731544,51.1,1:12:54:38
5350000,21400.000002524754,-3625764.1933466587,-3084707.4946603416,302.328825386405,51.1,1:12:53:05
5362500,21450.00000253494,-3628179.4285024777,-3089899.1132821324,300.77745238958687,51.1,1:12:51:31
5375000,21500.000002545126,-3626422.936925711,-3088986.4485057495,300.3059432741671,51.2,1:12:49:57
5387500,21550.000002555313,-3629886.724937897,-3092437.645480279,300.3129788281754,51.2,1:12:48:23
5400000,21600.0000025655,-3625049.3600698337,-3086074.164369628,301.16573406093545,51.2,1:12:46:49
5412500,21650.000002575685,-3627104.573860919,-3086979.6880703657,301.8081518619109,51.2,1:12:45:15
5425000,21700.00000258587,-3632367.6332667843,-3093595.9170136135,301.0520348823432,51.2,1:12:43:40
5437500,21750.000002596058,-3627749.2975615356,-3085986.6999717676,302.72326387471884,51.2,1:12:42:06
5450000,21800.000002606244,-3626828.6025337223,-3090473.9657704723,299.70143187746856,51.2,1:12:40:33
5462500,21850.00000261643,-3631052.5029686764,-3091004.7576319855,301.7650477235413,51.2,1:12:38:58
5475000,21900.000002626617,-3629411.3775539175,-3089462.0430601654,301.710058228682,51.2,1:12:37:24
5487500,21950.000002636803,-3626550.309059594,-3086073.9331106506,302.00455568978873,51.2,1:12:35:50
5500000,22000.00000264699,-3631762.0948123317,-3091720.922889744,301.76137466567235,51.2,1:12:34:17
5512500,22050.000002657176,-3631112.5149495136,-3093311.7739702575,300.5094784095104,51.2,1:12:32:44
5525000,22100.000002667362,-3626487.702782793,-3087055.007572658,301.42137323847004,51.2,1:12:31:12
5537500,22150.00000267755,-3625320.1871223357,-3087343.098950871,300.6080167690022,51.2,1:12:29:40
5550000,22200.000002687735,-3627467.2434459534,-3089978.3469147924,300.33522760377275,51.2,1:12:28:08
5562500,22250.00000269792,-3630483.303668203,-3093109.7089273287,300.27079987391176,51.2,1:12:26:36
5575000,22300.000002708108,-3627651.6907063704,-3088464.386789717,301.2842547780601,51.2,1:12:25:04
5587500,22350.000002718294,-3627283.5378176365,-3090024.6426704563,300.20670863630585,51.2,1:12:23:30
5600000,22400.00000272848,-3629015.0931556392,-3090934.2996518486,300.6659646908826,51.2,1:12:21:56
5612500,22450.000002738667,-3630828.7307927534,-3090841.2728847587,301.73136063021525,51.2,1:12:20:22
5625000,22500.000002748853,-3628537.328972047,-3091877.3715369552,299.872037361715,51.2,1:12:18:48
5637500,22550.00000275904,-3628171.679889377,-3089849.9619957088,300.80058715831643,51.2,1:12:17:14
5650000,22600.000002769226,-3630631.325159546,-3092592.9417438097,300.64226700423137,51.2,1:12:15:41
5662500,22650.000002779412,-3629824.6776444465,-3091671.6459610425,300.7063295621495,51.2,1:12:14:06
5675000,22700.0000027896,-3630204.0783508737,-3091700.518487822,300.9021958605894,51.2,1:12:12:32
5687500,22750.000002799785,-3630108.21811804,-3091816.4641838735,300.7838440541238,51.2,1:12:10:58
5700000,22800.00000280997,-3628285.329411583,-3090290.650957384,300.6178457749642,51.2,1:12:09:24
5712500,22850.000002820158,-3627433.922898976,-3087486.038816491,301.7092477754785,51.2,1:12:07:51
5725000,22900.000002830344,-3629810.42762563,-3091287.5332157137,300.9129995173174,51.3,1:12:06:15
5737500,22950.00000284053,-3628046.2975425683,-3088530.8140110057,301.4676332626663,51.3,1:12:04:42
5750000,23000.000002850717,-3631974.100712681,-3094092.5411277157,300.5546378062848,51.3,1:12:03:08
5762500,23050.000002860903,-3624545.3097396586,-3086331.347072007,300.7403762580724,51.3,1:12:01:33
5775000,23100.00000287109,-3627989.1620795485,-3090794.2842560476,300.17093737181654,51.3,1:12:00:01
5787500,23150.000002881276,-3629623.572611382,-3090937.7238668986,301.0040542860336,51.3,1:11:58:27
5800000,23200.000002891462,-3629346.435820082,-3091481.8995722877,300.54512559519213,51.3,1:11:56:54
5812500,23250.00000290165,-3628376.722654188,-3088348.7784547172,301.75398334790066,51.3,1:11:55:21
5825000,23300.000002911835,-3629356.375057617,-3090458.620176441,301.12246208609247,51.3,1:11:53:47
5837500,23350.00000292202,-3627749.5217857864,-3088939.924705176,301.07320173249445,51.3,1:11:52:13
5850000,23400.000002932207,-3629978.869898932,-3088409.8029092574,302.61512386065993,51.3,1:11:50:39
5862500,23450.000002942394,-3628737.374139497,-3089880.0401126463,301.0998759330349,51.3,1:11:49:06
5875000,23500.00000295258,-3627799.6287944335,-3090340.2722659395,300.3187213959577,51.3,1:11:47:33
5887500,23550.000002962766,-3627960.7965799775,-3091028.7612723615,300.02406760884713,51.3,1:11:46:01
5900000,23600.000002972953,-3627954.222066827,-3090567.5373282665,300.2781142341894,51.3,1:11:44:28
5912500,23650.00000298314,-3630056.779073922,-3092162.4599353047,300.5617675227775,51.3,1:11:42:55
5925000,23700.000002993325,-3627835.435102187,-3089208.8815813274,300.97092161185606,51.3,1:11:41:21
5937500,23750.00000300351,-3631073.0447905418,-3090027.7955039376,302.3224277508613,51.3,1:11:39:49
5950000,23800.000003013698,-3626448.1686983965,-3086578.1038706796,301.6657643402978,51.3,1:11:38:17
5962500,23850.000003023884,-3626391.5864284895,-3086539.8234550753,301.6555377261052,51.3,1:11:36:43
5975000,23900.00000303407,-3631035.7123530395,-3091845.589178596,301.28583010814674,51.3,1:11:35:10
5987500,23950.000003044257,-3626603.483465843,-3088866.907931457,300.4736243786389,51.3,1:11:33:36
6000000,24000.000003054443,-3629057.7871257924,-3090606.323392723,300.87308585821245,51.3,1:11:32:02
6012500,24050.00000306463,-3631010.4060979486,-3093197.18317567,300.516453004191,51.3,1:11:30:29
6025000,24100.000003074816,-3626067.2984112464,-3086628.502493565,301.4247821598474,51.3,1:11:28:57
6037500,24150.000003085002,-3626259.3049082533,-3090589.5890172776,299.31871538343,51.3,1:11:27:25
6050000,24200.00000309519,-3629895.1120010857,-3089672.848808514,301.86256389607087,51.3,1:11:25:54
6062500,24250.000003105375,-3630381.431570241,-3090704.9034150513,301.55762093311614,51.3,1:11:24:22
6075000,24300.00000311556,-3629805.546055924,-3092641.359624252,300.15378779680236,51.3,1:11:22:51
6087500,24350.000003125748,-3626572.1338822525,-3086500.245906231,301.7785380209688,51.4,1:11:21:19
6100000,24400.000003135934,-3627532.6314056087,-3088120.239011585,301.410028537329,51.4,1:11:19:48
6112500,24450.00000314612,-3628739.124434568,-3088698.851032042,301.76087259534324,51.4,1:11:18:17
6125000,24500.000003156307,-3626328.6754163783,-3087924.784846613,300.8465031754426,51.4,1:11:16:45
6137500,24550.000003166493,-3630357.3469330557,-3091308.7003090205,301.2067765830569,51.4,1:11:15:14
6150000,24600.00000317668,-3627639.6220252737,-3088865.508838947,301.05337422808526,51.4,1:11:13:42
6162500,24650.000003186866,-3630928.9937544,-3091594.147564493,301.3666976759593,51.4,1:11:12:11
6175000,24700.000003197052,-3628313.1548453122,-3089695.2106526387,300.9661109365899,51.4,1:11:10:40
6187500,24750.00000320724,-3625665.91838249,-3086743.6483134422,301.1361605542406,51.4,1:11:09:08
6200000,24800.000003217425,-3630189.7793584038,-3089817.705464696,301.94627433420936,51.4,1:11:07:37
6212500,24850.00000322761,-3629248.598067729,-3090451.5293342057,301.0662012083941,51.4,1:11:06:05
6225000,24900.000003237798,-3628733.7773702517,-3090219.1576711354,300.9083758178,51.4,1:11:04:34
6237500,24950.000003247984,-3627182.9603755902,-3089553.502982746,300.4137694651175,51.4,1:11:03:02
6250000,25000.00000325817,-3629227.8201268744,-3088902.0118004493,301.9204223030887,51.4,1:11:01:30
6262500,25050.000003268357,-3631988.795625983,-3093246.470027213,301.0356121265692,51.4,1:10:59:58
6275000,25100.000003278543,-3629629.6544137057,-3091124.6847386686,300.902983627939,51.4,1:10:58:28
6287500,25150.00000328873,-3632049.9557316694,-3096009.9994649873,299.5255963594343,51.4,1:10:56:57
6300000,25200.000003298916,-3631152.7107048444,-3093169.1885639746,300.6116119086939,51.4,1:10:55:26
6312500,25250.000003309102,-3628158.690689806,-3089253.985696035,301.1263456335692,51.4,1:10:53:55
6325000,25300.00000331929,-3629418.8347107694,-3092356.1819559885,300.09705334115984,51.4,1:10:52:25
6337500,25350.000003329475,-3627961.115696145,-3090580.3188414574,300.27482423330866,51.4,1:10:50:55
6350000,25400.00000333966,-3629456.903153518,-3091509.0350890094,300.5916893108353,51.4,1:10:49:24
6362500,25450.000003349847,-3625783.9102339763,-3086873.359638606,301.12961200818313,51.4,1:10:47:53
6375000,25500.000003360034,-3630465.93821501,-3091788.0963982167,300.9995802169585,51.4,1:10:46:21
6387500,25550.00000337022,-3628533.65242381,-3090418.204212957,300.685328866404,51.4,1:10:44:52
6400000,25600.000003380406,-3628356.64624919,-3090537.9270521505,300.5195241837852,51.4,1:10:43:21
6412500,25650.000003390593,-3632965.1537390873,-3094847.635054116,300.6864857950762,51.4,1:10:41:50
6425000,25700.00000340078,-3627062.9069944955,-3090025.6534773353,300.082860888328,51.4,1:10:40:20
6437500,25750.000003410965,-3631262.30071079,-3092068.1537234737,301.2880785132074,51.4,1:10:38:50
6450000,25800.00000342115,-3625880.5639397837,-3087414.653929527,300.8811580732391,51.4,1:10:37:20
6462500,25850.000003431338,-3626006.7696464714,-3088486.159720161,300.3529482484442,51.4,1:10:35:51
6475000,25900.000003441524,-3628559.6206230223,-3089050.877050696,301.46386714358135,51.4,1:10:34:21
6487500,25950.00000345171,-3628372.7026248965,-3090071.8503460023,300.7889279794892,51.4,1:10:32:51
6500000,26000.000003461897,-3628142.0622855388,-3088650.120224892,301.45447888297355,51.4,1:10:31:21
6512500,26050.000003472083,-3629333.714789249,-3093381.33606713,299.4766602382436,51.4,1:10:29:52
6525000,26100.00000348227,-3630383.1811508983,-3091986.0756852846,300.8427118305187,51.4,1:10:28:22
6537500,26150.000003492456,-3625723.7615075503,-3087514.8557882197,300.73755056300257,51.5,1:10:26:53
6550000,26200.000003502642,-3625934.2379319984,-3086794.658011428,301.25758781374066,51.5,1:10:25:22
6562500,26250.00000351283,-3629328.9265541025,-3088440.6664045956,302.2347061839124,51.5,1:10:23:51
6575000,26300.000003523015,-3627095.1319373623,-3088694.255290075,300.84481907164206,51.5,1:10:22:21
6587500,26350.0000035332,-3628583.4639292844,-3089486.785673249,301.2336154465609,51.5,1:10:20:52
6600000,26400.000003543388,-3627811.109735675,-3088719.11207184,301.2310000497913,51.5,1:10:19:22
6612500,26450.000003553574,-3625896.2670247257,-3087083.9762273203,301.0747069134425,51.5,1:10:17:52
6625000,26500.00000356376,-3628579.5989806205,-3086923.3514410057,302.66383815127676,51.5,1:10:16:22
6637500,26550.000003573947,-3628981.3655768298,-3088823.8627893236,301.8263774164606,51.5,1:10:14:53
6650000,26600.000003584133,-3631137.7437479123,-3092877.131281751,300.7664429879035,51.5,1:10:13:23
6662500,26650.00000359432,-3629456.0613438673,-3091505.269087151,300.5933232756258,51.5,1:10:11:52
6675000,26700.000003604506,-3629272.1409548707,-3091078.9603367206,300.7287637734102,51.5,1:10:10:22
6687500,26750.000003614692,-3629485.07005718,-3089991.8739070594,301.45517963651446,51.5,1:10:08:53
6700000,26800.00000362488,-3630169.3533295635,-3092009.164663596,300.7103287033432,51.5,1:10:07:23
6712500,26850.000003635065,-3629424.5515516847,-3090731.518967138,301.00806843451994,51.5,1:10:05:52
6725000,26900.00000364525,-3626940.5652763173,-3085890.023657534,302.3253849724894,51.5,1:10:04:22
6737500,26950.000003655437,-3629069.39962551,-3090178.313674388,301.1187356563212,51.5,1:10:02:53
6750000,27000.000003665624,-3630796.3835178614,-3092677.5369024808,300.6872278090684,51.5,1:10:01:23
6762500,27050.00000367581,-3628593.9498011544,-3090357.939766163,300.7526957704024,51.5,1:9:59:53
6775000,27100.000003685996,-3629018.428614389,-3088932.587207212,301.7863348460735,51.5,1:9:58:24
6787500,27150.000003696183,-3628347.7737158556,-3090428.1333607575,300.57591637936576,51.5,1:9:56:55
6800000,27200.00000370637,-3628702.892167993,-3091010.1763195107,300.4491166933012,51.5,1:9:55:25
6812500,27250.000003716556,-3626828.6508689392,-3088383.2407842986,300.86970323228235,51.5,1:9:53:56
6825000,27300.000003726742,-3628815.001194073,-3088642.459651169,301.83478069335507,51.5,1:9:52:27
6837500,27350.00000373693,-3625600.4272169117,-3087940.0319917365,300.4310567448636,51.5,1:9:50:58
6850000,27400.000003747115,-3630391.113767661,-3094595.580959663,299.3890187006786,51.5,1:9:49:29
6862500,27450.0000037573,-3628067.5606288873,-3091594.045927633,299.7678578684015,51.5,1:9:47:59
6875000,27500.000003767487,-3629765.536437411,-3091221.6373630483,300.9247363935911,51.5,1:9:46:30
6887500,27550.000003777674,-3631408.716162255,-3091906.6818491546,301.460118178887,51.5,1:9:45:00
6900000,27600.00000378786,-3630182.9079644103,-3092101.259238432,300.66644256745286,51.5,1:9:43:30
6912500,27650.000003798046,-3626025.9764767922,-3089317.5022531296,299.8991473184639,51.5,1:9:42:00
6925000,27700.000003808233,-3628158.837326316,-3089788.61114249,300.8276923663668,51.5,1:9:40:31
6937500,27750.00000381842,-3627291.352441566,-3088264.3310582153,301.1946929444461,51.5,1:9:39:02
6950000,27800.000003828605,-3629880.276727425,-3093175.6893835943,299.89697542813,51.5,1:9:37:31
6962500,27850.00000383879,-3626454.2191269845,-3088789.5955102867,300.4334194633095,51.5,1:9:36:02
6975000,27900.000003848978,-3625857.1115369983,-3086605.8269938123,301.3200055371099,51.5,1:9:34:32
6987500,27950.000003859164,-3630348.633106403,-3091610.296343524,301.03338326576346,51.5,1:9:33:01
7000000,28000.00000386935,-3629287.114485195,-3088084.5783041883,302.4103156970765,51.5,1:9:31:31
7012500,28050.000003879537,-3629717.5689587183,-3091608.835132362,300.6815770378378,51.5,1:9:30:02
7025000,28100.000003889723,-3630026.174654959,-3093744.0511378455,299.66091330597186,51.5,1:9:28:34
7037500,28150.00000389991,-3627251.2795630135,-3089188.2077134196,300.6560622778633,51.5,1:9:27:04
7050000,28200.000003910096,-3627829.0677460805,-3087928.758620668,301.68266409039626,51.6,1:9:25:34
7062500,28250.000003920282,-3628511.736140998,-3091615.3502192544,300.00414763191566,51.6,1:9:24:04
7075000,28300.00000393047,-3629318.2383733597,-3091781.863511624,300.3617572964072,51.6,1:9:22:35
7087500,28350.000003940655,-3629488.8372091465,-3091269.398119892,300.7434363442233,51.6,1:9:21:05
7100000,28400.00000395084,-3626764.2616347335,-3087390.9316363316,301.38820145670337,51.6,1:9:19:35
7112500,28450.000003961028,-3628543.173379874,-3089901.8168632905,300.9791931521958,51.6,1:9:18:05
7125000,28500.000003971214,-3628704.822648965,-3090202.967115598,300.9012435241837,51.6,1:9:16:35
7137500,28550.0000039814,-3627925.2889635283,-3088259.5790842483,301.5515759536226,51.6,1:9:15:05
7150000,28600.000003991587,-3628647.860175235,-3087978.74012882,302.1122562260363,51.6,1:9:13:35
7162500,28650.000004001773,-3631335.579796212,-3093559.674633749,300.4956007820142,51.6,1:9:12:05
7175000,28700.00000401196,-3628106.537933897,-3088692.106149705,301.41116809707466,51.6,1:9:10:36
7187500,28750.000004022146,-3627769.904626904,-3091108.213589009,299.87300605520034,51.6,1:9:09:06
7200000,28800.000004032332,-3630508.505766712,-3092192.460644684,300.797417356721,51.6,1:9:07:37
7212500,28850.00000404252,-3627926.5326964874,-3088610.9468436628,301.3559354857846,51.6,1:9:06:07
7225000,28900.000004052705,-3630192.286858652,-3092156.522174366,300.6408037232015,51.6,1:9:04:38
7237500,28950.00000406289,-3628381.113827087,-3089169.4503697907,301.2978662744659,51.6,1:9:03:08
7250000,29000.000004073077,-3628302.473745592,-3090238.4893596554,300.6565721801368,51.6,1:9:01:39
7262500,29050.000004083264,-3629695.835599512,-3092873.953843521,299.9625165847941,51.6,1:9:00:10
7275000,29100.00000409345,-3630480.686897373,-3090745.749006403,301.59025881903887,51.6,1:8:58:40
7287500,29150.000004103636,-3629491.7195808087,-3088477.983670237,302.30481887182356,51.6,1:8:57:10
7300000,29200.000004113823,-3630141.258260222,-3090919.0304218754,301.3037693839211,51.6,1:8:55:40
7312500,29250.00000412401,-3626627.045228185,-3089151.0913803615,300.32799555903443,51.6,1:8:54:11
7325000,29300.000004134195,-3632014.409580281,-3093107.716796021,301.127456360717,51.6,1:8:52:40
7337500,29350.000004144382,-3628394.8048601914,-3089953.994577747,300.8671329789273,51.6,1:8:51:11
7350000,29400.000004154568,-3628690.533452412,-3089739.048532199,301.15248507560426,51.6,1:8:49:42
7362500,29450.000004164755,-3630012.855262479,-3089217.0182504742,302.183062467704,51.6,1:8:48:12
7375000,29500.00000417494,-3634219.546217555,-3096037.98917556,300.72226881246775,51.6,1:8:46:42
7387500,29550.000004185127,-3631043.4495107364,-3092226.917268306,301.07707692585586,51.6,1:8:45:13
7400000,29600.000004195314,-3630826.2468679734,-3093724.6299757054,300.1188255176199,51.6,1:8:43:45
7412500,29650.0000042055,-3628078.89848933,-3088052.0050436007,301.753396213234,51.6,1:8:42:16
7425000,29700.000004215686,-3628626.4724799655,-3089457.6955228336,301.2739023807536,51.6,1:8:40:46
7437500,29750.000004225873,-3626490.2055095416,-3086616.6050799424,301.6677399453808,51.6,1:8:39:17
7450000,29800.00000423606,-3627955.76205731,-3087635.894771671,301.9171025994665,51.6,1:8:37:48
7462500,29850.000004246245,-3630309.5536143295,-3089796.258077375,302.0251854236119,51.6,1:8:36:21
7475000,29900.00000425643,-3628840.3096414916,-3090414.584833581,300.85870359655894,51.6,1:8:34:52
7487500,29950.000004266618,-3628780.2258085553,-3091021.3025786984,300.48611170674724,51.6,1:8:33:24
7500000,30000.000004276804,-3627177.0207187776,-3088542.100201998,300.97559687796877,51.6,1:8:31:55
7512500,30050.00000428699,-3628930.321069466,-3089211.2819554983,301.5813749837813,51.6,1:8:30:27
7525000,30100.000004297177,-3629698.3218037914,-3092246.8899202715,300.31429330438715,51.6,1:8:28:59
7537500,30150.000004307363,-3629135.7239543963,-3089595.495805242,301.48145993035075,51.6,1:8:27:30
7550000,30200.00000431755,-3626807.7262504417,-3089379.550061962,300.30129860903975,51.6,1:8:26:01
7562500,30250.000004327736,-3630364.340547066,-3090431.627684563,301.7007704807183,51.7,1:8:24:32
7575000,30300.000004337922,-3627277.5843694657,-3088277.3434257014,301.1797287108212,51.7,1:8:23:04
7587500,30350.00000434811,-3627303.9749372136,-3089531.1535973772,300.4938776197751,51.7,1:8:21:36
7600000,30400.000004358295,-3629872.450231893,-3088158.705057936,302.6959663779402,51.7,1:8:20:08
7612500,30450.00000436848,-3628985.624335477,-3091670.822952339,300.2379476297238,51.7,1:8:18:40
7625000,30500.000004378668,-3627859.043733299,-3088612.897162187,301.31713456801236,51.7,1:8:17:11
7637500,30550.000004388854,-3627543.906546494,-3087854.273463135,301.5649436361707,51.7,1:8:15:43
7650000,30600.00000439904,-3629110.749135146,-3089018.9106727643,301.7896858491388,51.7,1:8:14:16
7662500,30650.000004409227,-3630540.2305077314,-3091543.3218072206,301.17786673740676,51.7,1:8:12:46
7675000,30700.000004419413,-3627374.1012719925,-3090128.281424041,300.19940248915526,51.7,1:8:11:17
7687500,30750.0000044296,-3627525.2471166644,-3090293.32981349,300.1916340980743,51.7,1:8:09:48
7700000,30800.000004439786,-3630640.15477111,-3090869.2000206704,301.6103841309407,51.7,1:8:08:20
7712500,30850.000004449972,-3630897.046376584,-3091038.4210047033,301.65937226114136,51.7,1:8:06:51
7725000,30900.00000446016,-3627367.6293800008,-3089261.6062876186,300.68006234811975,51.7,1:8:05:23
7737500,30950.000004470345,-3627887.3351796065,-3090767.5640177936,300.12896966517513,51.7,1:8:03:55
7750000,31000.00000448053,-3628729.2435776107,-3088713.0584490495,301.74741267590963,51.7,1:8:02:26
7762500,31050.000004490717,-3629269.30699718,-3090130.2302307785,301.2573066638923,51.7,1:8:00:57
7775000,31100.000004500904,-3627239.2497160304,-3089025.201178439,300.7404242400273,51.7,1:7:59:29
7787500,31150.00000451109,-3624533.9712778367,-3085419.7399080023,301.2434236834604,51.7,1:7:58:01
7800000,31200.000004521276,-3630505.2439971324,-3090989.474539007,301.467793031212,51.7,1:7:56:33
7812500,31250.000004531463,-3630211.2265722994,-3093388.8312817533,299.9628035349406,51.7,1:7:55:05
7825000,31300.00000454165,-3632478.0472069364,-3095793.8185253795,299.8855995215628,51.7,1:7:53:37
7837500,31350.000004551835,-3627520.2729786467,-3088461.5942220213,301.2123822855084,51.7,1:7:52:09
7850000,31400.00000456202,-3628682.0005799606,-3087984.6550697163,302.1280279027313,51.7,1:7:50:41
7862500,31450.000004572208,-3629805.6276163887,-3091033.2402106645,301.05240990544826,51.7,1:7:49:13
7875000,31500.000004582394,-3630536.1591336336,-3090936.2700044303,301.51479697998604,51.7,1:7:47:45
7887500,31550.00000459258,-3627146.642869152,-3087561.8078236473,301.50638513802414,51.7,1:7:46:17
7900000,31600.000004602767,-3628322.079209307,-3087053.7308307565,302.4470898917734,51.7,1:7:44:49
7912500,31650.000004612953,-3626667.1254304685,-3087137.9529799893,301.47528228500914,51.7,1:7:43:19
7925000,31700.00000462314,-3626170.52525655,-3087164.6618355876,301.18287040915203,51.7,1:7:41:50
7937500,31750.000004633326,-3628832.667878695,-3089803.291491112,301.19600886136396,51.7,1:7:40:22
7950000,31800.000004643513,-3629404.154564215,-3094185.856669017,299.0664744024881,51.7,1:7:38:54
7962500,31850.0000046537,-3625458.734298477,-3089155.205555411,299.67287400590425,51.7,1:7:37:25
7975000,31900.000004663885,-3629462.487330813,-3092094.716880392,300.26754540742866,51.7,1:7:35:57
7987500,31950.00000467407,-3629859.909048198,-3090368.960553794,301.4539237032373,51.7,1:7:34:29
8000000,32000.000004684258,-3630175.4997128714,-3093013.0710499007,300.1528056000234,51.7,1:7:33:00
8012500,32050.000004694444,-3628722.2914381605,-3090384.461948707,300.8095899113377,51.7,1:7:31:33
8025000,32100.00000470463,-3629451.8631582726,-3089363.7439074423,301.78760764760756,51.7,1:7:30:05
8037500,32150.000004714817,-3630879.6384087484,-3093408.841906001,300.32511376479226,51.7,1:7:28:37
8050000,32200.000004725003,-3630333.6094415244,-3093566.52859309,299.9318952209853,51.7,1:7:27:08
8062500,32250.00000473519,-3629938.390365936,-3092787.4080673307,300.1464096605553,51.7,1:7:25:41
8075000,32300.000004745376,-3631117.3897993434,-3093918.4605627684,300.1732011991731,51.7,1:7:24:12
8087500,32350.000004755562,-3627489.5346721,-3087289.142023284,301.8503431882961,51.7,1:7:22:44
8100000,32400.00000476575,-3627976.493758416,-3090759.0969746346,300.18352039837765,51.7,1:7:21:16
8112500,32450.000004775935,-3627222.945775695,-3089297.9157389593,300.578927997414,51.7,1:7:19:48
8125000,32500.00000478612,-3628982.30724217,-3090904.3965531886,300.664353846738,51.7,1:7:18:20
8137500,32550.000004796308,-3631881.3057987113,-3094273.0313945846,300.4019329457423,51.7,1:7:16:52
8150000,32600.000004806494,-3627016.717330605,-3087345.243878085,301.5547964928595,51.8,1:7:15:24
8162500,32650.00000481668,-3627962.322054742,-3089795.540133722,300.71401284783326,51.8,1:7:13:56
8175000,32700.000004826867,-3629919.6351608187,-3091306.6363182655,300.9633475997777,51.8,1:7:12:29
8187500,32750.000004837053,-3628763.7277347594,-3089966.000034006,301.06656942264823,51.8,1:7:11:01
8200000,32800.000004847236,-3628192.7011159975,-3091671.495583806,299.7945063008742,51.8,1:7:09:33
8212500,32850.00000485742,-3629801.852238871,-3089462.890952009,301.9277718453623,51.8,1:7:08:05
8225000,32900.00000486761,-3627455.867446786,-3088937.6351621016,300.9103944394231,51.8,1:7:06:37
8237500,32950.000004877795,-3628126.354678178,-3089114.751157469,301.1860778319936,51.8,1:7:05:11
8250000,33000.00000488798,-3629534.525077231,-3090190.4302889155,301.3718655592888,51.8,1:7:03:43
8262500,33050.00000489817,-3627442.929056404,-3088467.6646104166,301.16577247434293,51.8,1:7:02:16
8275000,33100.000004908354,-3629538.062113961,-3091504.7153599393,300.63945264480543,51.8,1:7:00:48
8287500,33150.00000491854,-3626900.971864281,-3087511.111484414,301.3974382165916,51.8,1:6:59:20
8300000,33200.00000492873,-3626519.9198199175,-3086024.0129161887,302.01546909430493,51.8,1:6:57:53
8312500,33250.00000493891,-3626195.8327643406,-3088362.243062239,300.52783344663925,51.8,1:6:56:26
8325000,33300.0000049491,-3627729.8013372496,-3089781.47155525,300.591947306914,51.8,1:6:54:59
8337500,33350.000004959285,-3631069.3040448762,-3091648.080629079,301.41496308937525,51.8,1:6:53:31
8350000,33400.00000496947,-3626765.654905647,-3086987.1913501113,301.6145798616845,51.8,1:6:52:04
8362500,33450.00000497966,-3625453.488250982,-3085817.165349154,301.535155252435,51.8,1:6:50:36
8375000,33500.000004989844,-3624520.385429444,-3085269.9976609913,301.319504442026,51.8,1:6:49:08
8387500,33550.00000500003,-3628711.6047140583,-3090123.308130741,300.94954460087314,51.8,1:6:47:41
8400000,33600.00000501022,-3628442.735690374,-3087022.597646497,302.5319061251464,51.8,1:6:46:14
8412500,33650.0000050204,-3628980.5665140487,-3092877.57239219,299.5608203216489,51.8,1:6:44:47
8425000,33700.00000503059,-3631365.0858252794,-3093252.3885004604,300.6837917407283,51.8,1:6:43:19
8437500,33750.000005040776,-3628846.77687327,-3089892.5198371094,301.15403406401936,51.8,1:6:41:52
8450000,33800.00000505096,-3630718.269348135,-3092638.159191313,300.66558285384633,51.8,1:6:40:24
8462500,33850.00000506115,-3627654.730144549,-3089269.991563987,300.83580152732793,51.8,1:6:38:57
8475000,33900.000005071335,-3630501.1216322463,-3091934.0814729375,300.93766704771116,51.8,1:6:37:29
8487500,33950.00000508152,-3628336.5869464427,-3091012.0601006676,300.2433819727464,51.8,1:6:36:02
8500000,34000.00000509171,-3630700.2265887074,-3090902.33794081,301.62543411295076,51.8,1:6:34:35
8512500,34050.000005101894,-3628881.5163442623,-3091117.937203545,300.48871331220715,51.8,1:6:33:08
8525000,34100.00000511208,-3626820.9500446636,-3087629.1727788933,301.28675437262615,51.8,1:6:31:41
8537500,34150.00000512227,-3627909.684925083,-3089052.7540652975,301.09965065345574,51.8,1:6:30:14
8550000,34200.00000513245,-3628098.903147105,-3091055.6186601473,300.0862308420117,51.8,1:6:28:47
8562500,34250.00000514264,-3627556.249076348,-3088210.4910544096,301.37279493225213,51.8,1:6:27:19
8575000,34300.000005152826,-3627343.0930211507,-3088188.6196491527,301.26590989844465,51.8,1:6:25:51
8587500,34350.00000516301,-3630740.7288426943,-3092096.3788843583,300.9808658118841,51.8,1:6:24:24
8600000,34400.0000051732,-3628746.714333903,-3089444.7392713395,301.3483301197625,51.8,1:6:22:57
8612500,34450.000005183385,-3630173.160501832,-3092428.776108914,300.4779877716683,51.8,1:6:21:30
8625000,34500.00000519357,-3626361.9287978895,-3086615.6290996512,301.5966075101358,51.8,1:6:20:02
8637500,34550.00000520376,-3631187.280037537,-3091739.5403642696,301.4297797047025,51.8,1:6:18:35
8650000,34600.000005213944,-3628476.3999249768,-3089224.6898070564,301.32024333752884,51.8,1:6:17:07
8662500,34650.00000522413,-3624468.171206087,-3087210.3598006885,300.2061030687549,51.8,1:6:15:40
8675000,34700.00000523432,-3626345.8263748065,-3087021.0139768943,301.36109104627457,51.8,1:6:14:13
8687500,34750.0000052445,-3631593.9754925,-3093570.3632189063,300.6340132628685,51.8,1:6:12:46
8700000,34800.00000525469,-3627667.892264113,-3088945.2977645015,301.0245868864295,51.8,1:6:11:19
8712500,34850.000005264876,-3629660.7414378133,-3091064.9029772207,300.9537588115158,51.8,1:6:09:52
8725000,34900.00000527506,-3631716.958973719,-3094740.603521638,300.0488325868052,51.8,1:6:08:24
8737500,34950.00000528525,-3628330.830341175,-3090051.40570118,300.77695475576803,51.8,1:6:06:57
8750000,35000.000005295435,-3626863.0354408287,-3089620.3716951874,300.1976389388534,51.8,1:6:05:31
8762500,35050.00000530562,-3627530.436285557,-3089656.2178453924,300.550535759882,51.8,1:6:04:04
8775000,35100.00000531581,-3632206.0527716205,-3093057.3609675504,301.26267930423006,51.8,1:6:02:37
8787500,35150.000005325994,-3626794.1268540677,-3089065.8145745858,300.46900708038686,51.8,1:6:01:10
8800000,35200.00000533618,-3631338.2521455586,-3091555.6711424678,301.616880587442,51.8,1:5:59:43
8812500,35250.00000534637,-3628477.151882246,-3089027.3102748552,301.43095421243163,51.8,1:5:58:16
8825000,35300.00000535655,-3627290.895441005,-3088380.3407924725,301.1296142729877,51.9,1:5:56:48
8837500,35350.00000536674,-3629757.290395627,-3089826.782625147,301.6995383309583,51.9,1:5:55:21
8850000,35400.000005376925,-3628156.1490038,-3090074.7897060174,300.66628084228313,51.9,1:5:53:54
8862500,35450.00000538711,-3627971.874176774,-3089190.763274222,301.0572843752693,51.9,1:5:52:27
8875000,35500.0000053973,-3627212.1259227116,-3089343.091435854,300.547639097632,51.9,1:5:51:00
8887500,35550.000005407484,-3628332.3974682577,-3089927.6369973,300.8469892542701,51.9,1:5:49:32
8900000,35600.00000541767,-3627707.2274562083,-3088033.2430494083,301.5561995507276,51.9,1:5:48:06
8912500,35650.00000542786,-3629895.4399649743,-3090230.817002017,301.5509686122183,51.9,1:5:46:40
8925000,35700.00000543804,-3629220.1586163174,-3088722.3772564167,302.01651649309696,51.9,1:5:45:13
8937500,35750.00000544823,-3629575.66987944,-3089578.5747838407,301.73674564737837,51.9,1:5:43:47
8950000,35800.000005458416,-3629294.065029038,-3090354.3220610293,301.14592396911337,51.9,1:5:42:20
8962500,35850.0000054686,-3629941.421875352,-3092699.9331292035,300.1969823787975,51.9,1:5:40:53
8975000,35900.00000547879,-3629669.99999002,-3090256.403682447,301.41070125382976,51.9,1:5:39:26
8987500,35950.000005488975,-3631464.544849165,-3091475.905352395,301.73202087219596,51.9,1:5:38:00
9000000,36000.00000549916,-3628986.879782956,-3090096.4457097277,301.11837140340964,51.9,1:5:36:33
9012500,36050.00000550935,-3628138.981962584,-3087626.8021973316,302.02456195855,51.9,1:5:35:06
9025000,36100.000005519534,-3630063.7096922193,-3090051.806352785,301.7450201202303,51.9,1:5:33:39
9037500,36150.00000552972,-3631468.9680285715,-3092436.411101914,301.1977860663129,51.9,1:5:32:12
9050000,36200.00000553991,-3626354.122873267,-3089114.279514173,300.1960629780457,51.9,1:5:30:45
9062500,36250.00000555009,-3631715.4797144737,-3093775.4113084725,300.58733105854736,51.9,1:5:29:19
9075000,36300.00000556028,-3627627.8221717626,-3086898.6743154824,302.145798250913,51.9,1:5:27:52
9087500,36350.000005570466,-3627597.506958928,-3090621.2772039687,300.04876235042684,51.9,1:5:26:26
9100000,36400.00000558065,-3628967.998874858,-3092693.390806442,299.6567138629514,51.9,1:5:24:59
9112500,36450.00000559084,-3630408.667172162,-3092638.5529686697,300.49236494032215,51.9,1:5:23:33
9125000,36500.000005601025,-3628551.302337555,-3090016.267531099,300.91978326444496,51.9,1:5:22:06
9137500,36550.00000561121,-3626738.990776915,-3087955.1494207904,301.0588100838012,51.9,1:5:20:40
9150000,36600.0000056214,-3629767.9067392144,-3090001.010862128,301.60811613496867,51.9,1:5:19:14
9162500,36650.000005631584,-3628912.4837715607,-3090204.0624639243,301.01666726452663,51.9,1:5:17:48
9175000,36700.00000564177,-3630265.19240289,-3092480.081716267,300.5007445965408,51.9,1:5:16:22
9187500,36750.00000565196,-3629195.5283586755,-3089066.859320157,301.81026584537346,51.9,1:5:14:56
9200000,36800.00000566214,-3628381.535255328,-3090965.64179404,300.2944353311368,51.9,1:5:13:30
9212500,36850.00000567233,-3629465.083191216,-3089123.7518521883,301.9290961706853,51.9,1:5:12:03
9225000,36900.000005682516,-3631356.343775533,-3093775.329397037,300.38670073154196,51.9,1:5:10:37
9237500,36950.0000056927,-3628964.9775527176,-3089876.295429849,301.22914740919293,51.9,1:5:09:11
9250000,37000.00000570289,-3631713.9904978573,-3091417.9807540197,301.90377160734147,51.9,1:5:07:45
9262500,37050.000005713075,-3627152.5987960305,-3087552.7102072183,301.5147966780292,51.9,1:5:06:19
9275000,37100.00000572326,-3629413.265047226,-3091127.1203726055,300.7807097414836,51.9,1:5:04:52
9287500,37150.00000573345,-3626331.5790901724,-3088704.459661857,300.4124630695559,51.9,1:5:03:26
9300000,37200.000005743634,-3627779.932738684,-3088466.9917772007,301.35445758726786,51.9,1:5:02:00
9312500,37250.00000575382,-3634932.1822045036,-3097246.5468492797,300.4451602924008,51.9,1:5:00:34
9325000,37300.000005764006,-3628817.8353445586,-3091092.9146970855,300.4671119220349,51.9,1:4:59:08
9337500,37350.00000577419,-3626396.932331592,-3086838.3643665984,301.49170775649145,51.9,1:4:57:42
9350000,37400.00000578438,-3628236.7196810804,-3088902.852708898,301.3661505138133,51.9,1:4:56:16
9362500,37450.000005794565,-3628191.7792534996,-3091144.332353416,300.088556693395,51.9,1:4:54:49
9375000,37500.00000580475,-3628116.2717835493,-3090715.2379697287,300.2861321352326,51.9,1:4:53:24
9387500,37550.00000581494,-3630885.947979266,-3092247.350023839,300.9776517378556,51.9,1:4:51:58
9400000,37600.000005825124,-3629313.580583142,-3088697.507841319,302.08261473129795,51.9,1:4:50:31
9412500,37650.00000583531,-3626598.926967904,-3088830.0438795313,300.4916770242701,51.9,1:4:49:04
9425000,37700.0000058455,-3627826.9498357456,-3089276.7985831853,300.9282299529449,51.9,1:4:47:38
9437500,37750.00000585568,-3627711.148700407,-3090460.213023362,300.20226108531415,51.9,1:4:46:12
9450000,37800.00000586587,-3628917.782802742,-3088740.321107229,301.837529950434,51.9,1:4:44:45
9462500,37850.000005876056,-3629381.147830799,-3090178.1948271524,301.29299909284373,51.9,1:4:43:18
9475000,37900.00000588624,-3627638.2915613707,-3088982.371679007,300.9873307933724,51.9,1:4:41:53
9487500,37950.00000589643,-3628296.0066788755,-3089183.639473956,301.2423820351628,51.9,1:4:40:27
9500000,38000.000005906615,-3630656.78877599,-3092662.7429420343,300.6174922827416,51.9,1:4:39:00
9512500,38050.0000059168,-3630651.405170137,-3091882.9991155285,301.0501852269458,51.9,1:4:37:34
9525000,38100.00000592699,-3629287.2638741564,-3090424.076357242,301.1031467155233,51.9,1:4:36:09
9537500,38150.000005937174,-3627312.1368692536,-3088694.992151857,300.9656642099863,51.9,1:4:34:43
9550000,38200.00000594736,-3630026.0429777093,-3090395.5333093414,301.53190696432017,51.9,1:4:33:17
9562500,38250.00000595755,-3629679.027331032,-3092781.631400318,300.0047119994328,51.9,1:4:31:51
9575000,38300.00000596773,-3628440.8702963404,-3091018.069217111,300.2982951336741,51.9,1:4:30:26
9587500,38350.00000597792,-3628536.232857067,-3089640.93783178,301.1210875807155,51.9,1:4:29:00
9600000,38400.000005988106,-3632637.316682374,-3095642.0070462027,300.05942370641645,51.9,1:4:27:34
9612500,38450.00000599829,-3628872.4683787003,-3088459.7768356176,301.96897045137297,51.9,1:4:26:08
9625000,38500.00000600848,-3630396.624764489,-3093005.6351794256,300.28051967374853,52,1:4:24:42
9637500,38550.000006018665,-3628479.3601765838,-3091800.7311912794,299.88247055264964,52,1:4:23:16
9650000,38600.00000602885,-3633769.4674385134,-3095538.828296106,300.7496946512036,52,1:4:21:50
9662500,38650.00000603904,-3627876.1985423137,-3089787.03812616,300.67063991030614,52,1:4:20:24
9675000,38700.000006049224,-3629769.1384706385,-3092411.7573965346,300.2617400862005,52,1:4:18:58
9687500,38750.00000605941,-3631145.5706534144,-3091748.4023934864,301.40152167549746,52,1:4:17:31
9700000,38800.0000060696,-3629923.6928339396,-3089757.594422647,301.8311804340541,52,1:4:16:05
9712500,38850.00000607978,-3630722.7839696947,-3092538.1848761654,300.7239686340747,52,1:4:14:39
9725000,38900.00000608997,-3630756.460406922,-3094256.3538644523,299.78271671801747,52,1:4:13:13
9737500,38950.000006100156,-3631696.0015713945,-3090716.3742604707,302.2857598473401,52,1:4:11:47
9750000,39000.00000611034,-3627886.2788249142,-3088658.293290686,301.3069866390389,52,1:4:10:22
9762500,39050.00000612053,-3627530.35791154,-3087518.5288938056,301.74497859114047,52,1:4:08:56
9775000,39100.000006130715,-3627590.0933172125,-3089573.04357381,300.6303462866551,52,1:4:07:31
9787500,39150.0000061409,-3625517.760726232,-3087545.7663764143,300.6051704700485,52,1:4:06:06
9800000,39200.00000615109,-3630945.588576909,-3091745.885735603,301.29118298417126,52,1:4:04:41
9812500,39250.00000616127,-3629939.3777911533,-3093063.8933925163,299.99246838841873,52,1:4:03:15
9825000,39300.00000617146,-3629986.4308417067,-3092261.3679365427,300.46719141204153,52,1:4:01:50
9837500,39350.000006181646,-3629255.675099872,-3090408.6844500843,301.09409631502876,52,1:4:00:24
9850000,39400.00000619183,-3628917.1971092448,-3090347.76883653,300.93900146519934,52,1:3:58:59
9862500,39450.00000620202,-3629939.6142493673,-3092578.9974286566,300.2635481397249,52,1:3:57:33
9875000,39500.000006212205,-3628985.448326109,-3090254.8085081996,301.0290824072074,52,1:3:56:08
9887500,39550.00000622239,-3628816.3133742046,-3090861.183082658,300.59574725998453,52,1:3:54:42
9900000,39600.00000623258,-3626920.0554765332,-3087490.577720563,301.41957540630074,52,1:3:53:17
9912500,39650.000006242764,-3630227.4213296883,-3091842.574167898,300.8358621997773,52,1:3:51:51
9925000,39700.00000625295,-3629643.474267142,-3092496.0901773693,300.1443990722888,52,1:3:50:26
9937500,39750.00000626314,-3630258.8553352244,-3091112.466756007,301.26139232032244,52,1:3:49:00
9950000,39800.00000627332,-3628895.1506610736,-3087179.592116627,302.69697964359506,52,1:3:47:35
9962500,39850.00000628351,-3628736.248347331,-3090049.1716283066,301.0047404472095,52,1:3:46:10
9975000,39900.000006293696,-3628711.5817944016,-3088854.0251118485,301.658775104522,52,1:3:44:44
9987500,39950.00000630388,-3625799.892616952,-3087958.8668614198,300.5319885255888,52,1:3:43:18
10000000,40000.00000631407,-3628483.9088229034,-3090864.8468952468,300.4079607415826,52,1:3:41:53
10012500,40050.000006324255,-3626300.4577712845,-3088878.2763669016,300.2979488750123,52,1:3:40:28
10025000,40100.00000633444,-3627337.7814930733,-3089384.1116970815,300.5949311719356,52,1:3:39:03
10037500,40150.00000634463,-3630964.9921593405,-3093571.671375702,300.281822288666,52,1:3:37:38
10050000,40200.000006354814,-3630190.477335004,-3094883.2156326585,299.11618513221794,52,1:3:36:12
10062500,40250.000006365,-3627863.6268604975,-3087458.2886172757,301.9648616130291,52,1:3:34:47
10075000,40300.00000637519,-3628587.1249640044,-3090199.307067537,300.83752217132457,52,1:3:33:22
10087500,40350.00000638537,-3625082.822309144,-3088214.8148535797,299.9882904613691,52,1:3:31:56
10100000,40400.00000639556,-3631033.5463953204,-3092228.6960540153,301.07054937439216,52,1:3:30:30
10112500,40450.000006405746,-3629151.8972948976,-3091773.830504079,300.27329874253326,52,1:3:29:05
10125000,40500.00000641593,-3625708.3258006945,-3086175.303024098,301.4774337500501,52,1:3:27:40
10137500,40550.00000642612,-3627448.3266544268,-3089061.9425751623,300.8367209904655,52,1:3:26:15
10150000,40600.000006436305,-3627053.0086388215,-3087585.9392398214,301.44058066750347,52,1:3:24:49
10162500,40650.00000644649,-3630091.595282629,-3090519.6276529287,301.49919515088345,52,1:3:23:23
10175000,40700.00000645668,-3630970.145083599,-3092487.2667246275,300.89063955817045,52,1:3:21:58
10187500,40750.000006466864,-3631054.5012553837,-3092486.943239784,300.9379564127343,52,1:3:20:33
10200000,40800.00000647705,-3630957.7908743825,-3092124.6901367246,301.08633498275225,52,1:3:19:08
10212500,40850.00000648724,-3626308.0035790727,-3085835.9783451464,302.0021246200618,52,1:3:17:43
10225000,40900.00000649742,-3625940.159002794,-3088947.5613560732,300.0579083151699,52,1:3:16:18
10237500,40950.00000650761,-3628714.642919559,-3089606.278742973,301.2401452439781,52,1:3:14:52
10250000,41000.000006517796,-3630291.5586198717,-3090325.465365111,301.71942260129407,52,1:3:13:27
10262500,41050.00000652798,-3626130.8653750997,-3089504.651104574,299.85318253313073,52,1:3:12:02
10275000,41100.00000653817,-3631912.6846672967,-3094598.384701958,300.2376674501145,52,1:3:10:37
10287500,41150.000006548355,-3626833.9930310063,-3090063.421076938,299.9338459626878,52,1:3:09:12
10300000,41200.00000655854,-3628385.1793663893,-3089361.2814582232,301.1929476253587,52,1:3:07:47
10312500,41250.00000656873,-3628211.659876244,-3088929.6118401196,301.3371954004041,52,1:3:06:22
10325000,41300.00000657891,-3627771.768540539,-3088221.0132963564,301.48734220531816,52,1:3:04:57
10337500,41350.0000065891,-3630805.5713872407,-3092024.6794638867,301.05716201522097,52,1:3:03:32
10350000,41400.000006599286,-3629809.9878121354,-3093598.2626096914,299.62157650479236,52,1:3:02:07
10362500,41450.00000660947,-3626604.3700325824,-3086882.67244237,301.58286047319916,52,1:3:00:42
10375000,41500.00000661966,-3630346.9347391147,-3092860.654733195,300.33376555551666,52,1:2:59:18
10387500,41550.000006629845,-3627459.805918023,-3091256.328032475,299.6169681122971,52,1:2:57:52
10400000,41600.00000664003,-3630455.1276560724,-3090581.607202587,301.667695256747,52,1:2:56:27
10412500,41650.00000665022,-3629183.5379551332,-3090901.498323468,300.7784159471034,52,1:2:55:02
10425000,41700.000006660404,-3630038.653534204,-3091522.0137916375,300.90950456708816,52,1:2:53:37
10437500,41750.00000667059,-3627683.8755010087,-3088457.640188084,301.30600865955506,52,1:2:52:12
10450000,41800.00000668078,-3628739.895933915,-3089765.7828618237,301.16512911567355,52,1:2:50:47
10462500,41850.00000669096,-3628867.927497845,-3089726.694019989,301.2585117798114,52,1:2:49:22
10475000,41900.00000670115,-3627160.4924213495,-3086904.7806988447,301.8812540902597,52,1:2:47:56
10487500,41950.000006711336,-3627986.5797227677,-3090636.1537397187,300.25785375688565,52,1:2:46:31
10500000,42000.00000672152,-3628277.1178242806,-3090147.5635090945,300.6932110014263,52,1:2:45:06
10512500,42050.00000673171,-3628260.531395048,-3090860.967784822,300.2853106225761,52,1:2:43:41
10525000,42100.000006741895,-3629238.567332156,-3090422.502875694,301.076815538865,52,1:2:42:16
10537500,42150.00000675208,-3628398.3784381375,-3090096.283553655,300.789622316125,52,1:2:40:51
10550000,42200.00000676227,-3631091.0825740416,-3093157.5363626527,300.58368662083717,52,1:2:39:27
10562500,42250.000006772454,-3629190.6730224714,-3091471.9300182206,300.4636600109439,52,1:2:38:02
10575000,42300.00000678264,-3626518.699312357,-3089411.370314417,300.12201729807964,52,1:2:36:37
10587500,42350.00000679283,-3631996.5890078396,-3092781.1388978115,301.2999821604262,52,1:2:35:12
10600000,42400.00000680301,-3625154.9292915016,-3087279.19102976,300.5513849978145,52,1:2:33:47
10612500,42450.0000068132,-3633116.4418232087,-3092846.084361949,301.88943775937497,52,1:2:32:22
10625000,42500.000006823386,-3626836.3569108825,-3087562.716114201,301.3324976472265,52,1:2:30:57
10637500,42550.00000683357,-3631202.990844028,-3089968.379481015,302.4282384991112,52,1:2:29:33
10650000,42600.00000684376,-3632027.6745033655,-3092439.8345444696,301.5080642077743,52,1:2:28:08
10662500,42650.000006853945,-3627282.632508917,-3089068.498358189,300.7404720784865,52,1:2:26:43
10675000,42700.00000686413,-3629168.952241443,-3091427.984060807,300.4760788784802,52,1:2:25:18
10687500,42750.00000687432,-3627712.5342898015,-3087868.182350807,301.6513966271475,52,1:2:23:53
10700000,42800.000006884504,-3629062.1646514554,-3090362.3980901195,301.0118312107647,52.1,1:2:22:28
10712500,42850.00000689469,-3630579.6545184758,-3091865.619797683,301.0198038980995,52.1,1:2:21:03
10725000,42900.00000690488,-3629051.2183160186,-3091103.590000105,300.59155534537246,52.1,1:2:19:38
10737500,42950.00000691506,-3627816.2241371535,-3089422.0828436054,300.84105552599243,52.1,1:2:18:13
10750000,43000.00000692525,-3626063.736410588,-3086880.6132272934,301.281918689793,52.1,1:2:16:49
10762500,43050.000006935436,-3625480.99669504,-3086292.72344468,301.2847964172663,52.1,1:2:15:24
10775000,43100.00000694562,-3627818.984321449,-3090920.410135151,300.00537037891064,52.1,1:2:13:59
10787500,43150.00000695581,-3627861.461346034,-3088854.832052971,301.183298359149,52.1,1:2:12:33
10800000,43200.000006965995,-3629455.0867828205,-3090266.2431484098,301.2851151334757,52.1,1:2:11:08
10812500,43250.00000697618,-3629907.088943215,-3094090.235368168,299.4009322071073,52.1,1:2:09:43
10825000,43300.00000698637,-3628088.94130861,-3088854.3278656737,301.3106901471174,52.1,1:2:08:18
10837500,43350.00000699655,-3630410.986689536,-3092639.6425899426,300.4930521752173,52.1,1:2:06:53
10850000,43400.00000700674,-3630671.4773623496,-3091801.9263493456,301.10670247650506,52.1,1:2:05:27
10862500,43450.000007016926,-3627585.123632798,-3086155.927748413,302.53696741777645,52.1,1:2:04:02
10875000,43500.00000702711,-3629497.171803696,-3091150.516053614,300.8145218029763,52.1,1:2:02:36
10887500,43550.0000070373,-3630068.5084819067,-3092475.702059957,300.39328982775845,52.1,1:2:01:10
10900000,43600.000007047485,-3629550.9628689904,-3090324.96251904,301.30587736817625,52.1,1:1:59:44
10912500,43650.00000705767,-3629048.508238105,-3091133.2673411234,300.5734580732255,52.1,1:1:58:18
10925000,43700.00000706786,-3624117.475622095,-3085657.1292293128,300.87804926423615,52.1,1:1:56:52
10937500,43750.000007078044,-3625937.6509195175,-3086979.9162111813,301.1559772994445,52.1,1:1:55:27
10950000,43800.00000708823,-3627356.941267131,-3089617.7076445296,300.4751096512356,52.1,1:1:54:00
10962500,43850.00000709842,-3630348.997850187,-3091333.927423901,301.1880150513154,52.1,1:1:52:34
10975000,43900.0000071086,-3629364.2511125784,-3089662.7039228706,301.5716009380519,52.1,1:1:51:07
10987500,43950.00000711879,-3627928.0125631355,-3089246.74088663,301.00149673598594,52.1,1:1:49:41
11000000,44000.000007128976,-3629550.8950187005,-3090646.2475805907,301.1263134729189,52.1,1:1:48:14
11012500,44050.00000713916,-3627574.0983481985,-3088488.9319039257,301.22718293673967,52.1,1:1:46:47
11025000,44100.00000714935,-3628570.070835229,-3088131.294829729,301.9835457905241,52.1,1:1:45:21
11037500,44150.000007159535,-3631035.2019757945,-3091906.415110056,301.25155692714884,52.1,1:1:43:54
11050000,44200.00000716972,-3629491.704800239,-3091233.6125721773,300.76503474247164,52.1,1:1:42:28
11062500,44250.00000717991,-3628198.143722335,-3087408.111026841,302.17981916215535,52.1,1:1:41:01
11075000,44300.000007190094,-3628006.5242283624,-3088095.0828871154,301.6888844915951,52.1,1:1:39:35
11087500,44350.00000720028,-3625569.2839226946,-3088027.5663343975,300.3647426771437,52.1,1:1:38:08
11100000,44400.00000721047,-3630366.4464326557,-3091592.4392054277,301.0533150208155,52.1,1:1:36:42
11112500,44450.00000722065,-3629032.978367092,-3090869.1778593264,300.71234690936654,52.1,1:1:35:15
11125000,44500.00000723084,-3625666.5660291146,-3086688.301838326,301.16744865601555,52.1,1:1:33:49
11137500,44550.000007241026,-3630735.686205648,-3091432.8923294917,301.34878765212875,52.1,1:1:32:23
11150000,44600.00000725121,-3631064.4332143087,-3092383.6062802793,301.00124822511685,52.1,1:1:30:56
11162500,44650.0000072614,-3626547.000436932,-3086746.053466369,301.62714302645514,52.1,1:1:29:30
11175000,44700.000007271585,-3629309.814982379,-3089399.665154947,301.68816282627694,52.1,1:1:28:04
11187500,44750.00000728177,-3629239.3042119145,-3091452.913673036,300.501459745674,52.1,1:1:26:38
11200000,44800.00000729196,-3630158.882285582,-3090807.661710037,301.37584726931703,52.1,1:1:25:11
11212500,44850.000007302144,-3626979.914004091,-3088631.6388740735,300.8154266716066,52.1,1:1:23:45
11225000,44900.00000731233,-3628492.6888716966,-3090579.8983463766,300.57208886739534,52.1,1:1:22:19
11237500,44950.00000732252,-3627187.5529838167,-3085673.355975895,302.5844638999337,52.1,1:1:20:53
11250000,45000.0000073327,-3629680.396492522,-3093427.4669174757,299.6446004680848,52.1,1:1:19:27
11262500,45050.00000734289,-3628058.2602145355,-3088729.9250848945,301.3630594598407,52.1,1:1:18:00
11275000,45100.000007353075,-3630307.3826218992,-3092081.2595400624,300.7471711905552,52.1,1:1:16:34
11287500,45150.00000736326,-3629697.2652955092,-3091445.3679409777,300.76157320351956,52.1,1:1:15:08
11300000,45200.00000737345,-3625237.147290051,-3089148.572526145,299.5527631484115,52.1,1:1:13:42
11312500,45250.000007383635,-3628287.8949708845,-3090213.0033249725,300.66266688168014,52.1,1:1:12:15
11325000,45300.00000739382,-3626506.417394677,-3089880.4780777902,299.85302889597796,52.1,1:1:10:49
11337500,45350.00000740401,-3627592.737880949,-3089348.158025914,300.75748436951596,52.1,1:1:09:23
11350000,45400.00000741419,-3628638.330659641,-3090301.9939350532,300.80875579201245,52.1,1:1:07:57
11362500,45450.00000742438,-3628467.529770611,-3090207.160514919,300.76630708803236,52.1,1:1:06:30
11375000,45500.000007434566,-3630896.045767285,-3090765.659471892,301.8112254051668,52.1,1:1:05:03
11387500,45550.00000744475,-3628407.1557571795,-3090616.0069439528,300.50411854926716,52.1,1:1:03:37
11400000,45600.00000745494,-3627583.5461857095,-3089090.7317716307,300.8961915749496,52.1,1:1:02:11
11412500,45650.000007465125,-3629460.5283575095,-3090581.949626885,301.11174693722575,52.1,1:1:00:45
11425000,45700.00000747531,-3626946.3457206264,-3090271.103444312,299.8805781451566,52.2,1:0:59:19
11437500,45750.0000074855,-3630237.4735154286,-3092498.611056439,300.47490225437855,52.2,1:0:57:53
11450000,45800.000007495684,-3628761.4552238397,-3090504.20267078,300.7645655532763,52.2,1:0:56:27
11462500,45850.00000750587,-3629561.851915844,-3092896.1190981586,299.8752644997208,52.2,1:0:55:01
11475000,45900.00000751606,-3627570.72257464,-3088965.675571372,300.9589043127127,52.2,1:0:53:35
11487500,45950.00000752624,-3626318.446181288,-3086287.9101840896,301.7554315790465,52.2,1:0:52:09
11500000,46000.00000753643,-3629628.8867153507,-3090662.200884376,301.1609789608226,52.2,1:0:50:43
11512500,46050.000007546616,-3630619.508487968,-3091332.8297683606,301.3397829094425,52.2,1:0:49:17
11525000,46100.0000075568,-3629209.6635870617,-3092050.2134164306,300.1511412936897,52.2,1:0:47:50
11537500,46150.00000756699,-3623789.065936923,-3084283.968597357,301.4618297207562,52.2,1:0:46:24
11550000,46200.000007577175,-3632529.108566137,-3093452.327039119,301.22249765663724,52.2,1:0:44:58
11562500,46250.00000758736,-3629742.6334247254,-3089567.482482884,301.83623875961246,52.2,1:0:43:33
11575000,46300.00000759755,-3632075.244392898,-3093326.5396972634,301.0391766048706,52.2,1:0:42:07
11587500,46350.000007607734,-3629625.8701980636,-3092045.30161989,300.3864516295751,52.2,1:0:40:41
11600000,46400.00000761792,-3627670.8211562224,-3088518.163170388,301.2648955064821,52.2,1:0:39:16
11612500,46450.00000762811,-3627149.2729147747,-3090244.395863956,300.00889226050197,52.2,1:0:37:51
11625000,46500.00000763829,-3624918.334700767,-3085832.2797746444,301.22767939796944,52.2,1:0:36:26
11637500,46550.00000764848,-3629044.1667757947,-3089589.424830552,301.4336923975245,52.2,1:0:35:01
11650000,46600.000007658666,-3628570.815023441,-3091490.8324501617,300.10673680628184,52.2,1:0:33:36
11662500,46650.00000766885,-3625337.619274605,-3086769.7512609363,300.93812963183,52.2,1:0:32:11
11675000,46700.00000767904,-3630020.279115172,-3090744.6376651386,301.3336155618175,52.2,1:0:30:46
11687500,46750.000007689225,-3631229.343755182,-3091044.028695582,301.8419182120443,52.2,1:0:29:21
11700000,46800.00000769941,-3628441.290033741,-3090010.4140955443,300.86158191813337,52.2,1:0:27:57
11712500,46850.0000077096,-3631896.4977954645,-3091801.8388618715,301.7912618572548,52.2,1:0:26:32
11725000,46900.000007719784,-3630626.844490245,-3091701.757317079,301.1377346809098,52.2,1:0:25:07
11737500,46950.00000772997,-3629900.1709310133,-3090287.865913568,301.52173466492263,52.2,1:0:23:42
11750000,47000.00000774016,-3627736.6563117895,-3089869.907125489,300.54636212936833,52.2,1:0:22:17
11762500,47050.00000775034,-3627173.8459588755,-3091683.636480723,299.21841173120663,52.2,1:0:20:53
11775000,47100.00000776053,-3627432.512775868,-3087970.649529461,301.43767160085326,52.2,1:0:19:28
11787500,47150.000007770715,-3629445.993096525,-3089149.106250726,301.90426170977673,52.2,1:0:18:03
11800000,47200.0000077809,-3628038.095649224,-3086288.954855661,302.7157445566878,52.2,1:0:16:38
11812500,47250.00000779109,-3625596.264247693,-3088421.1959496113,300.1598683090625,52.2,1:0:15:13
11825000,47300.000007801274,-3629915.2433616184,-3090004.623605232,301.6884254107141,52.2,1:0:13:48
11837500,47350.00000781146,-3628395.9537111986,-3090151.1477134456,300.75761073235805,52.2,1:0:12:23
11850000,47400.00000782165,-3628118.4925891124,-3090493.0721499724,300.411513717292,52.2,1:0:10:58
11862500,47450.00000783183,-3632789.7756847385,-3095129.185724492,300.43116555790573,52.2,1:0:09:33
11875000,47500.00000784202,-3629558.669172656,-3091484.853610879,300.66206559302884,52.2,1:0:08:08
11887500,47550.000007852206,-3629041.24505092,-3090049.284929177,301.1751015965078,52.2,1:0:06:44
11900000,47600.00000786239,-3626278.587445438,-3086156.5815731697,301.80654263627065,52.2,1:0:05:19
11912500,47650.00000787258,-3630131.874650413,-3092675.0222937246,300.3173221279653,52.2,1:0:03:54
11925000,47700.000007882765,-3630950.631129345,-3090942.011719212,301.7431851434324,52.2,1:0:02:28
11937500,47750.00000789295,-3627078.6782585755,-3089043.307235241,300.6405837553988,52.2,1:0:01:03
11950000,47800.00000790314,-3630991.9111301005,-3093098.2178535457,300.5614178068554,52.2,23:59:38
11962500,47850.000007913324,-3626819.085631931,-3088024.8804093227,301.06460115077846,52.2,23:58:13
11975000,47900.00000792351,-3628141.2642571647,-3088228.9650025303,301.68936387194,52.2,23:56:48
11987500,47950.0000079337,-3629132.562945185,-3090085.5942772953,301.2058389835193,52.2,23:55:24
12000000,48000.00000794388,-3629313.8906217664,-3090047.743132499,301.32831057619654,52.2,23:53:58
12012500,48050.00000795407,-3630654.5421381798,-3092602.8688113145,300.64969307109453,52.2,23:52:34
12025000,48100.000007964256,-3627052.13411087,-3087646.6559151607,301.4061650578452,52.2,23:51:09
12037500,48150.00000797444,-3626092.663761724,-3086297.9303043056,301.62367107215675,52.2,23:49:44
12050000,48200.00000798463,-3628474.947218854,-3090202.276843788,300.7731806430227,52.2,23:48:19
12062500,48250.000007994815,-3625230.8667909354,-3086759.9123796984,300.88397675717147,52.2,23:46:54
12075000,48300.000008005,-3628635.9278027993,-3089702.415867638,301.1424422252477,52.2,23:45:29
12087500,48350.00000801519,-3628369.1107586212,-3088665.852937329,301.5725567957999,52.2,23:44:04
12100000,48400.000008025374,-3630079.598752072,-3090493.6403334728,301.507012850552,52.2,23:42:39
12112500,48450.00000803556,-3629991.843976369,-3092949.922334667,300.08546931848497,52.2,23:41:14
12125000,48500.00000804575,-3629845.439816151,-3090967.9565476393,301.11113482064974,52.2,23:39:49
12137500,48550.00000805593,-3630530.9838749915,-3090713.5359108783,301.636363365118,52.2,23:38:24
12150000,48600.00000806612,-3629164.8458165172,-3091568.9593783803,300.39501086305523,52.2,23:36:59
12162500,48650.000008076306,-3626292.37630572,-3087607.0586701296,301.00375751579065,52.2,23:35:34
12175000,48700.00000808649,-3627908.715324646,-3088652.9278843226,301.3225216423641,52.2,23:34:09
12187500,48750.00000809668,-3628027.5016300827,-3088391.9358614385,301.53473218552404,52.2,23:32:44
12200000,48800.000008106865,-3631371.3875433523,-3094180.1196236173,300.1689202487168,52.2,23:31:19
12212500,48850.00000811705,-3630253.2188952044,-3089205.59144299,302.32375660977266,52.2,23:29:55
12225000,48900.00000812724,-3629160.979759261,-3091301.8851426262,300.54208494906254,52.2,23:28:31
12237500,48950.000008137424,-3626842.199467864,-3088665.981478652,300.7192854845456,52.2,23:27:06
12250000,49000.00000814761,-3627242.280054122,-3088026.6483002603,301.3000836584154,52.2,23:25:41
12262500,49050.0000081578,-3628402.7750169355,-3090247.4700244623,300.7075998298725,52.2,23:24:16
12275000,49100.00000816798,-3629933.4674798287,-3091084.4092717962,301.0952516143847,52.2,23:22:52
12287500,49150.00000817817,-3629197.622096546,-3090194.5795858884,301.18129415568166,52.2,23:21:26
12300000,49200.000008188355,-3631350.8758974317,-3092758.436429056,300.95185954046565,52.3,23:20:02
12312500,49250.00000819854,-3625675.381995598,-3084474.247957745,302.40953221487615,52.3,23:18:36
12325000,49300.00000820873,-3628800.061431242,-3088671.7283766824,301.8100781060187,52.3,23:17:12
12337500,49350.000008218914,-3628207.435134789,-3089458.6112093357,301.03924322748327,52.3,23:15:47
12350000,49400.0000082291,-3628772.4765058123,-3092440.427835024,299.6888102215899,52.3,23:14:21
12362500,49450.00000823929,-3629812.8853761833,-3091208.40506023,300.9585876621462,52.3,23:12:56
12375000,49500.00000824947,-3628957.4345276095,-3089287.4882263206,301.55394315930135,52.3,23:11:31
12387500,49550.00000825966,-3629218.311321186,-3090866.2051267438,300.81756737369994,52.3,23:10:07
12400000,49600.000008269846,-3629638.9057449456,-3090359.7902386985,301.3355567767344,52.3,23:08:42
12412500,49650.00000828003,-3625945.5659885667,-3087310.5944885267,300.97562536612764,52.3,23:07:18
12425000,49700.00000829022,-3626416.5450066775,-3088276.596615769,300.6990189485635,52.3,23:05:54
12437500,49750.000008300405,-3629349.532789277,-3089799.9938978357,301.48666253811047,52.3,23:04:28
12450000,49800.00000831059,-3628662.1328125596,-3090681.3193407054,300.61009837282245,52.3,23:03:04
12462500,49850.00000832078,-3632149.4608570617,-3095512.95666587,299.85893228105147,52.3,23:01:39
12475000,49900.000008330964,-3628893.823435582,-3089314.0226849653,301.50357210112094,52.3,23:00:14
12487500,49950.00000834115,-3631794.298545953,-3094940.9244732927,299.98011369639147,52.3,22:58:49
12500000,50000.00000835134,-3631882.957220217,-3092329.418050262,301.4888977927655,52.3,22:57:24
12512500,50050.00000836152,-3632013.1798651274,-3093764.5596120274,300.7597420419631,52.3,22:55:59
12525000,50100.00000837171,-3626900.3063165937,-3089781.8385425275,300.12824136500353,52.3,22:54:33
12537500,50150.000008381896,-3629730.8261927254,-3089953.058511493,301.6141910246899,52.3,22:53:08
12550000,50200.00000839208,-3629668.41261841,-3092544.6415662253,300.1312047029462,52.3,22:51:43
12562500,50250.00000840227,-3629014.973792726,-3090602.865461062,300.8510950533517,52.3,22:50:17
12575000,50300.000008412455,-3629761.6714455876,-3088967.7294867346,302.1820035598396,52.3,22:48:54
12587500,50350.00000842264,-3630882.8851465434,-3092116.191214787,301.04922853591495,52.3,22:47:29
12600000,50400.00000843283,-3627482.5813545063,-3087917.2524960646,301.49548557308606,52.3,22:46:04
12612500,50450.000008443014,-3628057.4601314496,-3092802.956369958,299.0867053266322,52.3,22:44:39
12625000,50500.0000084532,-3628118.0019277763,-3090411.5059096515,300.456816704246,52.3,22:43:13
12637500,50550.00000846339,-3629527.9958733264,-3090923.277455381,300.9587207075288,52.3,22:41:48
12650000,50600.00000847357,-3629136.02044281,-3090019.570471066,301.24466338220356,52.3,22:40:24
12662500,50650.00000848376,-3630870.0869431887,-3092205.513120109,300.99216639699375,52.3,22:39:02
12675000,50700.000008493946,-3629312.6399256084,-3092130.4018451483,300.1638746024693,52.3,22:37:37
12687500,50750.00000850413,-3627917.859172553,-3088724.515681701,301.28762953966583,52.3,22:36:13
12700000,50800.00000851432,-3627435.879371591,-3089983.6180247795,300.3147567875363,52.3,22:34:48
12712500,50850.000008524505,-3632072.2526433505,-3092871.707785178,301.2916534819411,52.3,22:33:24
12725000,50900.00000853469,-3634736.065741254,-3097758.6990298526,300.0493976529866,52.3,22:31:59
12737500,50950.00000854488,-3628324.862117406,-3090361.9818362566,300.60007775854245,52.3,22:30:34
12750000,51000.000008555064,-3631423.7091932874,-3092789.38957113,300.9752611132224,52.3,22:29:09
12762500,51050.00000856525,-3627090.3785459995,-3087330.787580681,301.6040343346701,52.3,22:27:44
12775000,51100.00000857544,-3628871.758268779,-3090575.6048741657,300.7863023615667,52.3,22:26:19
12787500,51150.00000858562,-3630300.570522759,-3090574.720042008,301.5851810036013,52.3,22:24:54
12800000,51200.00000859581,-3628621.4058478307,-3090170.5635466077,300.87273861778357,52.3,22:23:29
12812500,51250.000008605995,-3627347.485229956,-3086365.114446096,302.2872928307636,52.3,22:22:04
12825000,51300.00000861618,-3627685.256920373,-3090296.6956536453,300.2791627907602,52.3,22:20:39
12837500,51350.00000862637,-3627357.8370350655,-3087274.6495247306,301.78485191551016,52.3,22:19:14
12850000,51400.000008636554,-3626772.448898237,-3086916.9817056647,301.65760755026577,52.3,22:17:49
12862500,51450.00000864674,-3626975.4228192046,-3088416.6623256328,300.9330405795002,52.3,22:16:24
12875000,51500.00000865693,-3627758.988979401,-3090301.4515332608,300.3177049386573,52.3,22:14:59
12887500,51550.00000866711,-3627707.182519393,-3088719.605815569,301.17265225322484,52.3,22:13:34
12900000,51600.0000086773,-3628887.8693654574,-3090319.0453407015,300.938663826693,52.3,22:12:09
12912500,51650.000008687486,-3626792.179831641,-3084839.7171064876,302.8293557196255,52.3,22:10:45
12925000,51700.00000869767,-3628444.7013096027,-3090177.479623634,300.77013605309605,52.3,22:09:20
12937500,51750.00000870786,-3629031.813271502,-3089074.0351969916,301.7147762884693,52.3,22:07:55
12950000,51800.000008718045,-3631746.5383132864,-3093750.548168177,300.61857871473444,52.3,22:06:31
12962500,51850.00000872823,-3624503.8569143955,-3086560.3294624756,300.5892638860903,52.3,22:05:06
12975000,51900.00000873842,-3627306.5164217856,-3088369.832007345,301.1442149265863,52.3,22:03:41
12987500,51950.000008748604,-3628097.63785227,-3091444.157886008,299.8684179156431,52.3,22:02:16
13000000,52000.00000875879,-3631980.017024653,-3092615.547672387,301.383250351311,52.3,22:00:51
13012500,52050.00000876898,-3628759.3867862877,-3088154.2931255717,302.07647989791906,52.3,21:59:26
13025000,52100.00000877916,-3626844.9113590643,-3089323.5188854528,300.35338551612216,52.3,21:58:02
13037500,52150.00000878935,-3629222.9991595726,-3091052.824091144,300.71590885295274,52.3,21:56:37
13050000,52200.000008799536,-3628494.328588018,-3090864.919329311,300.41374256897717,52.3,21:55:13
13062500,52250.00000880972,-3625979.2373406105,-3089351.8367704237,299.8538454074357,52.3,21:53:48
13075000,52300.00000881991,-3627589.333896432,-3088486.343666522,301.2371424182298,52.3,21:52:24
13087500,52350.000008830095,-3628639.923710374,-3089961.01609764,301.00017575682637,52.3,21:50:59
13100000,52400.00000884028,-3629201.6170460973,-3090064.099995082,301.25643513430634,52.3,21:49:35
13112500,52450.00000885047,-3628956.842064904,-3090461.7686540084,300.89745384534706,52.3,21:48:10
13125000,52500.000008860654,-3631196.1693018377,-3092094.424211887,301.2364466654513,52.3,21:46:45
13137500,52550.00000887084,-3629640.6805860605,-3090748.11950264,301.119559923013,52.3,21:45:20
13150000,52600.00000888103,-3627582.0877007693,-3088344.6165040326,301.31228698780296,52.3,21:43:55
13162500,52650.00000889121,-3630835.1998321414,-3090699.094781248,301.81442090138216,52.3,21:42:31
13175000,52700.0000089014,-3627807.399501886,-3089239.2743189367,300.9382733315324,52.3,21:41:06
13187500,52750.000008911586,-3632329.6331904065,-3093661.9339985205,300.9939127741896,52.4,21:39:41
13200000,52800.00000892177,-3629293.46524857,-3088991.931411703,301.90685833108216,52.4,21:38:17
13212500,52850.00000893196,-3624733.213964956,-3085553.1523211026,301.2802079788353,52.4,21:36:52
13225000,52900.000008942145,-3630136.977702096,-3091667.5187248033,300.8831411464324,52.4,21:35:27
13237500,52950.00000895233,-3630514.9636226967,-3092665.7429675004,300.5365676286581,52.4,21:34:02
13250000,53000.00000896252,-3628679.963554498,-3087137.2397364923,302.60040396130927,52.4,21:32:38
13262500,53050.000008972704,-3625770.210733734,-3086521.338868193,301.31865739374496,52.4,21:31:13
13275000,53100.00000898289,-3627149.7145296764,-3089205.4109041393,300.5896975923147,52.4,21:29:48
13287500,53150.000008993076,-3631566.6855818927,-3091779.9289990007,301.61921379603115,52.4,21:28:24
13300000,53200.00000900326,-3624698.8167996854,-3085143.179453591,301.490070200628,52.4,21:26:59
13312500,53250.00000901345,-3630974.9132551234,-3092284.3715339117,301.006676602965,52.4,21:25:35
13325000,53300.000009023635,-3628645.3760859,-3088135.9586482076,302.0230184396387,52.4,21:24:10
13337500,53350.00000903382,-3630917.200092595,-3092875.2297476386,300.64427128973523,52.4,21:22:46
13350000,53400.00000904401,-3626194.153904615,-3084751.794911282,302.5443226307812,52.4,21:21:21
13362500,53450.000009054194,-3629841.3867935073,-3091090.3747426183,301.04046589674226,52.4,21:19:57
13375000,53500.00000906438,-3627788.883621447,-3089487.53253707,300.78920669940163,52.4,21:18:32
13387500,53550.00000907457,-3629474.1541426815,-3093734.611520431,299.35773279823724,52.4,21:17:08
13400000,53600.00000908475,-3628362.754148824,-3088634.7665664954,301.5863751620163,52.4,21:15:43
13412500,53650.00000909494,-3628689.289203109,-3088328.707805683,301.939852617391,52.4,21:14:19
13425000,53700.000009105126,-3628959.0894574765,-3090798.518058258,300.71054256502237,52.4,21:12:54
13437500,53750.00000911531,-3629860.732714122,-3091934.7193707726,300.57947744432823,52.4,21:11:30
13450000,53800.0000091255,-3628492.8936164454,-3090054.9736977844,300.86551791660634,52.4,21:10:05
13462500,53850.000009135685,-3632358.643798683,-3093513.964495329,301.09280479298656,52.4,21:08:41
13475000,53900.00000914587,-3630673.9433516376,-3092693.4772086265,300.60990429423265,52.4,21:07:16
13487500,53950.00000915606,-3630205.5220728666,-3090012.530224123,301.84620780803334,52.4,21:05:52
13500000,54000.000009166244,-3631584.9819528814,-3092517.3177441917,301.217403129303,52.4,21:04:28
13512500,54050.00000917643,-3628463.3774417266,-3090973.152079529,300.33597012101234,52.4,21:03:03
13525000,54100.00000918662,-3629652.68054487,-3091129.028183266,300.9134230415874,52.4,21:01:39
13537500,54150.0000091968,-3629785.7111671623,-3091910.520034264,300.55107927602796,52.4,21:00:14
13550000,54200.00000920699,-3628538.278419351,-3089078.397926072,301.43656368845546,52.4,20:58:50
13562500,54250.000009217176,-3628222.5978428423,-3089568.289562233,300.9864302709937,52.4,20:57:25
13575000,54300.00000922736,-3627389.0492936745,-3087996.1632122723,301.39912890223195,52.4,20:56:01
13587500,54350.00000923755,-3628431.1853450257,-3089333.336087035,301.23426977289427,52.4,20:54:37
13600000,54400.000009247735,-3627447.505899314,-3087196.7616051883,301.8784784166735,52.4,20:53:12
13612500,54450.00000925792,-3626994.972288348,-3086009.0296149706,302.28928871246114,52.4,20:51:48
13625000,54500.00000926811,-3630378.1434176173,-3092280.8751266464,300.67517038608764,52.4,20:50:24
13637500,54550.000009278294,-3631853.12303151,-3093246.8411185257,300.9595943490895,52.4,20:48:59
13650000,54600.00000928848,-3629457.533795366,-3091305.223727519,300.7059263415919,52.4,20:47:35
13662500,54650.00000929867,-3631163.1581426,-3092620.446043711,300.92407314165933,52.4,20:46:11
13675000,54700.00000930885,-3625697.0192869343,-3087979.5385109736,300.46295470963764,52.4,20:44:46
13687500,54750.00000931904,-3630079.5649063867,-3091176.809964764,301.1252559936537,52.4,20:43:22
13700000,54800.000009329226,-3628838.5982122105,-3091507.6037082993,300.24699593685034,52.4,20:41:58
13712500,54850.00000933941,-3626611.603974797,-3085366.8295281823,302.4339173736819,52.4,20:40:33
13725000,54900.0000093496,-3629395.06249417,-3089280.703344524,301.80226984069486,52.4,20:39:09
13737500,54950.000009359785,-3626697.6055808496,-3088099.2441514013,300.9551685828255,52.4,20:37:45
13750000,55000.00000936997,-3628489.4151231945,-3089695.9790479625,301.0641713706399,52.4,20:36:21
13762500,55050.00000938016,-3629312.3072246723,-3092449.7025660686,299.98527151481,52.4,20:34:57
13775000,55100.00000939034,-3629414.2601027917,-3088298.3465329907,302.3619131685405,52.4,20:33:33
13787500,55150.00000940053,-3630689.439085463,-3093243.1032038406,300.31144578716464,52.4,20:32:09
13800000,55200.000009410716,-3627977.8027262464,-3089750.435419494,300.74786643203015,52.4,20:30:45
13812500,55250.0000094209,-3629365.747341769,-3089708.75594671,301.5467042847195,52.4,20:29:21
13825000,55300.00000943109,-3628575.517329203,-3087858.828206327,302.1388366251811,52.4,20:27:57
13837500,55350.000009441275,-3630417.076102264,-3092326.0352611803,300.6716906442898,52.4,20:26:32
13850000,55400.00000945146,-3627310.860837171,-3088584.4259598413,301.02673279255634,52.4,20:25:08
13862500,55450.00000946165,-3630838.2917499915,-3090384.408059852,301.9919875833389,52.4,20:23:44
13875000,55500.000009471834,-3627696.88186742,-3086999.982951967,302.1277783568353,52.4,20:22:20
13887500,55550.00000948202,-3629339.376925161,-3091382.504739354,300.5967205865269,52.4,20:20:56
13900000,55600.00000949221,-3630950.7254658826,-3092218.017778879,301.0302378802582,52.4,20:19:32
13912500,55650.00000950239,-3626185.073520502,-3087791.7881818255,300.8405772400171,52.4,20:18:08
13925000,55700.00000951258,-3628400.3185190894,-3089515.9093063115,301.11500486347467,52.4,20:16:44
13937500,55750.000009522766,-3628367.969680641,-3091080.7911514966,300.22251267619276,52.4,20:15:19
13950000,55800.00000953295,-3626446.34572806,-3087700.362319368,301.0376560184204,52.4,20:13:55
13962500,55850.00000954314,-3628046.2263854947,-3088226.0005812333,301.6379155520722,52.4,20:12:31
13975000,55900.000009553325,-3629226.2536101565,-3089774.812773626,301.4318478213058,52.4,20:11:07
13987500,55950.00000956351,-3629720.0252025295,-3091151.5762753766,300.9384542316211,52.4,20:09:43
14000000,56000.0000095737,-3629612.0474585164,-3091015.5929113766,300.95410306512684,52.4,20:08:19
14012500,56050.000009583884,-3629414.7104204353,-3091491.3184224786,300.57801270269294,52.4,20:06:55
14025000,56100.00000959407,-3629282.8574923314,-3092303.062448774,300.0507545436971,52.4,20:05:31
14037500,56150.00000960426,-3629671.500703424,-3090562.544382414,301.2404761193352,52.4,20:04:07
14050000,56200.00000961444,-3628660.341712104,-3088966.3513655225,301.56737836486946,52.4,20:02:43
14062500,56250.00000962463,-3632140.3110068366,-3093114.4927442865,301.19402067091306,52.4,20:01:19
14075000,56300.000009634816,-3631933.356896581,-3091322.8574053003,302.07950053958007,52.4,19:59:55
14087500,56350.000009645,-3628778.124157071,-3091159.351391736,300.40779916497644,52.4,19:58:31
14100000,56400.00000965519,-3630803.1489046626,-3091370.207763342,301.42151065860827,52.4,19:57:07
14112500,56450.000009665375,-3630699.296723852,-3092508.5308941077,300.7274144506053,52.4,19:55:42
14125000,56500.00000967556,-3630429.417135017,-3092151.8628075034,300.77590967236546,52.4,19:54:19
14137500,56550.00000968575,-3629117.536826698,-3088618.020587,302.01748590013443,52.4,19:52:55
14150000,56600.000009695934,-3625645.7856826857,-3086637.7342054388,301.1840930397708,52.5,19:51:31
14162500,56650.00000970612,-3626265.537481906,-3085467.6599821886,302.1842026407302,52.5,19:50:07
14175000,56700.00000971631,-3627746.280041132,-3086809.93387081,302.2615754385135,52.5,19:48:43
14187500,56750.00000972649,-3627393.2807162423,-3087783.834609025,301.5201371780543,52.5,19:47:20
14200000,56800.00000973668,-3627661.5960917473,-3089418.9600938815,300.7563981911982,52.5,19:45:56
14212500,56850.000009746866,-3627528.152948482,-3088900.5563231437,300.97150447230763,52.5,19:44:32
14225000,56900.00000975705,-3629028.7202470955,-3090619.019308164,300.8497498630625,52.5,19:43:08
14237500,56950.00000976724,-3627242.7105157673,-3086544.1722328765,302.1286943939771,52.5,19:41:44
14250000,57000.000009777425,-3626440.5718615595,-3088205.43648863,300.7522070313215,52.5,19:40:20
14262500,57050.00000978761,-3628395.896739403,-3090864.8960604323,300.3587543387377,52.5,19:38:56
14275000,57100.0000097978,-3630791.1769985985,-3093225.393060548,300.3781903458815,52.5,19:37:33
14287500,57150.00000980798,-3629095.878044879,-3090628.6954804948,300.8818691443625,52.5,19:36:08
14300000,57200.00000981817,-3629937.0607638136,-3091368.1196809225,300.9387292358239,52.5,19:34:45
14312500,57250.000009828356,-3628378.4193905294,-3089701.2416558075,300.9992091446603,52.5,19:33:20
14325000,57300.00000983854,-3625914.1002283003,-3087698.504982774,300.74128850137794,52.5,19:31:56
14337500,57350.00000984873,-3625266.116729915,-3086435.281427919,301.08506911449064,52.5,19:30:32
14350000,57400.000009858915,-3626083.0525907055,-3087148.1418495444,301.1432238427302,52.5,19:29:08
14362500,57450.0000098691,-3628864.7809602264,-3089980.274198636,301.11505937128885,52.5,19:27:44
14375000,57500.00000987929,-3629980.9966998547,-3092469.286327671,300.3479754022487,52.5,19:26:20
14387500,57550.000009889474,-3627791.957226528,-3091531.427593345,299.64884718872395,52.5,19:24:57
14400000,57600.00000989966,-3632586.783585852,-3093326.107378577,301.3252533619301,52.5,19:23:33
14412500,57650.00000990985,-3629915.8112277184,-3094460.222718488,299.1990664077066,52.5,19:22:09
14425000,57700.00000992003,-3628441.358391417,-3089461.054959367,301.1685881325559,52.5,19:20:45
14437500,57750.00000993022,-3632842.5103909075,-3095698.0711006247,300.1427535926691,52.5,19:19:21
14450000,57800.000009940406,-3627642.5587208755,-3088992.6803352633,300.98395495749253,52.5,19:17:57
14462500,57850.00000995059,-3627005.3027660493,-3088370.5239400477,300.97551770473876,52.5,19:16:34
14475000,57900.00000996078,-3628923.047712682,-3092426.2642624713,299.7808598579475,52.5,19:15:10
14487500,57950.000009970965,-3629414.7739601806,-3091213.6901204386,300.7331798941356,52.5,19:13:46
14500000,58000.00000998115,-3630875.4986405186,-3093022.6490673367,300.53859537642427,52.5,19:12:22
14512500,58050.00000999134,-3631108.3633265626,-3094820.4423102904,299.6641528021563,52.5,19:10:58
14525000,58100.000010001524,-3627209.847111894,-3088267.796136281,301.14721362550165,52.5,19:09:34
14537500,58150.00001001171,-3631235.3328544833,-3094570.430131818,299.8748006635775,52.5,19:08:11
14550000,58200.0000100219,-3624648.3798457794,-3085001.9489560383,301.5408033409257,52.5,19:06:47
14562500,58250.00001003208,-3628660.029244667,-3089007.084713825,301.54444299914957,52.5,19:05:23
14575000,58300.00001004227,-3627342.9514146224,-3088802.1370729255,300.9230127228452,52.5,19:03:59
14587500,58350.000010052456,-3627995.410084134,-3088764.201304071,301.30878770744715,52.5,19:02:35
14600000,58400.00001006264,-3630735.4259148315,-3090544.73317101,301.8449231262388,52.5,19:01:11
14612500,58450.00001007283,-3632232.9802459013,-3092644.932817138,301.50818013669914,52.5,18:59:48
14625000,58500.000010083015,-3627466.2045680247,-3086255.107375848,302.4150993740133,52.5,18:58:24
14637500,58550.0000100932,-3628474.276960103,-3087498.992133192,302.2833333768908,52.5,18:57:00
14650000,58600.00001010339,-3630503.3401192464,-3090470.1764658033,301.7568998470263,52.5,18:55:36
14662500,58650.000010113574,-3627751.8707185835,-3089236.4192820615,300.9088405716667,52.5,18:54:12
14675000,58700.00001012376,-3631521.1559948456,-3091806.3574217847,301.5790054765664,52.5,18:52:49
14687500,58750.00001013395,-3628239.0095782448,-3089972.9017236345,300.7695136722492,52.5,18:51:25
14700000,58800.00001014413,-3626353.6843637843,-3088523.571727073,300.52589055027056,52.5,18:50:01
14712500,58850.00001015432,-3627965.0568994246,-3089588.0504764533,300.8314809928483,52.5,18:48:38
14725000,58900.000010164506,-3631320.3825829513,-3093132.220552348,300.7259595133728,52.5,18:47:14
14737500,58950.00001017469,-3630733.940794127,-3092335.9467709735,300.843208334042,52.5,18:45:51
14750000,59000.00001018488,-3628838.3971049227,-3090127.3493630122,301.01813484970006,52.5,18:44:27
14762500,59050.000010195065,-3628305.667178564,-3090615.9556298503,300.44743796642774,52.5,18:43:03
14775000,59100.00001020525,-3625815.091990484,-3087960.2917646966,300.5396853518599,52.5,18:41:40
14787500,59150.00001021544,-3627117.553386865,-3088479.3441473534,300.9774345332146,52.5,18:40:16
14800000,59200.00001022562,-3628504.073199529,-3089097.760947869,301.4066311072565,52.5,18:38:52
14812500,59250.00001023581,-3632490.6521080174,-3093455.1920512384,301.1994082621415,52.5,18:37:29
14825000,59300.000010245996,-3628177.928995205,-3089209.680084674,301.16185237022216,52.5,18:36:05
14837500,59350.00001025618,-3628822.1936425418,-3093113.830439256,299.34031052597857,52.5,18:34:41
14850000,59400.00001026637,-3631656.1303007733,-3094820.686680096,299.9700946124401,52.5,18:33:18
14862500,59450.000010276555,-3625631.506636746,-3086725.3610622995,301.1271505936865,52.5,18:31:54
14875000,59500.00001028674,-3627060.944345778,-3085575.6508371932,302.5683133541125,52.5,18:30:30
14887500,59550.00001029693,-3628091.0879439656,-3089825.191962336,300.7693952829757,52.5,18:29:07
14900000,59600.000010307114,-3629248.3814924527,-3089665.4867941565,301.5053009209839,52.5,18:27:43
14912500,59650.0000103173,-3628125.7180067375,-3088747.99084412,301.3906584810701,52.5,18:26:20
14925000,59700.00001032749,-3629435.18376863,-3091596.066898271,300.53092188873984,52.5,18:24:56
14937500,59750.00001033767,-3628695.6931055784,-3090979.3391534667,300.4623250689152,52.5,18:23:32
14950000,59800.00001034786,-3627717.6547899563,-3089325.2327241944,300.8400948649039,52.5,18:22:09
14962500,59850.000010358046,-3628077.342113441,-3089006.8281221995,301.21899551585597,52.5,18:20:45
14975000,59900.00001036823,-3626788.0868147276,-3088631.5865851743,300.70826769818166,52.5,18:19:22
14987500,59950.00001037842,-3627524.116264792,-3090718.221298603,299.9535835702058,52.5,18:17:58
15000000,60000.000010388605,-3625507.861961646,-3086302.3018127894,301.29445589977496,52.5,18:16:34
15012500,60050.00001039879,-3624779.799582489,-3086187.518974203,300.95177077345727,52.5,18:15:10
15025000,60100.00001040898,-3626445.193865491,-3087708.9201341793,301.0322304958006,52.5,18:13:47
15037500,60150.000010419164,-3631847.2477759197,-3092999.1411210233,301.09471991051237,52.5,18:12:23
15050000,60200.00001042935,-3625997.1919533666,-3086680.9149184274,301.3563217009027,52.5,18:10:59
15062500,60250.00001043954,-3628411.0955916904,-3091452.611957764,300.0388462659572,52.5,18:09:36
15075000,60300.00001044972,-3628413.5093076266,-3088755.3139509615,301.5473770280734,52.5,18:08:12
15087500,60350.00001045991,-3628462.307960011,-3090701.8252532836,300.486983103057,52.5,18:06:49
15100000,60400.000010470096,-3626542.8082570266,-3088414.818707901,300.6923366496508,52.5,18:05:25
15112500,60450.00001048028,-3630130.465361515,-3091050.7549671317,301.22413423378805,52.5,18:04:01
15125000,60500.00001049047,-3628462.066725334,-3089294.5607627286,301.27319218109585,52.5,18:02:38
15137500,60550.000010500655,-3624356.1904377993,-3084748.965061477,301.51889628968803,52.5,18:01:14
15150000,60600.00001051084,-3629319.3726544343,-3091286.616314168,300.63912273650254,52.5,17:59:51
15162500,60650.00001052103,-3628317.280666299,-3089933.5721191447,300.8352259706606,52.5,17:58:27
15175000,60700.000010531214,-3629106.5459966008,-3090681.3155049616,300.8584273851043,52.5,17:57:03
15187500,60750.0000105414,-3626784.3453203663,-3088457.612307714,300.80338948020864,52.5,17:55:40
15200000,60800.00001055159,-3629960.7905254234,-3091344.754486022,300.9650447087088,52.5,17:54:16
15212500,60850.00001056177,-3626881.4474826604,-3087953.2175487215,301.13949077629763,52.5,17:52:53
15225000,60900.00001057196,-3629808.857975481,-3094279.119496492,299.2404995390473,52.5,17:51:29
15237500,60950.000010582145,-3628534.0842653736,-3089746.1606839118,301.0610911282724,52.5,17:50:06
15250000,61000.00001059233,-3628759.7651404664,-3090706.520821931,300.6505709015836,52.5,17:48:43
15262500,61050.00001060252,-3624893.865241362,-3086883.3352882396,300.62670319242466,52.5,17:47:19
15275000,61100.000010612705,-3623465.060291685,-3083106.029810404,301.9389860045989,52.6,17:45:56
15287500,61150.00001062289,-3627198.812075123,-3090029.0315996627,300.1569136072615,52.6,17:44:33
15300000,61200.00001063308,-3628130.4751300886,-3089326.8553341683,301.0698617766938,52.6,17:43:09
15312500,61250.00001064326,-3629266.753057983,-3093583.8503939887,299.3260838193203,52.6,17:41:46
15325000,61300.00001065345,-3629929.206727879,-3090579.1775829103,301.37518152798606,52.6,17:40:23
15337500,61350.000010663636,-3628747.337275084,-3089913.9999007634,301.08646720934604,52.6,17:38:59
15350000,61400.00001067382,-3631585.5344164576,-3091861.3429805133,301.58425397124256,52.6,17:37:36
15362500,61450.00001068401,-3630825.4722962435,-3094560.8412728524,299.6511389420412,52.6,17:36:12
15375000,61500.000010694195,-3629081.6388339605,-3093646.589927681,299.18758939605686,52.6,17:34:49
15387500,61550.00001070438,-3626572.5741954204,-3086727.250165998,301.65193980674024,52.6,17:33:25
15400000,61600.00001071457,-3628561.132498985,-3088389.101428969,301.8344954539912,52.6,17:32:02
15412500,61650.000010724754,-3630767.2084833104,-3094201.241705521,299.81951775501085,52.6,17:30:38
15425000,61700.00001073494,-3630791.0482329745,-3091677.6418772,301.2429626864295,52.6,17:29:15
15437500,61750.00001074513,-3628420.622031562,-3089033.9890876655,301.39563480684103,52.6,17:27:52
15450000,61800.00001075531,-3628811.784235064,-3088778.4410907887,301.7570001419723,52.6,17:26:29
15462500,61850.0000107655,-3627975.0576699506,-3089164.857292209,301.07353883970285,52.6,17:25:05
15475000,61900.000010775686,-3628742.8940080386,-3091143.5030728905,300.3969690875217,52.6,17:23:42
15487500,61950.00001078587,-3630067.8126120083,-3090670.9882069654,301.4013295380676,52.6,17:22:18
15500000,62000.00001079606,-3630012.811584957,-3090094.881630673,301.69251016476875,52.6,17:20:55
15512500,62050.000010806245,-3629100.5018567517,-3090302.006766009,301.06699822080304,52.6,17:19:31
15525000,62100.00001081643,-3628299.3567779884,-3089903.2401857283,300.8421592730505,52.6,17:18:08
15537500,62150.00001082662,-3630922.89012485,-3089667.3852831265,302.43991324760236,52.6,17:16:45
15550000,62200.000010836804,-3629753.6057026014,-3092540.281090671,300.1812449715404,52.6,17:15:21
15562500,62250.00001084699,-3630315.416320687,-3094459.8760810657,299.42254933870805,52.6,17:13:58
15575000,62300.00001085718,-3627710.901194893,-3088587.911043642,301.24831786941877,52.6,17:12:35
15587500,62350.00001086736,-3628646.8862561937,-3090667.881872115,300.60908750024,52.6,17:11:12
15600000,62400.00001087755,-3630837.601072205,-3091327.1663033282,301.4648121415233,52.6,17:09:49
15612500,62450.000010887736,-3628187.9904574547,-3088630.4959397097,301.49110794126614,52.6,17:08:25
15625000,62500.00001089792,-3628576.902720697,-3087489.4358646786,302.3460178629563,52.6,17:07:02
15637500,62550.00001090811,-3629318.919183418,-3090333.541117687,301.1714237097586,52.6,17:05:39
15650000,62600.000010918295,-3628097.947620066,-3088292.094148175,301.6298846555431,52.6,17:04:16
15662500,62650.00001092848,-3626800.0531518646,-3088638.874098683,300.7108821067183,52.6,17:02:53
15675000,62700.00001093867,-3629166.532567555,-3090656.3505832944,300.90589613475936,52.6,17:01:30
15687500,62750.000010948854,-3631038.4494311363,-3091912.638601441,301.24989399333157,52.6,17:00:06
15700000,62800.00001095904,-3627498.1296920273,-3087875.814786082,301.52732793793786,52.6,16:58:43
15712500,62850.00001096923,-3628548.0844074804,-3089916.8821825627,300.97351919033684,52.6,16:57:20
15725000,62900.00001097941,-3628929.899497833,-3089676.4992407914,301.3211877446059,52.6,16:55:57
15737500,62950.0000109896,-3629402.638696393,-3090140.6025542235,301.32601325922025,52.6,16:54:33
15750000,63000.000010999785,-3629377.13802173,-3090152.3754476737,301.30518573025154,52.6,16:53:10
15762500,63050.00001100997,-3627393.2033883035,-3088645.896049854,301.03839579694886,52.6,16:51:47
15775000,63100.00001102016,-3628730.447219467,-3090385.3900113734,300.81362857806516,52.6,16:50:24
15787500,63150.000011030344,-3626855.680526914,-3088653.492156181,300.7337970781718,52.6,16:49:00
15800000,63200.00001104053,-3627401.928280685,-3087331.5634111296,301.7776869475234,52.6,16:47:37
15812500,63250.00001105072,-3627539.0261324532,-3089719.311278413,300.52008053178406,52.6,16:46:14
15825000,63300.0000110609,-3630196.6148805264,-3092150.65944469,300.64649805792357,52.6,16:44:51
15837500,63350.00001107109,-3630768.504987493,-3092658.5827543507,300.68224108955087,52.6,16:43:27
15850000,63400.000011081276,-3629197.3165592607,-3090546.5177537124,300.98446926491874,52.6,16:42:04
15862500,63450.00001109146,-3627892.593828043,-3090539.1899963575,300.2595177035342,52.6,16:40:41
15875000,63500.00001110165,-3626817.7490524054,-3086662.530779845,301.82510088717675,52.6,16:39:18
15887500,63550.000011111835,-3631273.4524069615,-3094312.162348781,300.04041442498794,52.6,16:37:55
15900000,63600.00001112202,-3628687.5128189716,-3089017.274751283,301.5541061910003,52.6,16:36:32
15912500,63650.00001113221,-3628266.7061242703,-3090115.5882253493,300.70526018768993,52.6,16:35:09
15925000,63700.000011142394,-3628455.62910589,-3089789.9032674115,300.9928101141185,52.6,16:33:46
15937500,63750.00001115258,-3626048.2865516525,-3086708.5868948707,301.3694096707334,52.6,16:32:22
15950000,63800.00001116277,-3630882.8128932826,-3092907.686116767,300.60692079101574,52.6,16:30:59
15962500,63850.00001117295,-3626647.1912788246,-3089078.0750073944,300.3800523696563,52.6,16:29:36
15975000,63900.00001118314,-3628616.511781672,-3091977.5074318238,299.8603293065976,52.6,16:28:13
15987500,63950.000011193326,-3630853.5053646397,-3091923.0973305767,301.1407078436654,52.6,16:26:50
16000000,64000.00001120351,-3628847.3321271148,-3089084.108748251,301.6060640356664,52.6,16:25:27
16012500,64050.0000112137,-3626420.890134437,-3086533.8921069982,301.6752261848591,52.6,16:24:03
16025000,64100.000011223885,-3628868.3486572746,-3090933.1333624497,300.58461926252875,52.6,16:22:40
16037500,64150.00001123407,-3629210.9006987195,-3088678.509369005,302.035855670573,52.6,16:21:17
16050000,64200.00001124426,-3629981.416780822,-3090759.8365895855,301.3034074950645,52.6,16:19:54
16062500,64250.000011254444,-3628468.01620524,-3089979.004439286,300.8940667511675,52.6,16:18:31
16075000,64300.00001126463,-3626521.906761175,-3089261.1773205227,300.20773359319514,52.6,16:17:08
16087500,64350.00001127482,-3630808.2173082735,-3092007.01631776,301.0685102092901,52.6,16:15:45
16100000,64400.000011285,-3631852.152827069,-3095001.075363608,299.97883040914405,52.6,16:14:22
16112500,64450.00001129519,-3627112.8752197605,-3088051.8811929375,301.2136760000505,52.6,16:12:59
16125000,64500.000011305376,-3627307.5409407616,-3089910.2604610473,300.2840348668788,52.6,16:11:35
16137500,64550.00001131556,-3630434.538267618,-3089936.146263995,302.01685770539467,52.6,16:10:12
16150000,64600.00001132575,-3627747.9593049213,-3089302.6001642365,300.8696747660856,52.6,16:08:49
16162500,64650.000011335935,-3627793.08029915,-3089125.1185453804,300.99405948714224,52.6,16:07:26
16175000,64700.00001134612,-3628979.173057448,-3091664.0508710206,300.2381268865038,52.6,16:06:03
16187500,64750.00001135631,-3628939.5119212456,-3090203.668707274,301.0319899335782,52.6,16:04:40
16200000,64800.000011366494,-3627201.831908349,-3089334.286671548,300.5468069422931,52.6,16:03:17
16212500,64850.00001137668,-3628226.6616552174,-3089668.2253246675,300.9328594453862,52.6,16:01:54
16225000,64900.00001138687,-3631987.726997966,-3094595.0853495207,300.28144280506325,52.6,16:00:31
16237500,64950.00001139705,-3628874.437570004,-3089477.8107026583,301.4012191589888,52.6,15:59:08
16250000,65000.00001140724,-3628479.2385015953,-3091020.313721692,300.3184801457438,52.6,15:57:45
16262500,65050.000011417425,-3630845.292998247,-3090533.7183243413,301.9124688973595,52.6,15:56:22
16275000,65100.00001142761,-3625166.6593780573,-3085967.0546388803,301.2911281671777,52.6,15:54:59
16287500,65150.0000114378,-3627473.1570793893,-3091693.6047988664,299.38008918532,52.6,15:53:36
16300000,65200.000011447984,-3630636.887697393,-3092060.3037180835,300.94299989341386,52.6,15:52:13
16312500,65250.00001145817,-3626250.089588236,-3086312.1920926804,301.7036675227927,52.6,15:50:50
16325000,65300.00001146836,-3633935.8232892305,-3095635.4227805617,300.78867554169113,52.6,15:49:27
16337500,65350.00001147854,-3632197.860933112,-3094371.4888537023,300.5238004212729,52.6,15:48:04
16350000,65400.00001148873,-3626242.0046487264,-3087436.0785123045,301.0711505015474,52.6,15:46:41
16362500,65450.000011498916,-3629263.065453617,-3089019.908914713,301.8742385705925,52.6,15:45:18
16375000,65500.0000115091,-3631015.3393671364,-3092491.4006411457,300.91358305477814,52.6,15:43:55
16387500,65550.00001151928,-3630051.1309753973,-3090267.716808242,301.61734613848984,52.6,15:42:32
16400000,65600.00001152947,-3630947.1383177303,-3092750.813247483,300.73052081386703,52.6,15:41:09
16412500,65650.00001153965,-3630010.0174211375,-3092790.9074448817,300.18447768708637,52.6,15:39:46
16425000,65700.00001154984,-3627798.657175362,-3089801.256978925,300.61936661582246,52.6,15:38:23
16437500,65750.00001156003,-3628841.847200565,-3090339.1821169984,300.9016958803999,52.6,15:37:00
16450000,65800.00001157021,-3627258.707254395,-3089429.4638718367,300.5254048329924,52.6,15:35:37
16462500,65850.0000115804,-3628301.7984346915,-3090001.573741055,300.78857730068927,52.6,15:34:14
16475000,65900.00001159059,-3627763.0480153244,-3090460.2494564448,300.231240754514,52.6,15:32:51
16487500,65950.00001160077,-3627497.6086019967,-3090119.5777052417,300.27327868583654,52.6,15:31:28
16500000,66000.00001161096,-3629829.160677798,-3090469.897538992,301.3803412506496,52.6,15:30:06
16512500,66050.00001162114,-3629222.402367493,-3089751.9634186765,301.442463486884,52.6,15:28:45
16525000,66100.00001163133,-3628822.077387197,-3089271.073623092,301.4874810719776,52.6,15:27:25
16537500,66150.00001164152,-3630741.60160386,-3093175.7060888065,300.3782526922943,52.6,15:26:06
16550000,66200.0000116517,-3632829.018264126,-3096834.554486696,299.50017630480255,52.6,15:24:44
16562500,66250.00001166189,-3629000.0584221017,-3093151.5331947915,299.4186295269077,52.6,15:23:25
16575000,66300.00001167208,-3628051.424900083,-3089929.308621691,300.6890548142232,52.6,15:22:05
16587500,66350.00001168226,-3627758.484170867,-3087197.482272239,302.05184253426825,52.6,15:20:45
16600000,66400.00001169245,-3628891.9728358835,-3090581.196272999,300.7944734188651,52.6,15:19:26
16612500,66450.00001170264,-3626395.777388297,-3088278.5919887032,300.6862995636207,52.6,15:18:07
16625000,66500.00001171282,-3628816.0009692796,-3089946.1552998396,301.1068671230834,52.6,15:16:47
16637500,66550.00001172301,-3629206.3547203876,-3093237.1399749494,299.4860677830843,52.6,15:15:30
16650000,66600.0000117332,-3629860.2849985883,-3093320.465389775,299.8049073770175,52.6,15:14:17
16662500,66650.00001174338,-3626355.2598957345,-3087366.1145759686,301.1735287562167,52.6,15:13:03
16675000,66700.00001175357,-3627025.1001807265,-3086649.383292565,301.9483099475501,52.6,15:11:49
16687500,66750.00001176375,-3631886.574446356,-3092444.2946634255,301.42672885580544,52.6,15:10:35
16700000,66800.00001177394,-3627307.0723899473,-3089462.5222603017,300.533957856878,52.6,15:09:22
16712500,66850.00001178413,-3628410.0205295775,-3091062.5160519797,300.25622129338694,52.6,15:08:08
16725000,66900.00001179431,-3629059.99287533,-3091943.212121203,300.127298700847,52.6,15:06:54
16737500,66950.0000118045,-3629288.013873074,-3091746.8431364237,300.3644371102477,52.5,15:05:40
16750000,67000.00001181469,-3626837.3008588236,-3088457.7273014523,300.83291544274874,52.5,15:04:25
16762500,67050.00001182487,-3631488.3534848467,-3093991.6049485346,300.33961510604365,52.5,15:03:11
16775000,67100.00001183506,-3628839.7507852707,-3089197.1705737133,301.53865167915876,52.5,15:01:57
16787500,67150.00001184524,-3629689.5471714046,-3088448.9636216583,302.43157560630243,52.5,15:00:43
16800000,67200.00001185543,-3628742.2927631084,-3089824.8616866763,301.13345664731725,52.5,14:59:28
16812500,67250.00001186562,-3630225.2246448603,-3091569.7524872324,300.9870806160917,52.5,14:58:14
16825000,67300.0000118758,-3626975.734697094,-3089101.65521819,300.5504581118374,52.5,14:56:59
16837500,67350.00001188599,-3628068.420472348,-3087627.6253436524,301.9846740255972,52.5,14:55:45
16850000,67400.00001189618,-3629510.5479607526,-3090613.8589256285,301.1218665182234,52.5,14:54:31
16862500,67450.00001190636,-3628807.032738574,-3091432.2605359005,300.2714578098428,52.5,14:53:17
16875000,67500.00001191655,-3627278.9213949554,-3088306.3164693126,301.16428640150804,52.5,14:52:02
16887500,67550.00001192674,-3628154.4574369844,-3089525.7535566916,300.97212317842593,52.5,14:50:48
16900000,67600.00001193692,-3630069.497669643,-3091319.5974137243,301.0398446537778,52.4,14:49:33
16912500,67650.00001194711,-3630802.9520482663,-3091836.392024086,301.16090866316193,52.4,14:48:18
16925000,67700.0000119573,-3627550.7677528188,-3089636.967924312,300.5726528405384,52.4,14:47:03
16937500,67750.00001196748,-3629092.0479689296,-3090468.077861428,300.9694780656844,52.4,14:45:43
16950000,67800.00001197767,-3627067.5051957965,-3089156.094321424,300.57131795327217,52.4,14:44:22
16962500,67850.00001198785,-3629129.3675097954,-3089839.993082224,301.34128920300543,52.4,14:43:01
16975000,67900.00001199804,-3629041.820938304,-3092280.228947344,299.9288281859835,52.4,14:41:41
16987500,67950.00001200823,-3630101.670989014,-3089170.9092281936,302.2584550114508,52.4,14:40:20
17000000,68000.00001201841,-3628105.243032841,-3089281.939021547,301.080860819358,52.4,14:39:00
17012500,68050.0000120286,-3628649.7203446366,-3088989.5244218446,301.54849489392524,52.4,14:37:39
17025000,68100.00001203878,-3630716.347066192,-3092925.085763189,300.50418140571446,52.4,14:36:19
17037500,68150.00001204897,-3629939.643245263,-3089947.608792231,301.7339178880569,52.4,14:34:58
17050000,68200.00001205916,-3625980.7354771066,-3088739.517998562,300.1968308013078,52.4,14:33:38
17062500,68250.00001206934,-3628038.353864759,-3089959.7494539088,300.66474148100673,52.4,14:32:17
17075000,68300.00001207953,-3626267.343000926,-3087003.8211087044,301.32684345884496,52.4,14:30:57
17087500,68350.00001208972,-3630919.3992289063,-3092620.5252086977,300.7878225784725,52.4,14:29:36
17100000,68400.0000120999,-3629076.103030935,-3091724.7500499925,300.25837173990845,52.4,14:28:18
17112500,68450.00001211009,-3629115.966735361,-3090654.1139190327,300.878891015687,52.4,14:27:03
17125000,68500.00001212028,-3626142.4574261475,-3085716.2103790855,301.97654492481627,52.4,14:25:48
17137500,68550.00001213046,-3631691.797699241,-3092413.590712822,301.3350491187881,52.4,14:24:33
17150000,68600.00001214065,-3629842.6975132395,-3089041.3246062007,302.18615578610695,52.4,14:23:18
17162500,68650.00001215083,-3629985.55940409,-3091200.971735907,301.0592271041403,52.4,14:22:03
17175000,68700.00001216102,-3627544.4219170753,-3086854.1717206226,302.1240632204909,52.4,14:20:48
17187500,68750.00001217121,-3631439.9011602215,-3093332.5327762,300.68081406312876,52.4,14:19:33
17200000,68800.0000121814,-3627101.04258319,-3090742.956278211,299.7033593943102,52.3,14:18:18
17212500,68850.00001219158,-3630055.5192846805,-3091125.09785787,301.1407153271943,52.3,14:17:03
17225000,68900.00001220177,-3628470.6218929384,-3089329.5271390723,301.2584342643476,52.3,14:15:48
17237500,68950.00001221195,-3628307.2030756604,-3090086.7206469937,300.74401933595,52.3,14:14:33
17250000,69000.00001222214,-3627481.797561407,-3088724.882164878,301.0437645372685,52.3,14:13:18
17262500,69050.00001223233,-3629160.324099658,-3089750.9285780443,301.4083539606759,52.3,14:12:03
17275000,69100.00001224251,-3628225.0462727956,-3088785.978138094,301.42493426784677,52.3,14:10:47
17287500,69150.0000122527,-3629876.9976781607,-3091577.034308263,300.7884312795806,52.3,14:09:32
17300000,69200.00001226288,-3631943.4791933205,-3093458.3270869628,300.891910070814,52.3,14:08:17
17312500,69250.00001227307,-3628545.614160817,-3091981.6978247585,299.81837201993085,52.3,14:07:02
17325000,69300.00001228326,-3629207.7199254725,-3088491.0274613313,302.13883849219593,52.3,14:05:46
17337500,69350.00001229344,-3628159.747079974,-3089436.3039894565,301.0250610576072,52.3,14:04:31
17350000,69400.00001230363,-3631542.446588887,-3091062.596915349,302.00649671940533,52.3,14:03:16
17362500,69450.00001231382,-3626907.533478733,-3089489.7875548187,300.2954704404909,52.2,14:02:00
17375000,69500.000012324,-3628570.8477444313,-3088831.5215373007,301.5927108993359,52.2,14:00:45
17387500,69550.00001233419,-3628279.9080204293,-3089341.2301848205,301.1453288000154,52.2,13:59:28
17400000,69600.00001234438,-3626010.1692321133,-3088038.419329918,300.6050338788878,52.2,13:58:07
17412500,69650.00001235456,-3630033.0853881016,-3092057.0770461597,300.60741338752285,52.2,13:56:45
17425000,69700.00001236475,-3629548.9261134434,-3089761.1578927236,301.6197790737128,52.2,13:55:24
17437500,69750.00001237493,-3630511.338741835,-3091751.17989174,301.04557689724686,52.2,13:54:03
17450000,69800.00001238512,-3627825.314660091,-3090562.078439921,300.2091343183113,52.2,13:52:42
17462500,69850.0000123953,-3627121.3007607795,-3088070.998616414,301.2077016460274,52.2,13:51:20
17475000,69900.0000124055,-3630766.5756227877,-3091839.252487827,301.1389840799185,52.2,13:49:59
17487500,69950.00001241568,-3629721.183758499,-3091275.4359341846,300.8698919526864,52.2,13:48:38
17500000,70000.00001242587,-3626946.8462543115,-3089792.163732162,300.1484772520674,52.2,13:47:17
17512500,70050.00001243605,-3630546.1095433664,-3093123.4848476984,300.2981965749924,52.2,13:45:56
17525000,70100.00001244624,-3627601.7807299793,-3087551.494951994,301.7664672580084,52.2,13:44:35
17537500,70150.00001245642,-3628125.0527106877,-3090303.898752553,300.52088466682505,52.2,13:43:14
17550000,70200.00001246661,-3627522.757082455,-3090982.995766677,299.80487480434067,52.2,13:41:54
17562500,70250.0000124768,-3634290.268864833,-3095442.2846537693,301.09465149198934,52.2,13:40:38
17575000,70300.00001248698,-3625897.9323224816,-3087349.65258405,300.9271841980925,52.2,13:39:22
17587500,70350.00001249717,-3630437.202938147,-3092481.4223133503,300.59611064978844,52.2,13:38:06
17600000,70400.00001250736,-3625765.641345106,-3086809.063592285,301.15533082190774,52.2,13:36:51
17612500,70450.00001251754,-3627357.0371807087,-3087780.6840267964,301.50164567110966,52.2,13:35:35
17625000,70500.00001252773,-3629921.6382837053,-3090942.0971643995,301.1681621714375,52.2,13:34:19
17637500,70550.00001253792,-3630901.3890217394,-3091502.211838028,301.4026442113966,52.2,13:33:03
17650000,70600.0000125481,-3627885.038070537,-3089904.3546155686,300.61002572266875,52.2,13:31:47
17662500,70650.00001255829,-3628383.30304008,-3090579.4972500894,300.51119094838407,52.1,13:30:32
17675000,70700.00001256847,-3627433.5004856363,-3087951.5166182974,301.448914495927,52.1,13:29:15
17687500,70750.00001257866,-3628673.748546673,-3089774.512602286,301.1232896668282,52.1,13:27:59
17700000,70800.00001258885,-3629799.858439373,-3090072.7988196267,301.58585663994944,52.1,13:26:43
17712500,70850.00001259903,-3627870.6462563463,-3088458.4814155204,301.409901386346,52.1,13:25:26
17725000,70900.00001260922,-3629912.5083860066,-3091454.5764052863,300.87670015172245,52.1,13:24:10
17737500,70950.0000126194,-3628257.4423505627,-3089629.001081687,300.9719764377951,52.1,13:22:53
17750000,71000.00001262959,-3626572.642106898,-3088619.7028915565,300.5945229419103,52.1,13:21:37
17762500,71050.00001263978,-3627688.2111010253,-3089709.053781557,300.6091729566752,52.1,13:20:20
17775000,71100.00001264997,-3625979.5015673228,-3087061.6811015564,301.13367422824786,52.1,13:19:04
17787500,71150.00001266015,-3628212.7575245798,-3087488.3525686916,302.1431480378983,52.1,13:17:47
17800000,71200.00001267034,-3627310.820789866,-3087456.5139716337,301.6569591623756,52.1,13:16:31
17812500,71250.00001268052,-3626723.6737659685,-3088158.1182929063,300.9368374425143,52.1,13:15:14
17825000,71300.00001269071,-3629375.710255578,-3091930.1354437442,300.3110205205784,52.1,13:13:58
17837500,71350.0000127009,-3626879.6311475746,-3087298.410895113,301.50436528291937,52,13:12:41
17850000,71400.00001271108,-3627407.2999050617,-3091047.1141932686,299.70453248984285,52,13:11:20
17862500,71450.00001272127,-3624524.2091462053,-3084758.9821350807,301.60718361479627,52,13:09:58
17875000,71500.00001273146,-3630487.8827415984,-3092352.423959614,300.6965102684274,52,13:08:37
17887500,71550.00001274164,-3629858.4677044395,-3091473.284221109,300.8360501277643,52,13:07:16
17900000,71600.00001275183,-3630722.686241364,-3089764.395417968,302.2738375567046,52,13:05:54
17912500,71650.00001276202,-3629253.09989061,-3091443.8179902863,300.5142508606053,52,13:04:32
17925000,71700.0000127722,-3629908.4283795897,-3092082.7185390634,300.5234303789017,52,13:03:11
17937500,71750.00001278239,-3630024.3861940764,-3092026.4261807054,300.61967942739346,52,13:01:49
17950000,71800.00001279257,-3625652.9273707196,-3084231.629971111,302.5325539438638,52,13:00:28
17962500,71850.00001280276,-3623992.7705700155,-3082055.9891659287,302.8205933932557,52,12:59:06
17975000,71900.00001281295,-3631927.80032311,-3094726.7029692754,300.1744126883682,52,12:57:44
17987500,71950.00001282313,-3628270.1906319074,-3088495.459410449,301.612494327617,52,12:56:23
18000000,72000.00001283332,-3628055.3278712947,-3088086.932902426,301.7207087410356,52,12:55:01
18012500,72050.0000128435,-3630335.918031696,-3090905.086179442,301.42033204112295,52,12:53:45
18025000,72100.00001285369,-3630466.3183773514,-3091453.8975262186,301.18653453560256,52,12:52:28
18037500,72150.00001286388,-3629289.1960397717,-3092672.766866051,299.84771486804016,52,12:51:11
18050000,72200.00001287406,-3631058.9355508722,-3093495.3450012533,300.3769647357934,52,12:49:54
18062500,72250.00001288425,-3630304.5577111356,-3090770.351536465,301.4780950030215,52,12:48:37
18075000,72300.00001289444,-3626142.867288811,-3087081.1086623315,301.2141032390381,52,12:47:20
18087500,72350.00001290462,-3628297.1049800925,-3090818.2412053947,300.32962155271684,52,12:46:03
18100000,72400.00001291481,-3629556.6513067633,-3091226.828941191,300.80511573263584,52,12:44:46
18112500,72450.000012925,-3627761.111054158,-3089835.505470123,300.579249598716,52,12:43:29
18125000,72500.00001293518,-3632874.769008694,-3095542.2853503968,300.2478280387308,52,12:42:12
18137500,72550.00001294537,-3626938.2004067805,-3087454.610795343,301.4498117451956,51.9,12:40:55
18150000,72600.00001295556,-3630348.4090027977,-3091533.3675272954,301.07624392292786,51.9,12:39:38
18162500,72650.00001296574,-3623842.4403334744,-3085192.145458816,300.9841876810581,51.9,12:38:21
18175000,72700.00001297593,-3627162.7338088565,-3088817.8788409,300.81351557138186,51.9,12:37:03
18187500,72750.00001298611,-3629081.826672172,-3093369.876847362,299.3423146395497,51.9,12:35:46
18200000,72800.0000129963,-3628792.0017984323,-3090919.3886998976,300.5496387355026,51.9,12:34:29
18212500,72850.00001300649,-3628806.3452827297,-3090301.100052105,300.90313760144574,51.9,12:33:12
18225000,72900.00001301667,-3626917.531754069,-3090511.067323155,299.73039186987876,51.9,12:31:54
18237500,72950.00001302686,-3628167.68459541,-3089001.242527626,301.27259770352526,51.9,12:30:37
18250000,73000.00001303705,-3628605.9938393664,-3090644.0978847453,300.59952774172535,51.9,12:29:20
18262500,73050.00001304723,-3628661.291101953,-3089231.89189479,301.4195315152099,51.9,12:28:02
18275000,73100.00001305742,-3630586.472569784,-3093762.132989336,299.96388995505816,51.9,12:26:44
18287500,73150.0000130676,-3628419.805364212,-3086782.8845674037,302.6530388552595,51.9,12:25:26
18300000,73200.00001307779,-3629479.515238095,-3088750.4142794823,302.14577204568025,51.9,12:24:06
18312500,73250.00001308798,-3627922.457390042,-3087631.0354384463,301.9012080648458,51.9,12:22:44
18325000,73300.00001309816,-3628697.4177968055,-3092200.3074927637,299.7810424956177,51.9,12:21:22
18337500,73350.00001310835,-3627313.8436586056,-3088672.401021229,300.97924127432094,51.9,12:20:00
18350000,73400.00001311854,-3629071.848949004,-3089133.2239372153,301.70407404049905,51.9,12:18:38
18362500,73450.00001312872,-3627059.6968007293,-3088973.1204312327,300.6691960102629,51.9,12:17:16
18375000,73500.00001313891,-3630248.362033043,-3092445.650300554,300.51057961666936,51.9,12:15:54
18387500,73550.0000131491,-3628388.2661271114,-3090340.1013558367,300.64773257879654,51.9,12:14:31
18400000,73600.00001315928,-3626697.364071183,-3090730.084087287,299.4849866871733,51.9,12:13:09
18412500,73650.00001316947,-3629811.306045158,-3091591.8640128323,300.7434379887372,51.9,12:11:47
18425000,73700.00001317966,-3628991.55759912,-3088665.078497339,301.9207971154253,51.8,12:10:25
18437500,73750.00001318984,-3626663.532012943,-3089124.7031512964,300.36312852961146,51.8,12:09:04
18450000,73800.00001320003,-3629552.8405446,-3090818.2192557883,301.0313071526439,51.8,12:07:42
18462500,73850.00001321021,-3628320.083735438,-3090471.6428682418,300.5361319028079,51.8,12:06:21
18475000,73900.0000132204,-3630055.7427410707,-3091694.414225947,300.8227205736985,51.8,12:05:04
18487500,73950.00001323059,-3632339.271231929,-3093972.086609862,300.82599281843335,51.8,12:03:46
18500000,74000.00001324077,-3629817.3304389454,-3090939.753252049,301.11118729987237,51.8,12:02:29
18512500,74050.00001325096,-3628588.798054626,-3090305.443526518,300.7791506780439,51.8,12:01:11
18525000,74100.00001326115,-3629897.4203423634,-3091154.066078279,301.03618691878063,51.8,11:59:53
18537500,74150.00001327133,-3628566.201833546,-3090586.443775589,300.6095086341784,51.8,11:58:35
18550000,74200.00001328152,-3630485.063807141,-3091916.636735819,300.9384420191345,51.8,11:57:17
18562500,74250.0000132917,-3627206.447915364,-3088199.949150893,301.1832254230667,51.8,11:56:00
18575000,74300.00001330189,-3626575.8965839706,-3087999.3512177803,300.94297831737754,51.8,11:54:42
18587500,74350.00001331208,-3632113.5821935833,-3092693.2853014125,301.41444537136084,51.8,11:53:24
18600000,74400.00001332226,-3634069.6865907703,-3096617.8721218547,300.31450708344863,51.8,11:52:06
18612500,74450.00001333245,-3629679.6352353524,-3090713.4644389953,301.1606911724793,51.8,11:50:48
18625000,74500.00001334264,-3623871.9381976873,-3087074.014768223,299.9491292767086,51.8,11:49:30
18637500,74550.00001335282,-3628338.3767886627,-3087907.829870356,301.97894758432665,51.7,11:48:11
18650000,74600.00001336301,-3628140.5681198817,-3090076.205475895,300.65678354118677,51.7,11:46:53
18662500,74650.0000133732,-3630171.2489363234,-3089824.1417167773,301.93232358691887,51.7,11:45:34
18675000,74700.00001338338,-3628892.117950702,-3089365.3995515704,301.4739110230635,51.7,11:44:16
18687500,74750.00001339357,-3630861.5967632737,-3093877.0994060235,300.05338207788856,51.7,11:42:58
18700000,74800.00001340375,-3630061.4642101806,-3093078.0558604323,300.0527735679862,51.7,11:41:40
18712500,74850.00001341394,-3628406.576009022,-3089187.558520318,301.3019755215794,51.7,11:40:21
18725000,74900.00001342413,-3630983.198567463,-3092671.0003863047,300.7952677832709,51.7,11:39:03
18737500,74950.00001343431,-3625666.3099010624,-3086909.8086492615,301.0435331236486,51.7,11:37:45
18750000,75000.0000134445,-3629184.0024054777,-3090862.0002581393,300.8007459920919,51.7,11:36:27
18762500,75050.00001345469,-3630145.7023451626,-3092930.528635825,300.1822782004951,51.7,11:35:09
18775000,75100.00001346487,-3628168.7118862327,-3088648.5631997753,301.47024003345956,51.7,11:33:48
18787500,75150.00001347506,-3628825.622905042,-3089870.8178420863,301.1543402875588,51.7,11:32:26
18800000,75200.00001348525,-3626633.393470809,-3086886.6074919617,301.59687923146464,51.7,11:31:04
18812500,75250.00001349543,-3627230.1473472696,-3088341.1097318605,301.11759109803063,51.7,11:29:42
18825000,75300.00001350562,-3629131.382030042,-3090753.4920292515,300.83197471382925,51.7,11:28:19
18837500,75350.0000135158,-3628177.0503679905,-3091715.0093062376,299.7614466882762,51.7,11:26:57
18850000,75400.00001352599,-3628525.2533919774,-3089607.989480644,301.1333632396797,51.7,11:25:34
18862500,75450.00001353618,-3628902.922124019,-3090232.0506137935,300.99568538559913,51.7,11:24:12
18875000,75500.00001354636,-3630066.9811018594,-3090936.00304498,301.2527813094462,51.7,11:22:49
18887500,75550.00001355655,-3627641.0188376103,-3088850.5015680506,301.0625404157093,51.7,11:21:27
18900000,75600.00001356674,-3626831.677544968,-3088000.4654452144,301.0852796595662,51.7,11:20:05
18912500,75650.00001357692,-3627608.8729644865,-3089195.693510444,300.8516935694987,51.7,11:18:42
18925000,75700.00001358711,-3627368.0146277063,-3088699.8543745605,300.99417040358276,51.7,11:17:20
18937500,75750.0000135973,-3629597.1205312517,-3091630.140609421,300.6023685342683,51.7,11:15:58
18950000,75800.00001360748,-3626710.850693416,-3087828.082181406,301.11408808130136,51.7,11:14:39
18962500,75850.00001361767,-3625564.5571178254,-3088736.1485582637,299.96616359787384,51.6,11:13:21
18975000,75900.00001362785,-3630667.632379962,-3091113.5644293376,301.48919326205566,51.6,11:12:02
18987500,75950.00001363804,-3627087.502616206,-3086877.8113275385,301.8555390335205,51.6,11:10:44
19000000,76000.00001364823,-3627865.3205128144,-3089298.811141536,300.93737045675823,51.6,11:09:25
19012500,76050.00001365841,-3630183.327762656,-3090293.337424599,301.676898212498,51.6,11:08:07
19025000,76100.0000136686,-3630590.5089861695,-3094279.6601908174,299.67696426634245,51.6,11:06:49
19037500,76150.00001367879,-3629325.7930282652,-3089890.4602109855,301.42284706676156,51.6,11:05:30
19050000,76200.00001368897,-3628885.630231185,-3089836.8531905273,301.2068494565733,51.6,11:04:12
19062500,76250.00001369916,-3629186.3960387707,-3089062.519991166,301.8075876430399,51.6,11:02:54
19075000,76300.00001370934,-3629379.304100221,-3091980.1309614554,300.2850924369805,51.6,11:01:35
19087500,76350.00001371953,-3630860.237976916,-3091577.3892607745,301.3376428001864,51.6,11:00:17
19100000,76400.00001372972,-3631750.9814351927,-3090817.8877225183,302.25975804728125,51.6,10:58:58
19112500,76450.0000137399,-3629239.3740571234,-3091413.13726866,300.5237248241072,51.6,10:57:40
19125000,76500.00001375009,-3628604.6542471126,-3091137.7087095575,300.3229619426522,51.6,10:56:21
19137500,76550.00001376028,-3631423.5687266253,-3094180.3684596806,300.19793873341456,51.6,10:55:02
19150000,76600.00001377046,-3631667.477194093,-3093802.207539454,300.54553540442333,51.5,10:53:44
19162500,76650.00001378065,-3629055.846702466,-3089311.4217273844,301.5955599621591,51.5,10:52:25
19175000,76700.00001379084,-3628389.15655932,-3089549.4609555025,301.090020027489,51.5,10:51:06
19187500,76750.00001380102,-3629652.4687615093,-3090661.2805095655,301.1746702951482,51.5,10:49:48
19200000,76800.00001381121,-3629285.6874834206,-3091379.468975092,300.56841659019756,51.5,10:48:29
19212500,76850.0000138214,-3627591.267182667,-3087327.212209397,301.8859160881794,51.5,10:47:09
19225000,76900.00001383158,-3630995.207977917,-3093062.699874017,300.5831065525772,51.5,10:45:50
19237500,76950.00001384177,-3628182.3958202433,-3088388.621713381,301.6231350112831,51.5,10:44:28
19250000,77000.00001385195,-3630326.1877748016,-3092327.6934166625,300.6199780057617,51.5,10:43:05
19262500,77050.00001386214,-3626971.2626185976,-3087299.53210139,301.5549401341179,51.5,10:41:42
19275000,77100.00001387233,-3629644.1244672555,-3091486.6194051486,300.70882917324786,51.5,10:40:19
19287500,77150.00001388251,-3627761.381138157,-3087636.627246986,301.80807815986554,51.5,10:38:57
19300000,77200.0000138927,-3628638.7811939567,-3091033.0614635935,300.4005054585306,51.5,10:37:34
19312500,77250.00001390289,-3630762.0625671353,-3093597.115529521,300.1542128042031,51.5,10:36:11
19325000,77300.00001391307,-3630801.7296309806,-3091705.0209685424,301.2336324368914,51.5,10:34:48
19337500,77350.00001392326,-3630336.836272385,-3091552.716629694,301.0589655833094,51.5,10:33:25
19350000,77400.00001393344,-3627541.2036598306,-3090686.7806923236,299.9806997923548,51.5,10:32:02
19362500,77450.00001394363,-3629001.671616774,-3089934.336379178,301.2172193085601,51.5,10:30:39
19375000,77500.00001395382,-3626599.415385969,-3086210.278330396,301.95580879833597,51.5,10:29:16
19387500,77550.000013964,-3629757.8838787414,-3090335.252282315,301.4157499451645,51.5,10:27:54
19400000,77600.00001397419,-3630338.851285426,-3091124.5812933794,301.2993227402878,51.5,10:26:31
19412500,77650.00001398438,-3630575.804746149,-3090687.6304408824,301.67588345921683,51.5,10:25:12
19425000,77700.00001399456,-3629181.5405098926,-3090568.83705298,300.9631825457381,51.5,10:23:52
19437500,77750.00001400475,-3630062.717622591,-3089828.728867417,301.8691158444659,51.5,10:22:32
19450000,77800.00001401494,-3629628.8788997736,-3092936.4972328637,299.8901552039734,51.5,10:21:13
19462500,77850.00001402512,-3630125.3798023257,-3091771.782920905,300.8184003319544,51.5,10:19:53
19475000,77900.00001403531,-3630288.1401324645,-3091016.4653117647,301.3313991094749,51.4,10:18:34
19487500,77950.0000140455,-3632186.1369689293,-3092443.309981838,301.594667046808,51.4,10:17:14
19500000,78000.00001405568,-3627862.8572156336,-3087645.9560291986,301.85956774239423,51.4,10:15:54
19512500,78050.00001406587,-3628316.678821368,-3088231.7143311836,301.7858448469943,51.4,10:14:34
19525000,78100.00001407605,-3629542.460519405,-3092058.141613831,300.33266974214746,51.4,10:13:14
19537500,78150.00001408624,-3628904.175983807,-3089214.8302446567,301.5647830754805,51.4,10:11:54
19550000,78200.00001409643,-3628348.864176687,-3087965.15574606,301.9527754197503,51.4,10:10:35
19562500,78250.00001410661,-3631773.1892131995,-3091708.511985609,301.774508836766,51.4,10:09:15
19575000,78300.0000141168,-3627701.2676881533,-3086157.4992533494,302.6009876668071,51.4,10:07:55
19587500,78350.00001412698,-3628820.5210580267,-3090491.4083840502,300.8047191748867,51.4,10:06:35
19600000,78400.00001413717,-3632872.2876495514,-3093763.2759070443,301.24050708746836,51.4,10:05:15
19612500,78450.00001414736,-3631094.1679566,-3092170.078147818,301.1371773788685,51.4,10:03:56
19625000,78500.00001415754,-3631534.755643612,-3092814.7548221224,301.0231376045671,51.4,10:02:36
19637500,78550.00001416773,-3630870.018850103,-3091778.577595551,301.23068914232925,51.4,10:01:16
19650000,78600.00001417792,-3630303.0412818883,-3090696.5813849904,301.5184685591085,51.4,9:59:56
19662500,78650.0000141881,-3629585.350408146,-3089465.4513032064,301.80536542786837,51.4,9:58:36
19675000,78700.00001419829,-3629381.982983429,-3089934.0283378772,301.42989982578825,51.4,9:57:16
19687500,78750.00001420848,-3626837.4699137975,-3089393.2866801205,300.31024294183175,51.3,9:55:56
19700000,78800.00001421866,-3627144.9886658154,-3089675.423337631,300.32442581552493,51.3,9:54:36
19712500,78850.00001422885,-3627328.2466069087,-3088439.2902146066,301.1175457126089,51.3,9:53:14
19725000,78900.00001423903,-3629620.7473066486,-3092905.196467246,299.90310155270527,51.3,9:51:51
19737500,78950.00001424922,-3627211.1961183697,-3087297.0885676686,301.69037430213524,51.3,9:50:28
19750000,79000.0000142594,-3629401.455375755,-3092261.6495194975,300.1401645466974,51.3,9:49:04
19762500,79050.0000142696,-3626485.1324358582,-3086782.6149078594,301.57214313859475,51.3,9:47:41
19775000,79100.00001427978,-3631062.5302196424,-3092582.171880553,300.889231434673,51.3,9:46:18
19787500,79150.00001428997,-3626719.567581646,-3088021.6888016877,301.01077636618413,51.3,9:44:54
19800000,79200.00001430015,-3627897.8083699923,-3088348.299177059,301.48664594333405,51.3,9:43:31
19812500,79250.00001431034,-3624557.3878575936,-3087807.783158675,299.9221299897847,51.3,9:42:08
19825000,79300.00001432053,-3630011.3794998284,-3091885.693056183,300.69104973244566,51.3,9:40:44
19837500,79350.00001433071,-3629661.922108274,-3090622.1315697636,301.2018280260189,51.3,9:39:21
19850000,79400.0000143409,-3630845.922072146,-3091713.2196987546,301.2537448139865,51.3,9:37:58
19862500,79450.00001435108,-3631470.67001383,-3090557.3627682934,302.2487018689127,51.3,9:36:34
19875000,79500.00001436127,-3631022.6596829463,-3092334.7171366015,301.0052242496602,51.3,9:35:12
19887500,79550.00001437146,-3627708.786793178,-3086927.521226122,302.1749203120922,51.3,9:33:51
19900000,79600.00001438164,-3629576.369569933,-3090869.402384674,301.0158547376481,51.3,9:32:31
19912500,79650.00001439183,-3629208.03062308,-3090439.711514323,301.0501366437988,51.3,9:31:10
19925000,79700.00001440202,-3628973.8482863456,-3089146.8049997836,301.6417249890888,51.3,9:29:50
19937500,79750.0000144122,-3630077.90077604,-3092684.334209929,300.28195962570703,51.3,9:28:30
19950000,79800.00001442239,-3628587.7230936717,-3090635.061688926,300.594367708362,51.3,9:27:09
19962500,79850.00001443257,-3627611.3871337064,-3089648.249696045,300.60022145110986,51.3,9:25:49
19975000,79900.00001444276,-3630587.192138575,-3091974.443877358,300.9632075812524,51.3,9:24:28
19987500,79950.00001445295,-3627365.9551765863,-3086962.710955275,301.96369152644445,51.3,9:23:08
20000000,80000.00001446313,-3629443.148558829,-3090058.0861005206,301.39475725913803,51.3,9:21:47
20012500,80050.00001447332,-3631141.562216243,-3093541.5590454545,300.3973111893426,51.3,9:20:27
20025000,80100.0000144835,-3626759.9371700287,-3089771.0648492137,300.0558266970918,51.3,9:19:06
20037500,80150.0000144937,-3627408.580455372,-3088298.8832298834,301.24089011805506,51.2,9:17:45
20050000,80200.00001450388,-3626366.786449397,-3088509.4982783846,300.5410755528487,51.2,9:16:24
20062500,80250.00001451407,-3628018.2632841915,-3089334.5461073006,301.00286321986977,51.2,9:15:03
20075000,80300.00001452425,-3630414.5003502145,-3092505.688018336,300.5698659533214,51.2,9:13:42
20087500,80350.00001453444,-3629729.454110356,-3089487.5332593163,301.8735480994065,51.2,9:12:21
20100000,80400.00001454462,-3627498.90296923,-3089919.3766949605,300.3858692164643,51.2,9:11:01
20112500,80450.00001455481,-3632386.5723162666,-3093087.7438404467,301.3465718865189,51.2,9:09:40
20125000,80500.000014565,-3628824.6906942334,-3088147.375695997,302.11683535824955,51.2,9:08:19
20137500,80550.00001457518,-3628912.612178983,-3089626.401376688,301.3395214490602,51.2,9:06:59
20150000,80600.00001458537,-3627233.364914885,-3091791.487615475,299.1914049297695,51.2,9:05:38
20162500,80650.00001459556,-3632177.58971449,-3093525.259613005,300.9853249144338,51.2,9:04:17
20175000,80700.00001460574,-3624740.18492797,-3085013.0466191564,301.5859006094144,51.2,9:02:56
20187500,80750.00001461593,-3627817.0892394707,-3089042.768286897,301.0534903226194,51.2,9:01:33
20200000,80800.00001462612,-3631726.1105066705,-3092227.8299509883,301.4580206739974,51.2,9:00:09
20212500,80850.0000146363,-3629354.3186194953,-3089950.0765005304,301.40547436936265,51.2,8:58:46
20225000,80900.00001464649,-3629005.012040481,-3093383.926674996,299.29154187336115,51.2,8:57:22
20237500,80950.00001465667,-3630240.1150105726,-3089937.9809031584,301.9071937471113,51.2,8:55:58
20250000,81000.00001466686,-3632843.971927926,-3093761.45213156,301.22570405669813,51.2,8:54:34
20262500,81050.00001467705,-3629696.814651016,-3092829.2890240336,299.9880212277205,51.2,8:53:11
20275000,81100.00001468723,-3628261.655778935,-3089560.9911763086,301.01233301356876,51.2,8:51:47
20287500,81150.00001469742,-3627948.059684165,-3090598.147526429,300.2575666442711,51.2,8:50:23
20300000,81200.0000147076,-3627581.262608664,-3090932.767671408,299.8656324072708,51.2,8:49:00
20312500,81250.00001471779,-3628859.2392695397,-3090950.4645021292,300.56984496324503,51.2,8:47:36
20325000,81300.00001472798,-3624793.4545897935,-3084074.889184837,302.1398850442447,51.2,8:46:12
20337500,81350.00001473817,-3625446.9068271536,-3087293.9455922446,300.70629019730893,51.2,8:44:49
20350000,81400.00001474835,-3629827.9438784923,-3090225.9688183973,301.5159625455135,51.2,8:43:26
20362500,81450.00001475854,-3631091.0707326457,-3091642.11621238,301.4304585305387,51.2,8:42:05
20375000,81500.00001476872,-3627963.2387392595,-3089126.5690360516,301.0883292306106,51.2,8:40:44
20387500,81550.00001477891,-3628162.2254862096,-3089557.4230273133,300.9587676674908,51.2,8:39:22
20400000,81600.0000147891,-3629010.8182584476,-3091216.4241450336,300.50593194109103,51.1,8:38:02
20412500,81650.00001479928,-3627877.3635476492,-3088453.7735559926,301.4162854722263,51.1,8:36:40
20425000,81700.00001480947,-3627287.9730500747,-3087731.4303281996,301.49057610175987,51.1,8:35:19
20437500,81750.00001481966,-3629830.946590837,-3092596.8773624967,300.19283653953636,51.1,8:33:58
20450000,81800.00001482984,-3629114.2214610837,-3090649.8718840294,300.88028614255546,51.1,8:32:37
20462500,81850.00001484003,-3629382.244575644,-3089791.1593459425,301.50987758318047,51.1,8:31:15
20475000,81900.00001485021,-3629048.6068886593,-3090956.6118191495,300.6722238430466,51.1,8:29:54
20487500,81950.0000148604,-3630015.980603084,-3092188.332439264,300.5245134650293,51.1,8:28:33
20500000,82000.00001487059,-3628756.021246625,-3089399.959740958,301.37855225886995,51.1,8:27:11
20512500,82050.00001488077,-3627603.272461977,-3089701.5615181373,300.5658978769451,51.1,8:25:50
20525000,82100.00001489096,-3630657.062426893,-3093067.682517322,300.3913751791366,51.1,8:24:29
20537500,82150.00001490115,-3627663.233034065,-3088556.123736592,301.2394440492065,51.1,8:23:08
20550000,82200.00001491133,-3627195.937080303,-3087483.1821838655,301.57786352165755,51.1,8:21:46
20562500,82250.00001492152,-3629621.4071890377,-3090020.4106569584,301.5154157687591,51.1,8:20:24
20575000,82300.0000149317,-3628730.486180315,-3088524.063815518,301.85371244137866,51.1,8:19:03
20587500,82350.00001494189,-3628295.9631877076,-3089423.9924907074,301.10805453484227,51.1,8:17:42
20600000,82400.00001495208,-3625973.0282436963,-3085016.6717205737,302.27275671853903,51.1,8:16:20
20612500,82450.00001496226,-3628037.0922170244,-3088290.660675105,301.59668118105645,51.1,8:14:59
20625000,82500.00001497245,-3628958.3472033143,-3090865.230159379,300.67285077403363,51.1,8:13:37
20637500,82550.00001498264,-3628762.718189312,-3089517.818562193,301.3164378071857,51,8:12:16
20650000,82600.00001499282,-3626795.4696491193,-3088559.0323919836,300.7529344913524,51,8:10:54
20662500,82650.00001500301,-3631353.3404105175,-3093784.722708063,300.37977378189777,51,8:09:32
20675000,82700.0000150132,-3629629.1031230036,-3090085.5524195367,301.4833164898297,51,8:08:08
20687500,82750.00001502338,-3627401.7536920235,-3088415.7903096825,301.1717507699051,51,8:06:44
20700000,82800.00001503357,-3628663.1865781713,-3088247.6353934617,301.9705683469283,51,8:05:20
20712500,82850.00001504376,-3628289.2531084865,-3089589.9850813267,301.0115526424516,51,8:03:56
20725000,82900.00001505394,-3629186.9576687887,-3089471.6636049068,301.57928234432944,51,8:02:32
20737500,82950.00001506413,-3626686.262208948,-3089113.6437351536,300.38200931193154,51,8:01:08
20750000,83000.00001507431,-3631222.2373986486,-3092612.513837071,300.9615174554459,51,7:59:44
20762500,83050.0000150845,-3629873.058553947,-3089716.662119438,301.8257592143333,51,7:58:20
20775000,83100.00001509469,-3624613.6737409476,-3088004.5174595267,299.84365095941206,51,7:56:56
20787500,83150.00001510487,-3629545.405429773,-3089809.7628602902,301.5906525756039,51,7:55:32
20800000,83200.00001511506,-3629412.562372394,-3089573.905609475,301.6482143065191,51,7:54:08
20812500,83250.00001512525,-3629911.765857352,-3091843.656396065,300.65887716811363,51,7:52:44
20825000,83300.00001513543,-3625308.423105765,-3085569.5628686966,301.59245052702755,51,7:51:20
20837500,83350.00001514562,-3626502.2311927024,-3087124.4635777,301.39068108484156,51,7:49:58
20850000,83400.0000151558,-3627264.825246237,-3090036.93274647,300.18938513952804,51,7:48:37
20862500,83450.00001516599,-3625565.1594676618,-3087615.1220728722,300.59290147783616,51,7:47:15
20875000,83500.00001517618,-3630384.4524014574,-3090817.9690634846,301.49613066710555,51,7:45:53
20887500,83550.00001518636,-3625457.7393125705,-3086397.9903407125,301.2129802947651,51,7:44:31
20900000,83600.00001519655,-3631420.194511829,-3091102.885449098,301.91567312908256,51,7:43:09
20912500,83650.00001520674,-3632168.2754543573,-3092776.496825669,301.3985100856105,51,7:41:47
20925000,83700.00001521692,-3631725.777868282,-3093962.282792599,300.48866633878845,51,7:40:25
20937500,83750.00001522711,-3628886.281942144,-3088709.226370751,301.8373030185276,51,7:39:03
20950000,83800.0000152373,-3628317.5169520844,-3090006.2351629646,300.79475572653206,51,7:37:41
20962500,83850.00001524748,-3626908.706468491,-3089072.9901838144,300.52902172730126,51,7:36:19
20975000,83900.00001525767,-3625670.987001205,-3086306.8345268397,301.3830732879392,51,7:34:57
20987500,83950.00001526785,-3625736.8600181974,-3088325.8936763965,300.2916821811422,51,7:33:35
21000000,84000.00001527804,-3629690.6618112978,-3092233.6406554203,300.3174164486912,50.9,7:32:13
21012500,84050.00001528823,-3626790.935486749,-3091090.9313419075,299.3356396951267,50.9,7:30:51
21025000,84100.00001529841,-3627278.923194552,-3090523.4220364504,299.9254247823323,50.9,7:29:29
21037500,84150.0000153086,-3631585.3955498673,-3092864.9740070086,301.0233726930481,50.9,7:28:07
21050000,84200.00001531879,-3627467.7178311516,-3088946.198486984,300.9122311652877,50.9,7:26:44
21062500,84250.00001532897,-3631651.5641016867,-3093713.001132347,300.5864898585424,50.9,7:25:22
21075000,84300.00001533916,-3627656.677406652,-3088146.0034166183,301.4649458122668,50.9,7:24:00
21087500,84350.00001534935,-3629508.7784397453,-3092094.918891806,300.2932988316994,50.9,7:22:38
21100000,84400.00001535953,-3626890.939476462,-3087778.753834186,301.24228058254096,50.9,7:21:15
21112500,84450.00001536972,-3632183.480182657,-3093834.86713114,300.81561549361044,50.9,7:19:53
21125000,84500.0000153799,-3629558.192705797,-3091453.4502624054,300.67934675379104,50.9,7:18:31
21137500,84550.00001539009,-3629790.308462573,-3089689.128188667,301.7949058176045,50.9,7:17:09
21150000,84600.00001540028,-3627253.2667212337,-3088063.5250727814,301.2856169210538,50.9,7:15:45
21162500,84650.00001541046,-3629217.875233069,-3089890.8123490354,301.3623485611106,50.9,7:14:21
21175000,84700.00001542065,-3629849.5656521544,-3090587.663216698,301.32593854728424,50.9,7:12:57
21187500,84750.00001543084,-3629248.440434579,-3089556.907867656,301.5660050196378,50.9,7:11:32
21200000,84800.00001544102,-3626840.1442452967,-3086630.693263759,301.8554047559626,50.9,7:10:08
21212500,84850.00001545121,-3626687.5322730783,-3087938.543717504,301.03933521863934,50.9,7:08:43
21225000,84900.0000154614,-3626010.87197043,-3087843.995887753,300.7140654629905,50.9,7:07:19
21237500,84950.00001547158,-3629298.2486295477,-3088680.607483471,302.0834911160037,50.9,7:05:55
21250000,85000.00001548177,-3628252.6077944245,-3092585.463008285,299.31727871494957,50.9,7:04:30
21262500,85050.00001549195,-3626413.3221302666,-3086285.2345565753,301.80994093750616,50.9,7:03:06
21275000,85100.00001550214,-3629730.228859516,-3090925.651245597,301.07039698121343,50.9,7:01:42
21287500,85150.00001551233,-3628943.805368617,-3089889.199081089,301.2101066925777,50.9,7:00:17
21300000,85200.00001552251,-3628831.2135819886,-3091853.2949205744,300.04970606872087,50.9,6:58:53
21312500,85250.0000155327,-3628785.3829287644,-3090317.5356526356,300.8822405685061,50.9,6:57:28
21325000,85300.00001554289,-3630583.8591402173,-3093168.0381743163,300.29439482254463,50.9,6:56:05
21337500,85350.00001555307,-3629572.523892153,-3092158.2980505526,300.2935035073509,50.9,6:54:43
21350000,85400.00001556326,-3627077.672838684,-3088108.1702839187,301.1625528749747,50.9,6:53:20
21362500,85450.00001557345,-3627490.2737571616,-3088163.231899447,301.36233681213423,50.9,6:51:58
21375000,85500.00001558363,-3631142.813816795,-3091222.8665554356,301.6936373850399,50.9,6:50:35
21387500,85550.00001559382,-3628378.0686633494,-3091081.478804681,300.2277714895617,50.8,6:49:13
21400000,85600.000015604,-3630119.6005337667,-3090596.1338471067,301.47209404821695,50.8,6:47:50
21412500,85650.00001561419,-3625134.098422518,-3089032.9111353997,299.5598107080055,50.8,6:46:27
21425000,85700.00001562438,-3627898.1156887133,-3088010.8772263243,301.6753605338402,50.8,6:45:05
21437500,85750.00001563456,-3626956.1879882663,-3087313.187784681,301.53888636010214,50.8,6:43:42
21450000,85800.00001564475,-3630925.178377988,-3089658.4555037506,302.4461816009954,50.8,6:42:20
21462500,85850.00001565494,-3630105.5944914967,-3091061.320390296,301.20433332767215,50.8,6:40:57
21475000,85900.00001566512,-3629634.9406257346,-3091889.280718756,300.4787004967276,50.8,6:39:34
21487500,85950.00001567531,-3630925.9099559933,-3093276.809903543,300.4247452874678,50.8,6:38:12
21500000,86000.0000156855,-3625858.4613757133,-3084376.4209920005,302.56649559005234,50.8,6:36:49
21512500,86050.00001569568,-3624141.6062692627,-3083497.4393029567,302.0983130747594,50.8,6:35:26
21525000,86100.00001570587,-3628515.301585475,-3090667.5472122612,300.5357483072995,50.8,6:34:04
21537500,86150.00001571605,-3626807.1448852755,-3087215.46356968,301.5102106609308,50.8,6:32:41
21550000,86200.00001572624,-3627668.513623556,-3090381.1062116567,300.22264057009886,50.8,6:31:18
21562500,86250.00001573643,-3627178.1799823437,-3088526.605821194,300.9849025140565,50.8,6:29:55
21575000,86300.00001574661,-3626640.116269687,-3089529.276671905,300.1239789326533,50.8,6:28:33
21587500,86350.0000157568,-3627058.663568033,-3089770.8860688424,300.2228473655348,50.8,6:27:10
21600000,86400.00001576699,-3627918.0204924047,-3089476.588206035,300.8674805390194,50.8,6:25:47
21612500,86450.00001577717,-3630201.6882063765,-3092915.068976122,300.22220015409164,50.8,6:24:24
21625000,86500.00001578736,-3628740.8413689584,-3090875.950365805,300.54532382353165,50.8,6:23:01
21637500,86550.00001579754,-3631094.905365348,-3090737.700253697,301.9379660341269,50.8,6:21:37
21650000,86600.00001580773,-3629530.0998151302,-3089996.102367732,301.4779783714904,50.8,6:20:12
21662500,86650.00001581792,-3625893.0450310837,-3085550.5760334693,301.92973186558584,50.7,6:18:47
21675000,86700.0000158281,-3629113.354568474,-3091718.453633191,300.2827052375173,50.7,6:17:23
21687500,86750.00001583829,-3629239.575762445,-3091702.482134883,300.36215892460734,50.7,6:15:58
21700000,86800.00001584848,-3625935.489934083,-3087296.789603469,300.9777089425261,50.7,6:14:33
21712500,86850.00001585866,-3632885.125857476,-3093170.8292518277,301.57872498984716,50.7,6:13:09
21725000,86900.00001586885,-3630219.228371715,-3089228.299073293,302.2920751126594,50.7,6:11:44
21737500,86950.00001587904,-3627366.9904039297,-3087980.054717659,301.3958039716375,50.7,6:10:19
21750000,87000.00001588922,-3628331.390958309,-3089739.1109149344,300.95177045779917,50.7,6:08:54
21762500,87050.00001589941,-3626408.655562207,-3086511.5402311836,301.68087947871226,50.7,6:07:30
21775000,87100.0000159096,-3628199.493657673,-3091225.779314124,300.0473568020266,50.7,6:06:05
21787500,87150.00001591978,-3630259.130426146,-3091897.1040303856,300.8231105317818,50.7,6:04:40
21800000,87200.00001592997,-3630436.151492551,-3091981.5969602033,300.8748129188286,50.7,6:03:15
21812500,87250.00001594015,-3626875.3258292787,-3089303.5480215587,300.3815395689501,50.7,6:01:50
21825000,87300.00001595034,-3628219.066345336,-3091192.874841698,300.076679714409,50.7,6:00:24
21837500,87350.00001596053,-3628380.0952371284,-3090312.1572451554,300.6587813553895,50.7,5:58:59
21850000,87400.00001597071,-3628729.64837081,-3091142.8938861736,300.3899081579562,50.7,5:57:33
21862500,87450.0000159809,-3625030.8480261434,-3087722.0333464947,300.23460241093557,50.7,5:56:07
21875000,87500.00001599109,-3627335.709757993,-3089329.128274351,300.6244968873503,50.7,5:54:42
21887500,87550.00001600127,-3628086.102584025,-3090144.8802713975,300.58797583244205,50.7,5:53:16
21900000,87600.00001601146,-3629807.790578302,-3090528.10620558,301.3358746449609,50.7,5:51:51
21912500,87650.00001602164,-3626967.6712612193,-3086883.551122926,301.7853730444711,50.7,5:50:25
21925000,87700.00001603183,-3629362.58715049,-3089754.9158025244,301.5191454873845,50.8,5:49:00
21937500,87750.00001604202,-3628533.0324182063,-3089553.6971335458,301.1680471562337,50.8,5:47:34
21950000,87800.0000160522,-3625717.3903831467,-3086928.495750051,301.0616337274133,50.8,5:46:08
21962500,87850.00001606239,-3627984.3164217453,-3090740.6670645988,300.1981896736831,50.8,5:44:43
21975000,87900.00001607258,-3629417.2254853602,-3090591.3568544257,301.08229386407476,50.8,5:43:17
21987500,87950.00001608276,-3630060.5524389334,-3092004.5421228753,300.6521164711772,50.8,5:41:52
22000000,88000.00001609295,-3625629.6813136525,-3085134.6200747266,302.01499655816,50.8,5:40:26
22012500,88050.00001610313,-3627501.7355919257,-3089326.092759409,300.71896410150276,50.8,5:39:01
22025000,88100.00001611332,-3626953.5301059075,-3088086.2612313135,301.10542727516946,50.8,5:37:35
22037500,88150.00001612351,-3629571.154488733,-3093167.7804001477,299.7286650645946,50.8,5:36:10
22050000,88200.0000161337,-3624894.9642635956,-3085736.646041991,301.26805830334973,50.8,5:34:44
22062500,88250.00001614388,-3626339.2557019703,-3088231.0571183334,300.68127795771704,50.8,5:33:19
22075000,88300.00001615407,-3630601.464454651,-3089749.2380889114,302.2145714151403,50.8,5:31:53
22087500,88350.00001616425,-3627858.5300320666,-3089352.4812964667,300.9035865797431,50.8,5:30:28
22100000,88400.00001617444,-3628474.1967398264,-3091204.8958232175,300.2125231175908,50.8,5:29:02
22112500,88450.00001618463,-3627946.572008051,-3090515.15472336,300.30310965178774,50.8,5:27:37
22125000,88500.00001619481,-3624459.3392247967,-3085043.5235615307,301.4119413737681,50.8,5:26:11
22137500,88550.000016205,-3627687.9686214253,-3091763.233628398,299.46121362023524,50.8,5:24:46
22150000,88600.00001621518,-3629823.0217716005,-3093791.6719329576,299.52078730469725,50.8,5:23:20
22162500,88650.00001622537,-3627429.0223708004,-3088021.019240718,301.4075759274363,50.8,5:21:55
22175000,88700.00001623556,-3627966.6624500025,-3088303.5082037514,301.5501479303976,50.8,5:20:29
22187500,88750.00001624574,-3626435.345595062,-3086815.3152525607,301.5260513815542,50.8,5:19:04
22200000,88800.00001625593,-3627734.69361954,-3089591.0455051595,300.7010862606476,50.8,5:17:38
22212500,88850.00001626612,-3630476.6416271217,-3093831.8016467886,299.863590109604,50.8,5:16:13
22225000,88900.0000162763,-3629247.987736661,-3091874.7371335165,300.27060757843554,50.8,5:14:47
22237500,88950.00001628649,-3625530.5830834303,-3088674.825889634,299.98144532432565,50.8,5:13:22
22250000,89000.00001629668,-3631992.245004587,-3093845.7092868863,300.7026997804914,50.8,5:11:56
22262500,89050.00001630686,-3630294.330766596,-3091928.6285207253,300.82516450403455,50.8,5:10:31
22275000,89100.00001631705,-3628586.563532252,-3089980.847393119,300.9592782089431,50.8,5:09:05
22287500,89150.00001632723,-3629912.0325396955,-3089771.676762612,301.8167960998766,50.8,5:07:40
22300000,89200.00001633742,-3629919.553469496,-3091218.8348576026,301.0123631925836,50.8,5:06:14
22312500,89250.0000163476,-3628913.935384756,-3086651.6987616094,303.0024495542332,50.8,5:04:49
22325000,89300.0000163578,-3624940.577493537,-3084678.020926485,301.8850788166092,50.8,5:03:23
22337500,89350.00001636798,-3626764.2580003496,-3089228.243066647,300.3615561777079,50.8,5:01:58
22350000,89400.00001637817,-3628655.625296941,-3088612.50221349,301.7624649251096,50.8,5:00:33
22362500,89450.00001638835,-3630417.7482436914,-3090411.0455945972,301.74211410574856,50.8,4:59:07
22375000,89500.00001639854,-3628239.361479504,-3089046.572458174,301.2873197160933,50.8,4:57:42
22387500,89550.00001640873,-3630714.8752298933,-3091959.08934496,301.0431333947007,50.8,4:56:16
22400000,89600.00001641891,-3630133.7748404574,-3091315.617076266,301.0779852263832,50.8,4:54:51
22412500,89650.0000164291,-3627995.8596148174,-3090417.5224352367,300.3852047803683,50.8,4:53:26
22425000,89700.00001643928,-3627632.669459559,-3090189.4136425313,300.3097247248189,50.8,4:52:00
22437500,89750.00001644947,-3627287.3693104107,-3088376.4046414318,301.1298433820632,50.8,4:50:35
22450000,89800.00001645966,-3630619.0516520813,-3090277.613541928,301.92915583169497,50.8,4:49:09
22462500,89850.00001646984,-3627189.1580060385,-3088087.202861785,301.2365640384935,50.8,4:47:44
22475000,89900.00001648003,-3631187.9716397934,-3092341.3530512964,301.09388841657136,50.8,4:46:19
22487500,89950.00001649022,-3625669.8334241714,-3088465.901496463,300.1759965766961,50.8,4:44:53
22500000,90000.0000165004,-3629304.6181978434,-3090524.4190921625,301.056774886194,50.8,4:43:28
22512500,90050.00001651059,-3630159.3828511536,-3091388.7500534346,301.0514294747862,50.8,4:42:02
22525000,90100.00001652077,-3625731.0420521293,-3086845.1426892113,301.1158375217572,50.8,4:40:37
22537500,90150.00001653096,-3630247.7022475824,-3090391.3818973443,301.658084273233,50.8,4:39:12
22550000,90200.00001654115,-3628556.7697074544,-3091898.2329013087,299.87124355012065,50.8,4:37:46
22562500,90250.00001655133,-3629622.5641100984,-3091645.409778215,300.60805373777396,50.8,4:36:21
22575000,90300.00001656152,-3625792.979359405,-3086839.1825253414,301.1537769147045,50.8,4:34:56
22587500,90350.0000165717,-3625457.7460671216,-3087368.0888486393,300.6709175109067,50.8,4:33:30
22600000,90400.0000165819,-3631776.182167053,-3094737.714739631,300.0835391907399,50.8,4:32:05
22612500,90450.00001659208,-3630706.6181342714,-3090792.1255655205,301.69058944050244,50.8,4:30:39
22625000,90500.00001660227,-3631392.5920899995,-3092220.493944337,301.275758177068,50.8,4:29:14
22637500,90550.00001661245,-3626123.8914175313,-3087427.756004967,301.0098022164921,50.8,4:27:49
22650000,90600.00001662264,-3628242.259278113,-3088998.8506812425,301.3156046571207,50.8,4:26:23
22662500,90650.00001663282,-3628754.2494953685,-3089768.3894034605,301.1716930538182,50.8,4:24:58
22675000,90700.00001664301,-3625115.1929798145,-3085230.390430658,301.67399940701523,50.8,4:23:33
22687500,90750.0000166532,-3627450.7720954698,-3087653.451023846,301.62511696565605,50.8,4:22:07
22700000,90800.00001666338,-3628904.992653135,-3090514.1292345603,300.83922393220064,50.8,4:20:42
22712500,90850.00001667357,-3629222.898727894,-3090825.7272739685,300.8427487031214,50.8,4:19:17
22725000,90900.00001668376,-3630270.657062033,-3092403.7830680967,300.5464318687247,50.8,4:17:52
22737500,90950.00001669394,-3631259.5053496566,-3091959.5395886917,301.3472073727496,50.8,4:16:26
22750000,91000.00001670413,-3630806.7853748053,-3090984.636455379,301.6389901402813,50.8,4:15:01
22762500,91050.00001671432,-3629169.9530354813,-3091759.896539284,300.2911737823861,50.8,4:13:36
22775000,91100.0000167245,-3628530.6124132965,-3089356.603208444,301.27682602870254,50.8,4:12:10
22787500,91150.00001673469,-3631581.548359733,-3092899.36639457,301.0020053823095,50.8,4:10:45
22800000,91200.00001674487,-3627620.5174739026,-3088630.5115325036,301.1740096498607,50.8,4:09:20
22812500,91250.00001675506,-3627438.547822399,-3088869.0777326063,300.9390248315271,50.8,4:07:54
22825000,91300.00001676525,-3627996.7101516407,-3090273.7895747875,300.4659943330602,50.8,4:06:29
22837500,91350.00001677543,-3630729.4668047912,-3090371.3446302386,301.9384784657273,50.8,4:05:04
22850000,91400.00001678562,-3631512.0399646424,-3092599.4641262437,301.1307436628644,50.8,4:03:39
22862500,91450.0000167958,-3628788.0588563476,-3091825.387153199,300.04118645331937,50.8,4:02:13
22875000,91500.00001680599,-3628377.39180436,-3088889.2264994653,301.45236852719546,50.8,4:00:48
22887500,91550.00001681618,-3630741.798785312,-3092295.493624494,300.87020337825595,50.8,3:59:23
22900000,91600.00001682637,-3629935.135474695,-3093590.993262504,299.6955677872495,50.8,3:57:57
22912500,91650.00001683655,-3629962.4531261306,-3088754.9694539756,302.41308023024123,50.8,3:56:32
22925000,91700.00001684674,-3630638.476945175,-3091743.629845826,301.12083729100806,50.8,3:55:07
22937500,91750.00001685692,-3628690.4580869135,-3092392.695883046,299.6696518093643,50.8,3:53:42
22950000,91800.00001686711,-3625855.446567679,-3089069.372044432,299.94250840701517,50.8,3:52:16
22962500,91850.0000168773,-3626481.3185126595,-3086935.6289908225,301.484511607545,50.8,3:50:51
22975000,91900.00001688748,-3627892.3378512524,-3090628.878981633,300.2092587292032,50.8,3:49:26
22987500,91950.00001689767,-3626029.30507385,-3087897.749461383,300.6943292758282,50.8,3:48:01
23000000,92000.00001690786,-3630428.3616643343,-3092904.685466468,300.35466160358806,50.8,3:46:35
23012500,92050.00001691804,-3626299.0750759766,-3088539.210625458,300.4866376370939,50.8,3:45:10
23025000,92100.00001692823,-3631475.0066869,-3093151.955790767,300.8013320064447,50.8,3:43:45
23037500,92150.00001693841,-3628850.2805372756,-3090912.7436185777,300.5859165273443,50.8,3:42:20
23050000,92200.0000169486,-3628914.1209631283,-3089934.0008988036,301.1684856712998,50.8,3:40:54
23062500,92250.00001695879,-3627056.5792954583,-3088653.390523902,300.84611102831906,50.8,3:39:29
23075000,92300.00001696897,-3625694.9339858275,-3087251.558185824,300.86856652537824,50.8,3:38:04
23087500,92350.00001697916,-3626948.0643718094,-3088804.6079172096,300.7009791660003,50.8,3:36:39
23100000,92400.00001698935,-3629896.3571224865,-3092965.014260853,300.02368068751144,50.8,3:35:13
23112500,92450.00001699953,-3626519.175301699,-3086403.2932791943,301.8031207836065,50.8,3:33:48
23125000,92500.00001700972,-3629276.772969011,-3090629.181027385,300.98267735030953,50.8,3:32:23
23137500,92550.0000170199,-3625411.67503733,-3087237.776155273,300.7179896260083,50.9,3:30:58
23150000,92600.00001703009,-3627724.850895662,-3088905.0007168194,301.07893090496873,50.9,3:29:33
23162500,92650.00001704028,-3627908.1137668714,-3090848.2473957515,300.0954963803066,50.9,3:28:08
23175000,92700.00001705046,-3633968.1055285987,-3096875.9097358286,300.1135612450363,50.9,3:26:42
23187500,92750.00001706065,-3629419.7221236415,-3090357.2124984693,301.21452287814986,50.9,3:25:17
23200000,92800.00001707084,-3629689.969436789,-3090999.5764212776,301.0065935099733,50.9,3:23:52
23212500,92850.00001708102,-3625554.4885997847,-3088236.7267750544,300.23960184975516,50.9,3:22:27
23225000,92900.00001709121,-3628854.231083378,-3088045.3338975357,302.1903601631681,50.9,3:21:02
23237500,92950.0000171014,-3627411.375879526,-3088510.086902262,301.1244368497753,50.9,3:19:36
23250000,93000.00001711158,-3628527.3137228116,-3088273.1451313123,301.8803918276068,50.9,3:18:11
23262500,93050.00001712177,-3626744.1728473827,-3086428.705786785,301.91464386478805,50.9,3:16:46
23275000,93100.00001713196,-3626886.80713048,-3085673.8529194426,302.41613702927646,50.9,3:15:21
23287500,93150.00001714214,-3631184.034053782,-3091489.530168308,301.5676653174396,50.9,3:13:56
23300000,93200.00001715233,-3628815.233781155,-3090873.8552194834,300.5880631404641,50.9,3:12:31
23312500,93250.00001716251,-3629092.8888961524,-3090535.38188889,300.93234016299186,50.9,3:11:06
23325000,93300.0000171727,-3629273.574312037,-3090496.397336713,301.055086196038,50.9,3:09:40
23337500,93350.00001718289,-3626775.4867181014,-3088522.369836031,300.7622546447238,50.9,3:08:15
23350000,93400.00001719307,-3628098.3395533357,-3089323.9698973885,301.0535175368351,50.9,3:06:50
23362500,93450.00001720326,-3626604.0985265877,-3086221.6953056124,301.9520461015442,50.9,3:05:25
23375000,93500.00001721345,-3629775.084514212,-3091306.3154087104,300.88275566348983,50.9,3:04:00
23387500,93550.00001722363,-3627420.8313578367,-3090292.6914504524,300.133645908949,50.9,3:02:35
23400000,93600.00001723382,-3627427.486912636,-3088000.335816206,301.4182753276811,50.9,3:01:10
23412500,93650.000017244,-3628730.5138794724,-3088603.6083506607,301.80928044066565,50.9,2:59:44
23425000,93700.00001725419,-3628430.078423774,-3091577.020626251,299.9799369698284,50.9,2:58:19
23437500,93750.00001726438,-3627170.3755182326,-3087871.6935120123,301.3464900430042,50.9,2:56:54
23450000,93800.00001727456,-3629767.8286982886,-3091488.555180252,300.77687031263247,50.9,2:55:29
23462500,93850.00001728475,-3626852.08127477,-3090281.4969858495,299.8220979036718,50.9,2:54:04
23475000,93900.00001729494,-3629721.010191798,-3091612.132871747,300.6816572184922,50.9,2:52:39
23487500,93950.00001730512,-3629556.6042349245,-3090481.7497196,301.2214208911463,50.9,2:51:14
23500000,94000.00001731531,-3630002.120287774,-3092969.943873826,300.0800239312138,50.9,2:49:49
23512500,94050.0000173255,-3629266.9861018304,-3091036.575185102,300.7495671244551,50.9,2:48:24
23525000,94100.00001733568,-3627135.642910162,-3088629.363943219,300.9037152272056,50.9,2:46:59
23537500,94150.00001734587,-3627456.070650628,-3088740.349271441,301.02074636023406,50.9,2:45:33
23550000,94200.00001735605,-3629135.8144027684,-3092499.8457144136,299.858633055584,50.9,2:44:08
23562500,94250.00001736624,-3630697.8014058657,-3091165.184909625,301.477206730843,50.9,2:42:43
23575000,94300.00001737643,-3631107.713263277,-3090914.2957225647,301.84644567395964,50.9,2:41:18
23587500,94350.00001738661,-3630810.4388666525,-3091542.5256821574,301.32929720211837,50.9,2:39:53
23600000,94400.0000173968,-3629237.3418155517,-3090823.5528630908,300.85203414182934,50.9,2:38:28
23612500,94450.00001740699,-3627051.606715353,-3089472.0773824328,300.38587092556116,50.9,2:37:03
23625000,94500.00001741717,-3627233.4300416242,-3089123.0678427606,300.68248693129,50.9,2:35:38
23637500,94550.00001742736,-3628436.701880485,-3090565.735336677,300.54871868228497,50.9,2:34:13
23650000,94600.00001743755,-3629149.1231368445,-3091263.6797873494,300.5568079558666,50.9,2:32:48
23662500,94650.00001744773,-3625665.8190199714,-3086230.711870157,301.4227209694782,50.9,2:31:23
23675000,94700.00001745792,-3627202.6622368004,-3087830.5257812226,301.38753453510196,50.9,2:29:58
23687500,94750.0000174681,-3629860.451434873,-3093686.58199787,299.600423658653,50.9,2:28:34
23700000,94800.00001747829,-3632441.809987033,-3094047.529848415,300.8411331091127,50.9,2:27:09
23712500,94850.00001748848,-3629015.386074139,-3089092.7801373387,301.69512298576336,50.9,2:25:44
23725000,94900.00001749866,-3631195.7402941436,-3091669.5828312673,301.4735975860435,50.9,2:24:20
23737500,94950.00001750885,-3628116.176351726,-3089429.8613609523,301.0043148126913,50.9,2:22:55
23750000,95000.00001751904,-3634702.750228582,-3095809.615391216,301.1198805222346,50.9,2:21:30
23762500,95050.00001752922,-3626566.8821029775,-3089507.125718112,300.095434922764,50.9,2:20:06
23775000,95100.00001753941,-3625826.4008460827,-3086253.6867260323,301.49961227084754,50.9,2:18:41
23787500,95150.0000175496,-3627732.566691363,-3088408.4222696535,301.36071779803456,50.9,2:17:16
23800000,95200.00001755978,-3627563.8008926287,-3089258.647797891,300.7913311668176,50.9,2:15:52
23812500,95250.00001756997,-3628569.1275771707,-3090428.8476776453,300.69920418721034,50.9,2:14:27
23825000,95300.00001758015,-3627925.1440977193,-3089136.215374952,301.0616527758609,50.9,2:13:02
23837500,95350.00001759034,-3630909.1319042277,-3091698.6430178406,301.2972099538912,50.9,2:11:37
23850000,95400.00001760053,-3625892.84111974,-3086263.6284337556,301.5311822433039,50.9,2:10:13
23862500,95450.00001761071,-3630289.3048672862,-3091381.4325409504,301.1281154590541,50.9,2:08:48
23875000,95500.0000176209,-3628874.5482624136,-3090987.5324349874,300.5576866168405,50.9,2:07:23
23887500,95550.00001763109,-3627904.5454872716,-3088006.313658732,301.68150334934074,50.9,2:05:58
23900000,95600.00001764127,-3634107.5930547025,-3095277.729433332,301.08452616388496,50.9,2:04:34
23912500,95650.00001765146,-3629078.4232043736,-3089386.384819836,301.56628765775264,50.9,2:03:09
23925000,95700.00001766164,-3627447.741509348,-3089939.103625781,300.3462585731684,50.9,2:01:44
23937500,95750.00001767183,-3630723.8778606523,-3093971.253386756,299.92381736381424,50.9,2:00:19
23950000,95800.00001768202,-3630192.9827323295,-3093055.5924459966,300.13881478719946,50.9,1:58:55
23962500,95850.0000176922,-3627710.8902533725,-3090227.142572718,300.3323505560815,50.9,1:57:30
23975000,95900.00001770239,-3630379.740374448,-3092885.770168637,300.33806264509286,50.9,1:56:05
23987500,95950.00001771258,-3628114.956544729,-3093355.388573845,298.81014770045476,50.9,1:54:40
24000000,96000.00001772276,-3630145.212017484,-3090566.0223311167,301.5032306538434,50.9,1:53:16
24012500,96050.00001773295,-3628887.04577427,-3088749.293604496,301.81534126983456,50.9,1:51:51
24025000,96100.00001774314,-3626546.61573321,-3087349.5554646323,301.2897063812367,50.9,1:50:26
24037500,96150.00001775332,-3629315.2047238406,-3090403.0663799047,301.1304992020022,50.8,1:49:01
24050000,96200.00001776351,-3629993.9156981707,-3090691.9378546933,301.348331673667,50.8,1:47:36
24062500,96250.0000177737,-3630351.315976642,-3092814.433131668,300.3620411446177,50.8,1:46:12
24075000,96300.00001778388,-3629733.747615576,-3090710.9554864466,301.19232974394595,50.8,1:44:47
24087500,96350.00001779407,-3630416.1802032534,-3093070.720614063,300.2550786613636,50.8,1:43:22
24100000,96400.00001780425,-3632039.329194704,-3094952.163514943,300.1107505448618,50.8,1:41:57
24112500,96450.00001781444,-3629270.830711812,-3092004.174884379,300.211045108529,50.8,1:40:32
24125000,96500.00001782463,-3628752.4826059733,-3089225.662147999,301.4739680509685,50.8,1:39:08
24137500,96550.00001783481,-3629511.574981926,-3091110.9494400783,300.84467876026116,50.8,1:37:43
24150000,96600.000017845,-3632200.452305684,-3094039.28927668,300.7108731528121,50.8,1:36:18
24162500,96650.00001785519,-3628427.0949300416,-3090388.995292324,300.6421084362379,50.8,1:34:53
24175000,96700.00001786537,-3625788.325116763,-3086462.5182036143,301.36164675628424,50.8,1:33:29
24187500,96750.00001787556,-3629488.9178641737,-3091139.603608638,300.81600730871565,50.8,1:32:04
24200000,96800.00001788574,-3627848.863967711,-3089088.0368781537,301.0459502925903,50.8,1:30:39
24212500,96850.00001789593,-3624629.4373955484,-3087435.7122138124,300.1702933046944,50.8,1:29:14
24225000,96900.00001790612,-3625484.3583126105,-3087134.526019643,300.81629677495584,50.8,1:27:50
24237500,96950.0000179163,-3629589.7312005274,-3090941.1543971314,300.98322766620583,50.8,1:26:25
24250000,97000.00001792649,-3631274.4648046643,-3093626.4434113977,300.42414255994424,50.8,1:25:00
24262500,97050.00001793668,-3631451.2486698385,-3094297.8739638515,300.14774647740893,50.8,1:23:35
24275000,97100.00001794686,-3631224.7483736277,-3094737.344316658,299.7756188897676,50.8,1:22:10
24287500,97150.00001795705,-3625030.5437930655,-3086924.604988781,300.6800152500586,50.8,1:20:46
24300000,97200.00001796724,-3627100.149807362,-3087751.06994233,301.3746510943201,50.8,1:19:21
24312500,97250.00001797742,-3627399.3185942173,-3086003.589516581,302.5182670109643,50.8,1:17:56
24325000,97300.00001798761,-3629561.3100645654,-3091444.251730876,300.6862285624005,50.8,1:16:31
24337500,97350.0000179978,-3628194.0335313473,-3090257.5059415707,300.58535253982154,50.8,1:15:06
24350000,97400.00001800798,-3631309.101135412,-3092288.2382925437,301.19125170748424,50.8,1:13:41
24362500,97450.00001801817,-3626796.645745136,-3088597.261045629,300.73223045746323,50.8,1:12:17
24375000,97500.00001802835,-3630302.72241373,-3092498.9896287806,300.5111501550099,50.8,1:10:52
24387500,97550.00001803854,-3627023.517244283,-3087093.1917665945,301.69943647034825,50.8,1:09:27
24400000,97600.00001804873,-3630620.050531395,-3091122.9111402156,301.4573830200795,50.8,1:08:02
24412500,97650.00001805891,-3629658.9641009923,-3090234.1675136704,301.416959687426,50.8,1:06:37
24425000,97700.0000180691,-3626406.9745038897,-3087137.7857151185,301.33000997758785,50.8,1:05:12
24437500,97750.00001807928,-3629719.750689985,-3093939.0273198886,299.3807435606122,50.8,1:03:47
24450000,97800.00001808947,-3625862.8565776087,-3087930.428079918,300.5830620706368,50.8,1:02:23
24462500,97850.00001809966,-3630274.9601832964,-3090368.7509177704,301.6859609397549,50.8,1:00:58
24475000,97900.00001810984,-3628637.242396772,-3091354.8311094395,300.21984886180735,50.8,59:33
24487500,97950.00001812003,-3627208.632366754,-3088199.325038161,301.18479477780176,50.8,58:08
24500000,98000.00001813022,-3631442.225728102,-3092979.0176158966,300.87964832081167,50.8,56:43
24512500,98050.0000181404,-3628766.4061098695,-3088317.1582909534,301.98939717552196,50.8,55:18
24525000,98100.00001815059,-3626638.530531144,-3088068.222624242,300.93949298257877,50.8,53:53
24537500,98150.00001816078,-3624623.3248114977,-3085400.4848564323,301.30411141929187,50.8,52:28
24550000,98200.00001817096,-3631412.4978307653,-3093041.1182587314,300.8283368505823,50.8,51:03
24562500,98250.00001818115,-3629279.404169688,-3090280.365639624,301.1790568323977,50.8,49:38
24575000,98300.00001819133,-3631364.5330869667,-3093280.791189661,300.6676121787531,50.8,48:13
24587500,98350.00001820152,-3630273.339220844,-3092827.6714990847,300.31107243629947,50.8,46:48
24600000,98400.00001821171,-3632423.094470227,-3093359.276769624,301.215253797681,50.8,45:23
24612500,98450.0000182219,-3629394.746785367,-3091220.4367969353,300.71821934187284,50.8,43:58
24625000,98500.00001823208,-3628566.6341530085,-3088223.169472066,301.93028822829535,50.7,42:33
24637500,98550.00001824227,-3626813.4598951265,-3087565.9602983287,301.3178906046112,50.7,41:08
24650000,98600.00001825245,-3625620.633000735,-3086850.934056877,301.05090766082213,50.7,39:43
24662500,98650.00001826264,-3628099.09167742,-3089655.0271247667,300.8689513829727,50.7,38:18
24675000,98700.00001827283,-3625348.5618885476,-3085903.2732763262,301.42841011366176,50.7,36:53
24687500,98750.00001828301,-3630565.1145820934,-3093176.0393631924,300.2794499742612,50.7,35:28
24700000,98800.0000182932,-3628437.807064336,-3089796.2004733067,300.9793328874835,50.7,34:03
24712500,98850.00001830338,-3629758.7616624646,-3090123.3254933665,301.5346597685691,50.7,32:38
24725000,98900.00001831357,-3628860.107211599,-3090727.1539884703,300.6951102253864,50.7,31:13
24737500,98950.00001832376,-3625376.0006686617,-3088966.769158543,299.7319380438891,50.7,29:48
24750000,99000.00001833394,-3627691.752862105,-3088488.1061328673,301.29338672919215,50.7,28:23
24762500,99050.00001834413,-3626332.910892632,-3086581.407498071,301.5995152042842,50.7,26:58
24775000,99100.00001835432,-3629792.791539319,-3090620.542364408,301.2758425683997,50.7,25:33
24787500,99150.0000183645,-3626920.866680203,-3089044.4400128014,300.55176966151976,50.7,24:07
24800000,99200.00001837469,-3627247.3150489833,-3088687.8286366537,300.9334462045777,50.7,22:42
24812500,99250.00001838488,-3629354.4574494567,-3088721.950065055,302.091797994713,50.7,21:17
24825000,99300.00001839506,-3630409.1931085065,-3092498.16800601,300.57110239368615,50.7,19:52
24837500,99350.00001840525,-3627870.398387693,-3088614.214860758,301.3227429655643,50.7,18:27
24850000,99400.00001841543,-3629999.7651752606,-3091825.5143662025,300.71818627393276,50.7,17:02
24862500,99450.00001842562,-3629405.390892366,-3088311.7437944505,302.3494712261212,50.7,15:37
24875000,99500.0000184358,-3631540.2954760175,-3092676.1087652734,301.1037050398128,50.7,14:12
24887500,99550.000018446,-3628193.974598145,-3091820.2269568956,299.71211055368093,50.7,12:46
24900000,99600.00001845618,-3627604.5755188465,-3092806.476425812,298.83167791887513,50.7,11:21
24912500,99650.00001846637,-3628871.7512656804,-3090620.887862277,300.760995457729,50.7,9:56
24925000,99700.00001847655,-3626982.4765605796,-3086468.3208230836,302.0256660819604,50.7,8:31
24937500,99750.00001848674,-3625870.1529789604,-3086375.50090632,301.4559931692672,50.7,7:06
24950000,99800.00001849692,-3629629.2322536632,-3091146.5735478913,300.89051682150716,50.7,5:40
24962500,99850.00001850711,-3628320.841029603,-3088663.53581077,301.5468796415227,50.7,4:15
24975000,99900.0000185173,-3628544.494586641,-3092222.987434011,299.6829198873415,50.7,2:50
24987500,99950.00001852748,-3625502.6922851596,-3088993.6215838753,299.787725663682,50.7,1:25
25000000,100000.00001853767,-3627825.9411414005,-3089600.054995182,300.7470387969125,50.7,0:00
25012500,100050.00001854786,-3631545.2357231565,-3093512.9539100914,300.63885758268094,50.7,23:58:35
25025000,100100.00001855804,-3626188.8467494193,-3086631.993300481,301.49074972819955,50.7,23:57:10
25037500,100150.00001856823,-3628079.254553929,-3090059.0535753574,300.6321071173213,50.7,23:55:45
25050000,100200.00001857842,-3629394.8105909713,-3091323.235229899,300.6608138254242,50.7,23:54:19
25062500,100250.0000185886,-3625481.923294628,-3087358.051955383,300.69003549792535,50.7,23:52:54
25075000,100300.00001859879,-3630660.067700809,-3092105.8061887333,300.93052666220717,50.7,23:51:29
25087500,100350.00001860897,-3629454.1865469795,-3090499.602811149,301.1542166155482,50.7,23:50:04
25100000,100400.00001861916,-3629128.0540965945,-3091675.9974196814,300.3146424231637,50.7,23:48:38
