#"Step","Time (ps)","Potential Energy (kJ/mole)","Total Energy (kJ/mole)","Temperature (K)","Speed (ns/day)","Time Remaining"
112500,450.00000000069247,-3624489.1708881017,-3085944.334059596,300.9329499806725,0,--
125000,500.0000000009312,-3626725.3336979486,-3090133.578813391,299.84158920483173,52.5,1:21:27:27
137500,550.00000000117,-3631495.767121898,-3090820.691273548,302.1233041880972,52.5,1:21:28:09
150000,600.0000000014087,-3627636.6520279143,-3088946.250301652,301.0142900495023,52.5,1:21:28:11
162500,650.0000000016474,-3629196.4280370567,-3089216.855178086,301.73466474342854,52.5,1:21:25:17
175000,700.0000000018862,-3625935.1552221943,-3089907.998719115,299.5260978197632,52.5,1:21:24:56
187500,750.0000000021249,-3628621.519747684,-3090588.4018611084,300.6470070466303,52.5,1:21:21:33
200000,800.0000000023637,-3629571.4166131634,-3089772.0301376088,301.63397856801737,52.5,1:21:20:34
212500,850.0000000026024,-3627791.6855803337,-3088562.3902554577,301.3154178837444,52.5,1:21:18:23
225000,900.0000000028411,-3628830.0618870705,-3088413.024279139,301.97911524859444,52.5,1:21:16:39
237500,950.0000000030799,-3625372.7242602576,-3088074.386946266,300.23641971912326,52.5,1:21:14:31
250000,1000.0000000033186,-3630667.850825755,-3093000.6061057122,300.4425611327637,52.6,1:21:12:10
262500,1050.0000000028183,-3629559.0853633992,-3090049.1156940754,301.47225562998676,52.6,1:21:11:11
275000,1100.000000001636,-3626008.412990229,-3085443.147149839,302.06194355965386,52.6,1:21:09:13
287500,1150.0000000004536,-3627373.6071407218,-3090948.117606892,299.7486819498504,52.6,1:21:07:23
300000,1199.9999999992713,-3629615.6376693826,-3091034.6975965197,300.9531240777677,52.6,1:21:05:29
312500,1249.999999998089,-3629348.194645591,-3091561.41305006,300.5093570281326,52.6,1:21:04:14
325000,1299.9999999969066,-3628579.7782665715,-3089899.3502732343,301.00871683690013,52.6,1:21:03:07
337500,1349.9999999957242,-3629999.9732788205,-3093774.296535722,299.63702875322383,52.6,1:21:02:54
350000,1399.999999994542,-3628808.8787304442,-3092544.760607569,299.65850937475494,52.5,1:21:02:39
362500,1449.9999999933596,-3629784.196771832,-3091396.080430403,300.8453762908456,52.5,1:21:01:27
375000,1499.9999999921772,-3626475.47356683,-3089433.0273254663,300.0934305934396,52.5,1:21:00:32
387500,1549.9999999909949,-3626178.340460563,-3087925.6159023917,300.76972084685525,52.5,1:20:59:34
400000,1599.9999999898125,-3628571.195614515,-3089243.8442165996,301.3702105422296,52.5,1:20:58:33
412500,1649.9999999886302,-3629225.51236929,-3089263.1687272056,301.725037245941,52.5,1:20:57:55
425000,1699.9999999874478,-3629340.9186479636,-3089252.014029126,301.7957581320812,52.5,1:20:57:18
437500,1749.9999999862655,-3626181.148419624,-3089896.2639930286,299.6701133575831,52.5,1:20:56:12
450000,1799.9999999850832,-3626187.406447271,-3088807.899014265,300.28177669164415,52.5,1:20:55:06
462500,1849.9999999839008,-3628116.958387343,-3091011.6414142475,300.1285620689893,52.5,1:20:53:44
475000,1899.9999999827185,-3628497.46320075,-3091267.7194804214,300.19809037107416,52.5,1:20:52:37
487500,1949.9999999815361,-3629595.887506718,-3088982.3631577506,302.0889098851196,52.5,1:20:50:51
500000,1999.9999999803538,-3628540.071865279,-3091137.3104476677,300.29477076327487,52.5,1:20:49:39
512500,2049.9999999791717,-3629241.84921089,-3090292.3042051448,301.1590964727181,52.5,1:20:48:32
525000,2099.9999999779893,-3632320.626319632,-3094283.6719159354,300.6491508503323,52.5,1:20:47:38
537500,2149.999999976807,-3628495.332086606,-3089967.255301899,300.92358465196236,52.5,1:20:46:09
550000,2199.9999999756246,-3628926.9131208416,-3089608.3927719933,301.3652758488385,52.4,1:20:45:19
562500,2249.9999999744423,-3627406.569125388,-3089324.7032170855,300.6742469066768,52.4,1:20:44:00
575000,2299.99999997326,-3626248.5202795956,-3087372.79284197,301.1178480250208,52.4,1:20:42:52
587500,2349.9999999720776,-3629990.048347475,-3091816.5851501217,300.72543046748615,52.4,1:20:41:45
600000,2399.9999999708953,-3630084.340563111,-3089965.41759081,301.8125320588625,52.4,1:20:40:50
612500,2449.999999969713,-3626664.804236345,-3087310.0042518894,301.38554851143016,52.4,1:20:39:38
625000,2499.9999999685306,-3631841.428191211,-3092693.5637771003,301.26991518365276,52.4,1:20:38:37
637500,2549.9999999673482,-3625929.2942426205,-3086032.314338737,301.6885127057107,52.4,1:20:37:42
650000,2599.999999966166,-3629795.991483897,-3090082.402945992,301.5860356211843,52.4,1:20:36:20
662500,2649.9999999649835,-3630140.4744448196,-3091568.5249938904,300.9481002168083,52.4,1:20:34:59
675000,2699.999999963801,-3628090.0391967054,-3090586.5955643915,300.3510308809272,52.4,1:20:33:29
687500,2749.999999962619,-3628784.3788895123,-3089102.328839657,301.56841225986375,52.4,1:20:31:44
700000,2799.9999999614365,-3627205.3142550234,-3086634.5981275775,302.06498912030116,52.4,1:20:30:11
712500,2849.999999960254,-3627721.348414844,-3089184.6694221706,300.92839147145537,52.4,1:20:28:30
725000,2899.999999959072,-3628846.422652127,-3091175.950446108,300.44436461654,52.4,1:20:27:06
737500,2949.9999999578895,-3629775.3928420935,-3090972.4087119764,301.0771998623742,52.4,1:20:25:48
750000,2999.999999956707,-3627697.807728028,-3088774.5701870793,301.1443961498362,52.4,1:20:24:13
762500,3049.999999955525,-3632547.544470098,-3092863.4186368166,301.56957218488265,52.4,1:20:22:59
775000,3099.9999999543425,-3630466.6598125063,-3090816.8848134982,301.55037731532803,52.4,1:20:21:49
787500,3149.99999995316,-3627307.7555834465,-3088159.7073839228,301.2700178809264,52.4,1:20:20:36
800000,3199.9999999519778,-3630410.3761029113,-3089028.8663908276,302.5180516855045,52.4,1:20:19:26
812500,3249.9999999507954,-3628629.606917925,-3091030.987977461,300.4042137995782,52.4,1:20:18:21
825000,3299.999999949613,-3628663.8827254474,-3088533.876954128,301.8187250054372,52.4,1:20:17:13
837500,3349.9999999484307,-3629276.772093015,-3090519.460366765,301.0516786238649,52.4,1:20:16:06
850000,3399.9999999472484,-3629284.0292660277,-3089972.448451084,301.3613981133807,52.4,1:20:14:53
862500,3449.999999946066,-3629854.317017434,-3090244.2369874087,301.5281962018934,52.4,1:20:13:46
875000,3499.9999999448837,-3626328.589333521,-3087614.480724334,301.02753719574815,52.4,1:20:12:27
887500,3549.9999999437014,-3626389.791166067,-3086262.70601549,301.81709299458936,52.4,1:20:11:06
900000,3599.999999942519,-3630528.811213728,-3091960.135780963,300.9462707313558,52.4,1:20:09:59
912500,3649.9999999413367,-3627952.0527464934,-3088351.8535035206,301.5226749264256,52.4,1:20:08:45
925000,3699.9999999401543,-3632629.087962022,-3093434.032613684,301.2962849602771,52.4,1:20:07:40
937500,3749.999999938972,-3627935.847507024,-3089144.836823885,301.07050923148495,52.4,1:20:06:22
950000,3799.9999999377897,-3626520.6082395203,-3088263.55030426,300.7721422904594,52.4,1:20:05:09
962500,3849.9999999366073,-3630787.4173581284,-3090758.2417583093,301.7623822111484,52.4,1:20:03:58
975000,3899.999999935425,-3630624.2172214817,-3090493.3937755213,301.8191819130614,52.4,1:20:02:40
987500,3949.9999999342426,-3630032.868868377,-3090985.6978594116,301.21364881290367,52.4,1:20:01:24
1000000,3999.9999999330603,-3630155.8576619383,-3089942.5266543864,301.86528623382986,52.4,1:20:00:02
1012500,4049.999999931878,-3628942.6966484915,-3089243.4576966055,301.5780172298519,52.4,1:19:58:50
1025000,4099.999999930696,-3630868.2713804003,-3091887.0167284105,301.17681547536114,52.4,1:19:57:32
1037500,4149.999999929513,-3629168.8550201096,-3090077.719994001,301.2382154236427,52.4,1:19:56:17
1050000,4199.999999928331,-3625612.0305640493,-3087529.877763021,300.6744072191867,52.4,1:19:55:01
1062500,4249.999999927149,-3630231.9268427696,-3090059.004288586,301.84270643314363,52.4,1:19:53:43
1075000,4299.999999925966,-3632555.670507401,-3095296.8780193916,300.214322503951,52.3,1:19:52:26
1087500,4349.999999924784,-3628546.2479337323,-3090358.0221730247,300.7336796260255,52.3,1:19:51:13
1100000,4399.9999999236015,-3629359.339539457,-3089739.1894467897,301.53382324248525,52.3,1:19:49:51
1112500,4449.999999922419,-3630610.4195875786,-3092513.3927405374,300.68271867301297,52.3,1:19:48:27
1125000,4499.999999921237,-3629367.0472327247,-3090738.118727262,300.97993948773836,52.3,1:19:47:09
1137500,4549.9999999200545,-3630264.432903236,-3093270.6068779808,300.0662621497709,52.3,1:19:45:52
1150000,4599.999999918872,-3630115.6430479493,-3091046.4191636834,301.22597171782434,52.3,1:19:44:30
1162500,4649.99999991769,-3627840.5745489094,-3087131.8440983472,302.1421100108099,52.3,1:19:43:01
1175000,4699.9999999165075,-3627992.2791390605,-3089534.183398444,300.8844800118268,52.3,1:19:41:37
1187500,4749.999999915325,-3630996.9625581615,-3091747.2939070845,301.3268022750436,52.3,1:19:40:16
1200000,4799.999999914143,-3629061.6327086613,-3091006.584974963,300.659261204754,52.3,1:19:38:55
1212500,4849.99999991296,-3629846.687256716,-3091224.892759654,300.9759530820646,52.3,1:19:37:30
1225000,4899.999999911778,-3628985.039963646,-3091424.2387878755,300.3830816473177,52.3,1:19:36:12
1237500,4949.999999910596,-3633890.373773422,-3096982.05089127,300.0184839308985,52.3,1:19:34:49
1250000,4999.999999909413,-3626787.657270478,-3087629.269156781,301.27579571159526,52.3,1:19:33:28
1262500,5049.999999908231,-3630848.394391842,-3093729.0738656474,300.1363871009199,52.3,1:19:32:10
1275000,5099.999999907049,-3628149.506461028,-3089696.322969776,300.8817351007421,52.3,1:19:30:52
1287500,5149.999999905866,-3631362.6813980956,-3093034.444414462,300.81191636225265,52.3,1:19:29:28
1300000,5199.999999904684,-3630317.2819295283,-3092848.029053911,300.3319254609673,52.3,1:19:28:02
1312500,5249.999999903502,-3627223.744141713,-3088722.8916605264,300.90837200965404,52.3,1:19:26:32
1325000,5299.999999902319,-3627547.832094213,-3086969.6651532296,302.069152553212,52.3,1:19:25:06
1337500,5349.999999901137,-3629880.4148438033,-3090700.439074629,301.2878586567795,52.3,1:19:23:38
1350000,5399.999999899955,-3629937.1825285256,-3090089.158795762,301.66115653406575,52.4,1:19:22:09
1362500,5449.999999898772,-3630188.9511957355,-3091892.9850779674,300.7938837562387,52.4,1:19:20:32
1375000,5499.99999989759,-3631792.8264589477,-3092980.687150633,301.0823156755695,52.4,1:19:19:06
1387500,5549.999999896408,-3630343.4565944616,-3092120.2111238055,300.75324825597335,52.4,1:19:17:38
1400000,5599.999999895225,-3630452.418546634,-3091182.276774176,301.3382424307951,52.4,1:19:16:13
1412500,5649.999999894043,-3628948.319950836,-3089464.8963772436,301.4574219627549,52.4,1:19:14:53
1425000,5699.999999892861,-3628746.889497118,-3092430.0645550345,299.6879613674282,52.4,1:19:13:25
1437500,5749.999999891678,-3628371.573148256,-3087986.699788382,301.961142219443,52.4,1:19:12:01
1450000,5799.999999890496,-3627731.6484859455,-3089604.7237563664,300.6994252819619,52.4,1:19:10:35
1462500,5849.999999889314,-3629178.030614838,-3092252.834746179,300.027912370756,52.4,1:19:09:10
1475000,5899.999999888131,-3630017.8187445793,-3090766.789218092,301.3275627173018,52.4,1:19:07:43
1487500,5949.999999886949,-3627037.6432295535,-3089118.243103572,300.5834628088612,52.4,1:19:06:19
1500000,5999.999999885767,-3630719.1242332794,-3092376.9658245826,300.8196955019375,52.4,1:19:04:53
1512500,6049.999999884584,-3630710.9032245576,-3092631.1817982495,300.67304859365134,52.4,1:19:03:26
1525000,6099.999999883402,-3630434.0555147156,-3091509.9112503193,301.14490281695714,52.4,1:19:02:06
1537500,6149.9999998822195,-3630196.0552933626,-3091910.975139425,300.7878007990086,52.4,1:19:00:41
1550000,6199.999999881037,-3628383.303036738,-3089976.874350561,300.8556090283065,52.4,1:18:59:17
1562500,6249.999999879855,-3627138.7495360933,-3088985.4177566436,300.71418125189126,52.4,1:18:57:54
1575000,6299.9999998786725,-3626843.6782215815,-3088036.734982824,301.0794121688728,52.4,1:18:56:34
1587500,6349.99999987749,-3627869.996998405,-3090535.6913643936,300.25651842197806,52.4,1:18:55:08
1600000,6399.999999876308,-3629553.5411045104,-3091167.5642114417,300.8441807905595,52.4,1:18:53:49
1612500,6449.9999998751255,-3629612.6678755227,-3090208.8311398323,301.4129497103599,52.4,1:18:52:23
1625000,6499.999999873943,-3628598.3018602207,-3090114.19396635,300.8990153178568,52.4,1:18:51:01
1637500,6549.999999872761,-3625338.4208546374,-3086959.9295976674,300.83999789918346,52.4,1:18:49:35
1650000,6599.999999871578,-3629844.057580862,-3092265.2951479494,300.3931182008739,52.4,1:18:48:10
1662500,6649.999999870396,-3626891.424395781,-3086776.587788256,301.8102486430302,52.4,1:18:46:41
1675000,6699.999999869214,-3630424.5460220333,-3092248.719992752,300.7267507920602,52.4,1:18:45:14
1687500,6749.999999868031,-3628571.3812871315,-3090578.311588816,300.6246285581364,52.4,1:18:43:49
1700000,6799.999999866849,-3625556.3430290725,-3086959.395069196,300.96206910951355,52.4,1:18:42:20
1712500,6849.999999865667,-3629687.635826329,-3090149.8015967617,301.4878260407317,52.4,1:18:40:48
1725000,6899.999999864484,-3628779.1372381225,-3091686.265382861,300.1216078735975,52.4,1:18:39:20
1737500,6949.999999863302,-3625318.325215999,-3085394.4552810555,301.7035385602332,52.4,1:18:37:54
1750000,6999.99999986212,-3627090.5529851243,-3089545.5781777273,300.3742380461978,52.4,1:18:36:23
1762500,7049.999999860937,-3629353.171256285,-3091720.585342733,300.4231941717108,52.4,1:18:34:55
1775000,7099.999999859755,-3626654.825172823,-3087518.2578901686,301.2636024704617,52.4,1:18:33:20
1787500,7149.999999858573,-3627196.4600013588,-3091325.272041072,299.4389443081573,52.4,1:18:31:51
1800000,7199.99999985739,-3629819.498630114,-3090379.371754922,301.43322824241267,52.4,1:18:30:23
1812500,7249.999999856208,-3631338.959388895,-3093643.9872726738,300.4580548977331,52.4,1:18:28:57
1825000,7299.999999855026,-3627093.1399856936,-3088132.4524358315,301.16532280419887,52.4,1:18:27:27
1837500,7349.999999853843,-3627474.8056953046,-3089777.378692081,300.4594266616735,52.4,1:18:25:57
1850000,7399.999999852661,-3631331.5000855513,-3092645.6127076624,301.01176748112846,52.4,1:18:24:28
1862500,7449.999999851479,-3632163.8913048133,-3092747.3667594674,301.42003951928075,52.4,1:18:22:54
1875000,7499.999999850296,-3625920.168494031,-3087750.2768125487,300.7234347435768,52.4,1:18:21:18
1887500,7549.999999849114,-3628885.1543929335,-3090799.862730741,300.67616118038916,52.4,1:18:19:44
1900000,7599.999999847932,-3629732.3570689876,-3091127.343820952,300.96657590410547,52.4,1:18:18:12
1912500,7649.999999846749,-3625278.1066227946,-3086933.281920949,300.82118539731454,52.4,1:18:16:40
1925000,7699.999999845567,-3624353.4847529475,-3087461.3375717746,300.0094451265487,52.4,1:18:15:09
1937500,7749.999999844385,-3629468.3613051735,-3091096.0461104093,300.83654678333977,52.4,1:18:13:34
1950000,7799.999999843202,-3629978.5862034466,-3092693.3012154414,300.2291262224733,52.4,1:18:12:05
1962500,7849.99999984202,-3626368.8362848833,-3087002.841865792,301.3918038387641,52.4,1:18:10:34
1975000,7899.9999998408375,-3628863.062493721,-3090530.525811877,300.81431898646883,52.4,1:18:09:03
1987500,7949.999999839655,-3625690.8181307446,-3088678.674768407,300.0764976768936,52.4,1:18:07:34
2000000,7999.999999838473,-3631574.9215103295,-3094574.5899210596,300.06989738761274,52.4,1:18:05:59
2012500,8049.9999998372905,-3630905.5227782447,-3091264.6544788633,301.5454003492336,52.4,1:18:04:29
2025000,8099.999999836108,-3631243.5226969253,-3091162.432115081,301.7913917338858,52.5,1:18:02:56
2037500,8149.999999834926,-3625028.2503234893,-3087028.397042692,300.62841914964883,52.5,1:18:01:27
2050000,8199.999999835562,-3627629.614087809,-3089517.961369485,300.6908914495212,52.5,1:17:59:57
2062500,8249.999999845748,-3631867.1828303207,-3093101.806076103,301.05618527306524,52.5,1:17:58:28
2075000,8299.999999855934,-3628016.896014763,-3088636.356099172,301.39993170272487,52.5,1:17:56:57
2087500,8349.99999986612,-3628363.1151852887,-3090115.4650595677,300.7668853096403,52.5,1:17:55:31
2100000,8399.999999876307,-3630898.2205054555,-3090200.0019938787,302.1362360545622,52.5,1:17:53:57
2112500,8449.999999886493,-3629339.770003423,-3091418.8817154556,300.58429437746213,52.5,1:17:52:29
2125000,8499.99999989668,-3628562.5357040726,-3089965.1494259723,300.96231403693093,52.5,1:17:50:57
2137500,8549.999999906866,-3630046.8494096696,-3088890.3891134635,302.39229653945137,52.5,1:17:49:22
2150000,8599.999999917052,-3627988.117916422,-3089562.671830819,300.8662357425905,52.5,1:17:47:52
2162500,8649.999999927239,-3626792.71445881,-3088782.2399339546,300.63435418437285,52.5,1:17:46:24
2175000,8699.999999937425,-3627278.2995276544,-3085826.031607619,302.5575905962843,52.5,1:17:44:58
2187500,8749.999999947611,-3627566.593028823,-3089492.1080240468,300.67012253871366,52.5,1:17:43:27
2200000,8799.999999957798,-3627358.4333080407,-3091372.5098354253,299.5030572544366,52.5,1:17:41:59
2212500,8849.999999967984,-3629162.75730215,-3089553.530869048,301.52771922129176,52.5,1:17:40:30
2225000,8899.99999997817,-3629716.6336396933,-3092617.472897228,300.12512203481253,52.5,1:17:39:03
2237500,8949.999999988357,-3631468.848143017,-3093245.4545265296,300.75333103823925,52.5,1:17:37:34
2250000,8999.999999998543,-3630831.910806855,-3092955.4437340973,300.5594722894566,52.5,1:17:36:00
2262500,9050.00000000873,-3629379.7318781354,-3091016.906363224,300.8312440542869,52.5,1:17:34:28
2275000,9100.000000018916,-3628276.5362266544,-3088708.2480598204,301.50484336696627,52.5,1:17:32:54
2287500,9150.000000029102,-3630951.489144489,-3093280.8798719193,300.4444412078256,52.5,1:17:31:21
2300000,9200.000000039288,-3628116.5488663726,-3090545.0603966326,300.38905359000773,52.5,1:17:29:51
2312500,9250.000000049475,-3626450.375746144,-3088178.709764,300.78030510688933,52.5,1:17:28:26
2325000,9300.000000059661,-3627186.4014781136,-3088865.9233036917,300.80758082473625,52.5,1:17:26:58
2337500,9350.000000069847,-3628108.215164434,-3088321.0179305966,301.6271673533938,52.5,1:17:25:27
2350000,9400.000000080034,-3627298.0235759504,-3089506.8089593607,300.5118341516946,52.5,1:17:23:56
2362500,9450.00000009022,-3626196.288874941,-3089270.85591646,300.02804485394904,52.5,1:17:22:20
2375000,9500.000000100406,-3630233.9146299306,-3090238.429284119,301.7435564666036,52.5,1:17:20:44
2387500,9550.000000110593,-3631583.9164681546,-3093732.6044775997,300.5454159053326,52.5,1:17:19:10
2400000,9600.000000120779,-3629041.373286819,-3091332.410299157,300.4658728432924,52.5,1:17:17:45
2412500,9650.000000130965,-3626622.360251656,-3085893.7296891757,302.1532299751561,52.5,1:17:16:17
2425000,9700.000000141152,-3626877.1992325727,-3086883.0254933154,301.74282355524224,52.5,1:17:14:48
2437500,9750.000000151338,-3629374.3746730518,-3090527.3503237036,301.10180905400426,52.5,1:17:13:18
2450000,9800.000000161524,-3623395.032949323,-3084909.496625679,300.89981350875206,52.5,1:17:11:44
2462500,9850.00000017171,-3630409.881779466,-3092422.8994921744,300.62122697960103,52.6,1:17:10:17
2475000,9900.000000181897,-3628791.0170597434,-3090539.667935782,300.7689522692995,52.6,1:17:08:51
2487500,9950.000000192083,-3628640.298389014,-3091710.9361930005,300.0302404688001,52.6,1:17:07:20
2500000,10000.00000020227,-3628594.9649557713,-3090185.027884043,300.8575694756849,52.6,1:17:05:51
2512500,10050.000000212456,-3632625.820124775,-3094479.4199218415,300.71030796293485,52.6,1:17:04:22
2525000,10100.000000222642,-3629236.3492852654,-3089984.5505649485,301.32799253437986,52.6,1:17:02:55
2537500,10150.000000232829,-3628087.9486261215,-3088439.581985062,301.5495903403482,52.6,1:17:01:29
2550000,10200.000000243015,-3629397.665679818,-3090681.1284783464,301.0288942664885,52.6,1:17:00:01
2562500,10250.000000253202,-3629436.629216984,-3091256.980434159,300.7288869048264,52.6,1:16:58:33
2575000,10300.000000263388,-3628859.8864280023,-3088802.3323995634,301.778239765908,52.6,1:16:57:05
2587500,10350.000000273574,-3626918.4401682653,-3087276.46716497,301.54601764566837,52.6,1:16:55:37
2600000,10400.00000028376,-3628965.0051911566,-3090083.74002028,301.1209424496434,52.6,1:16:54:12
2612500,10450.000000293947,-3628050.0604805853,-3088736.79087884,301.36234178892903,52.6,1:16:52:46
2625000,10500.000000304133,-3628001.946824249,-3089803.114319171,300.73960655848276,52.6,1:16:51:19
2637500,10550.00000031432,-3628246.7812121157,-3088245.078925309,301.74703042506667,52.6,1:16:49:50
2650000,10600.000000324506,-3624710.6301888917,-3084276.9567399253,301.98841117416225,52.6,1:16:48:20
2662500,10650.000000334692,-3628927.175084723,-3090277.99714732,300.9912546482835,52.6,1:16:46:56
2675000,10700.000000344879,-3629573.1782801934,-3092448.6223689485,300.1393125766831,52.6,1:16:45:28
2687500,10750.000000355065,-3632290.4144772924,-3094234.5276507367,300.6597300806427,52.6,1:16:44:01
2700000,10800.000000365251,-3628113.0167385936,-3088412.7013962804,301.57861870502074,52.6,1:16:42:35
2712500,10850.000000375438,-3626486.691032896,-3088214.818962103,300.7804202669664,52.6,1:16:41:10
2725000,10900.000000385624,-3631493.1153224185,-3091672.9677770184,301.64557962621353,52.6,1:16:39:42
2737500,10950.00000039581,-3627684.7533752993,-3088152.5973570165,301.48465311852425,52.6,1:16:38:14
2750000,11000.000000405997,-3627607.895860046,-3090805.5364816035,299.95927268685557,52.6,1:16:36:47
2762500,11050.000000416183,-3629216.700525772,-3090584.3842944745,300.98183251179057,52.6,1:16:35:20
2775000,11100.00000042637,-3630721.060220087,-3090232.5521198716,302.0190521760493,52.6,1:16:33:50
2787500,11150.000000436556,-3629285.8528073877,-3090479.4554449925,301.07910713914674,52.6,1:16:32:20
2800000,11200.000000446742,-3625830.493941238,-3086151.1211959245,301.5669162114412,52.6,1:16:30:51
2812500,11250.000000456928,-3631258.3424471207,-3093014.1906646434,300.76493047379296,52.6,1:16:29:21
2825000,11300.000000467115,-3627571.7793217134,-3090531.882345572,300.0920060919842,52.6,1:16:27:49
2837500,11350.000000477301,-3628527.1244944017,-3092271.0998843536,299.65398680852815,52.6,1:16:26:16
2850000,11400.000000487487,-3630149.737376258,-3089235.5800592285,302.2569002914025,52.6,1:16:24:44
2862500,11450.000000497674,-3628558.7977617923,-3089838.048412559,301.031247968474,52.6,1:16:23:14
2875000,11500.00000050786,-3631544.1629594807,-3093825.829146394,300.4711091577938,52.6,1:16:21:44
2887500,11550.000000518046,-3628604.3252765853,-3089816.28971696,301.06884676508577,52.6,1:16:20:16
2900000,11600.000000528233,-3627705.037615152,-3088505.2658188636,301.29892045967847,52.6,1:16:18:45
2912500,11650.000000538419,-3626823.571890218,-3088890.311132821,300.5912079777224,52.6,1:16:17:17
2925000,11700.000000548605,-3630714.972876407,-3091741.2891469966,301.1725849268349,52.6,1:16:15:50
2937500,11750.000000558792,-3631500.3720627986,-3094359.3953013835,300.1484883677128,52.6,1:16:14:19
2950000,11800.000000568978,-3631202.012692323,-3093157.545266946,300.65334904447144,52.6,1:16:12:50
2962500,11850.000000579164,-3631710.1481676176,-3093705.0949726216,300.63132480468903,52.6,1:16:11:23
2975000,11900.00000058935,-3625070.498392865,-3086285.847222085,301.0669556057068,52.6,1:16:09:52
2987500,11950.000000599537,-3628627.2844716664,-3089346.4197337283,301.3442343063344,52.6,1:16:08:25
3000000,12000.000000609723,-3629201.417092176,-3089762.7540345406,301.43241027721183,52.6,1:16:06:53
3012500,12050.00000061991,-3626282.884718219,-3088633.4980851635,300.43258222955905,52.7,1:16:05:25
3025000,12100.000000630096,-3628913.185705781,-3089706.983340853,301.30251379092675,52.7,1:16:03:52
3037500,12150.000000640282,-3625654.838213593,-3085628.8604863035,301.7605952750418,52.7,1:16:02:19
3050000,12200.000000650469,-3627978.8456097003,-3090657.9618745297,300.2490184120691,52.7,1:16:00:47
3062500,12250.000000660655,-3628265.1256377436,-3090112.0694425106,300.71402725845235,52.7,1:15:59:17
3075000,12300.000000670841,-3629147.908511361,-3091163.824090268,300.6196076837429,52.7,1:15:57:48
3087500,12350.000000681028,-3628210.262957815,-3090610.931459278,300.40461196921643,52.7,1:15:56:15
3100000,12400.000000691214,-3630235.11362149,-3090992.504200598,301.32285765461654,52.7,1:15:54:46
3112500,12450.0000007014,-3628185.409062512,-3090641.724215677,300.37351723037966,52.7,1:15:53:17
3125000,12500.000000711587,-3628138.979683021,-3089735.247301979,300.8541023625601,52.7,1:15:51:44
3137500,12550.000000721773,-3633471.722238945,-3095040.304453689,300.86957266287993,52.7,1:15:50:14
3150000,12600.00000073196,-3629623.5598871,-3092836.601738947,299.9506666482355,52.7,1:15:48:44
3162500,12650.000000742146,-3631207.9993785527,-3092351.9146770863,301.1068718794262,52.7,1:15:47:13
3175000,12700.000000752332,-3632878.8849147,-3093081.3894773405,301.6329218766079,52.7,1:15:45:43
3187500,12750.000000762519,-3625405.35006902,-3088422.084921601,300.06036084703027,52.7,1:15:44:13
3200000,12800.000000772705,-3628058.895307198,-3088105.8413409637,301.71984627693195,52.7,1:15:42:44
3212500,12850.000000782891,-3628738.773511898,-3089365.5477146227,301.3958446536051,52.7,1:15:41:15
3225000,12900.000000793078,-3630196.2178993225,-3093331.1164148957,299.99433228774785,52.7,1:15:39:48
3237500,12950.000000803264,-3626902.852135198,-3088843.935167981,300.6614232900206,52.7,1:15:38:16
3250000,13000.00000081345,-3629833.3972406182,-3091583.212331651,300.7683017187261,52.7,1:15:36:44
3262500,13050.000000823637,-3626809.0938560963,-3090128.9137804895,299.8910002320578,52.7,1:15:35:11
3275000,13100.000000833823,-3627969.8683788236,-3089912.6316855643,300.6604843713562,52.7,1:15:33:40
3287500,13150.00000084401,-3628680.796243744,-3091436.5083136065,300.20621751604654,52.7,1:15:32:10
3300000,13200.000000854196,-3627898.272225324,-3089861.3455232447,300.6491353709725,52.7,1:15:30:38
3312500,13250.000000864382,-3629887.292698648,-3090923.677011016,301.16695901547934,52.7,1:15:29:08
3325000,13300.000000874568,-3629324.8369090743,-3088921.6456495877,301.9713780609009,52.7,1:15:27:38
3337500,13350.000000884755,-3628770.7766520996,-3089509.738841884,301.3331552365142,52.7,1:15:26:09
3350000,13400.000000894941,-3625464.7457179707,-3085385.9811728387,301.7900919700748,52.7,1:15:24:36
3362500,13450.000000905127,-3628354.0425443277,-3090617.432707811,300.4813215993003,52.7,1:15:23:07
3375000,13500.000000915314,-3630504.0155950505,-3092832.3033373593,300.4450575438177,52.7,1:15:21:37
3387500,13550.0000009255,-3626717.7474839147,-3088076.312189379,300.98692814434264,52.7,1:15:20:05
3400000,13600.000000935686,-3629382.614863105,-3091901.616360303,300.33848878865393,52.8,1:15:18:34
3412500,13650.000000945873,-3626329.079964202,-3085287.449832082,302.3281307028078,52.8,1:15:17:04
3425000,13700.000000956059,-3629077.02753786,-3089738.468666411,301.37647315555677,52.8,1:15:15:34
3437500,13750.000000966245,-3627555.8693827614,-3088847.3486694945,301.0244147407762,52.8,1:15:14:05
3450000,13800.000000976432,-3627490.444837829,-3089465.2624759334,300.6425727624477,52.8,1:15:12:35
3462500,13850.000000986618,-3627948.5027748104,-3089264.312783845,301.01081899992664,52.8,1:15:11:07
3475000,13900.000000996804,-3628910.5925933626,-3088890.9916644767,301.757031990012,52.8,1:15:09:40
3487500,13950.00000100699,-3627128.7426707316,-3088636.310256885,300.90366696834576,52.8,1:15:08:13
3500000,14000.000001017177,-3629519.4834325314,-3091533.760198258,300.6205234345796,52.8,1:15:06:46
3512500,14050.000001027363,-3628759.839746546,-3090528.2083699955,300.7579342082405,52.8,1:15:05:20
3525000,14100.00000103755,-3627830.9549136274,-3089636.9909662753,300.73688606180644,52.8,1:15:03:55
3537500,14150.000001047736,-3629452.322553931,-3090339.2485419214,301.25047468841547,52.8,1:15:02:28
3550000,14200.000001057922,-3624764.960623335,-3086869.882931751,300.56987169920154,52.8,1:15:01:00
3562500,14250.000001068109,-3629501.3601361867,-3087939.4378783996,302.6188642379222,52.8,1:14:59:33
3575000,14300.000001078295,-3627482.2148081716,-3086855.1791986325,302.0964598293838,52.8,1:14:58:08
3587500,14350.000001088481,-3630747.0435496178,-3091997.248009529,301.04747866144896,52.8,1:14:56:39
3600000,14400.000001098668,-3627133.4945704546,-3088958.1050544404,300.7265068732327,52.8,1:14:55:11
3612500,14450.000001108854,-3631908.633435538,-3093955.0477254847,300.6025653384151,52.8,1:14:53:45
3625000,14500.00000111904,-3627074.441043513,-3087828.6902255313,301.32461303286664,52.8,1:14:52:19
3637500,14550.000001129227,-3630732.466909932,-3092120.8235485763,300.9702807387332,52.8,1:14:50:51
3650000,14600.000001139413,-3627071.6972610913,-3088898.17514327,300.7254633915978,52.8,1:14:49:25
3662500,14650.0000011496,-3629194.620110832,-3091467.473934512,300.47603340974604,52.8,1:14:47:58
3675000,14700.000001159786,-3629003.675356826,-3088683.9087034576,301.9247613057055,52.8,1:14:46:31
3687500,14750.000001169972,-3630557.8379885815,-3092099.90395844,300.8843896497867,52.8,1:14:45:03
3700000,14800.000001180159,-3628144.153279936,-3089441.8245374653,301.02095473538645,52.8,1:14:43:37
3712500,14850.000001190345,-3630420.119363725,-3090265.541982197,301.8324553518079,52.8,1:14:42:11
3725000,14900.000001200531,-3626979.060428679,-3088718.266702136,300.7742298096675,52.8,1:14:40:46
3737500,14950.000001210718,-3626568.485047782,-3087135.5512256534,301.4292088432285,52.8,1:14:39:18
3750000,15000.000001220904,-3626227.7739307582,-3087715.986161907,300.91448252850176,52.8,1:14:37:51
3762500,15050.00000123109,-3628571.5437737033,-3088748.8539221697,301.6470002390061,52.8,1:14:36:25
3775000,15100.000001241277,-3628356.338039499,-3088091.8760658014,301.89385765709,52.8,1:14:35:00
3787500,15150.000001251463,-3628032.9580273535,-3088300.9516982986,301.59632728093845,52.8,1:14:33:32
3800000,15200.00000126165,-3627651.8437094297,-3088843.002696472,301.0804726242877,52.8,1:14:32:07
3812500,15250.000001271836,-3626900.1875184067,-3087865.83899986,301.20648374584914,52.8,1:14:30:41
3825000,15300.000001282022,-3629835.2714399174,-3092935.691605799,300.01359841152,52.8,1:14:29:16
3837500,15350.000001292208,-3627750.890576519,-3091833.119788159,299.4649742817302,52.8,1:14:27:49
3850000,15400.000001302395,-3631305.149740152,-3092697.2602060903,300.9681831411999,52.8,1:14:26:22
3862500,15450.000001312581,-3627192.0968219526,-3089653.4694116255,300.3706911903106,52.8,1:14:24:56
3875000,15500.000001322767,-3630950.0288537834,-3094483.8925204836,299.77139493572514,52.8,1:14:23:30
3887500,15550.000001332954,-3629950.0744512696,-3090570.4449263723,301.39942298638715,52.8,1:14:22:04
3900000,15600.00000134314,-3628407.148093138,-3091514.299914007,300.0098368365218,52.8,1:14:20:38
3912500,15650.000001353326,-3631982.322366385,-3094773.330872638,300.1864942543966,52.8,1:14:19:11
3925000,15700.000001363513,-3632707.841065949,-3093685.487438392,301.1997811322813,52.8,1:14:17:48
3937500,15750.000001373699,-3632939.1288982593,-3093318.1272699554,301.5342990712622,52.8,1:14:16:24
3950000,15800.000001383885,-3630052.7418929376,-3090761.2853149525,301.35015291041907,52.8,1:14:14:59
3962500,15850.000001394072,-3626901.6577233486,-3086704.9165732963,301.8560160033577,52.8,1:14:13:31
3975000,15900.000001404258,-3628943.524623679,-3090840.839073023,300.68588069454853,52.8,1:14:12:04
3987500,15950.000001414444,-3628105.578306105,-3088095.700777363,301.7515986606231,52.8,1:14:10:38
4000000,16000.00000142463,-3629975.7388035487,-3090975.2329698466,301.18757282462366,52.8,1:14:09:15
4012500,16050.000001434817,-3630618.53157389,-3089736.837979319,302.2387599192388,52.8,1:14:07:50
4025000,16100.000001445003,-3628155.3799789306,-3088022.8172150804,301.8201538248276,52.8,1:14:06:25
4037500,16150.00000145519,-3627842.2802191284,-3088989.3908102293,301.1050863849742,52.8,1:14:04:59
4050000,16200.000001465376,-3630842.857162323,-3092980.2806386854,300.5517104029101,52.8,1:14:03:32
4062500,16250.000001475562,-3629282.593388973,-3092363.113534156,300.0247183248939,52.8,1:14:02:08
4075000,16300.000001485749,-3627199.6897549164,-3088239.194490792,301.1652153570369,52.8,1:14:00:42
4087500,16350.000001495935,-3632994.595190486,-3093441.9417711943,301.4961068414657,52.8,1:13:59:15
4100000,16400.00000150612,-3627091.0561504066,-3088360.0583786834,301.03697467459335,52.8,1:13:57:51
4112500,16450.000001516306,-3627800.699838048,-3088157.303260878,301.5468131231406,52.9,1:13:56:27
4125000,16500.000001526492,-3631298.2437178437,-3092331.6157718655,301.1686422324156,52.9,1:13:55:01
4137500,16550.00000153668,-3627980.348931849,-3089334.4754669247,300.9894081452939,52.9,1:13:53:36
4150000,16600.000001546865,-3630893.4196021296,-3092576.8333729645,300.8054060483995,52.9,1:13:52:12
4162500,16650.00000155705,-3626946.979659099,-3088687.9658759832,300.7732351967965,52.9,1:13:50:48
4175000,16700.000001567238,-3625765.2492379434,-3086697.7931852434,301.2249838729285,52.9,1:13:49:22
4187500,16750.000001577424,-3627667.1664956342,-3088840.8296798626,301.0902490870689,52.9,1:13:47:58
4200000,16800.00000158761,-3627360.995818924,-3089199.2405055,300.7188882303166,52.9,1:13:46:34
4212500,16850.000001597797,-3627401.229225252,-3088641.6969404444,301.05291944763997,52.9,1:13:45:11
4225000,16900.000001607983,-3631483.845821433,-3092147.3689592155,301.3753097516261,52.9,1:13:43:48
4237500,16950.00000161817,-3629659.5647579823,-3091427.507061622,300.7581724310757,52.9,1:13:42:24
4250000,17000.000001628356,-3628431.1144773606,-3088563.6572329802,301.6720157672795,52.9,1:13:41:00
4262500,17050.000001638542,-3630774.2354998514,-3092652.47427922,300.6965399697767,52.9,1:13:39:35
4275000,17100.00000164873,-3628718.9870625325,-3090548.685149115,300.7236639766843,52.9,1:13:38:11
4287500,17150.000001658915,-3625006.101872882,-3084526.1664248956,302.0142618719781,52.9,1:13:36:46
4300000,17200.0000016691,-3632749.4037420675,-3094024.7440355485,301.0334330332504,52.9,1:13:35:22
4312500,17250.000001679287,-3628665.5260926243,-3092168.935343909,299.7884125291436,52.9,1:13:33:58
4325000,17300.000001689474,-3627446.9225718156,-3088686.850079985,301.0532213094014,52.9,1:13:32:33
4337500,17350.00000169966,-3628171.831204122,-3091305.173867745,299.99520168075867,52.9,1:13:31:08
4350000,17400.000001709846,-3627530.6029021014,-3088773.4854943557,301.05157004081565,52.9,1:13:29:44
4362500,17450.000001720033,-3632649.362912778,-3093328.6432373575,301.36650480841246,52.9,1:13:28:21
4375000,17500.00000173022,-3631644.632441936,-3093854.407962953,300.51128087365623,52.9,1:13:26:57
4387500,17550.000001740405,-3629287.2620497793,-3090013.118310567,301.3404786859382,52.9,1:13:25:34
4400000,17600.00000175059,-3630750.879624447,-3092046.833967203,301.0219141285369,52.9,1:13:24:11
4412500,17650.000001760778,-3629688.633043207,-3091629.919359411,300.6613096974736,52.9,1:13:22:45
4425000,17700.000001770964,-3627624.360088486,-3087758.4056479502,301.67117601696873,52.9,1:13:21:22
4437500,17750.00000178115,-3631246.986142561,-3091663.747101941,301.51319775130963,52.9,1:13:19:56
4450000,17800.000001791337,-3631918.5284109786,-3093381.8512747195,300.9283904341115,52.9,1:13:18:32
4462500,17850.000001801523,-3625577.373008957,-3085402.2982810745,301.8439090442092,52.9,1:13:17:11
4475000,17900.00000181171,-3630521.7076915875,-3093242.2893752884,300.2258479906489,52.9,1:13:15:45
4487500,17950.000001821896,-3630443.2908049542,-3093134.7951760795,300.24209607409983,52.9,1:13:14:22
4500000,18000.000001832082,-3629513.618920421,-3090835.4756470057,301.00744016045854,52.9,1:13:12:57
4512500,18050.00000184227,-3627091.364419654,-3090386.215292045,299.904952664545,52.9,1:13:11:33
4525000,18100.000001852455,-3632759.988078218,-3095408.9433532003,300.2658720424978,52.9,1:13:10:07
4537500,18150.00000186264,-3628376.539193902,-3091086.062291968,300.2320274070504,52.9,1:13:08:42
4550000,18200.000001872828,-3631308.3640562594,-3092484.652340958,301.08878220970877,52.9,1:13:07:16
4562500,18250.000001883014,-3628641.62557449,-3091419.505664594,300.1938302693953,52.9,1:13:05:50
4575000,18300.0000018932,-3630389.130199427,-3092359.6741657504,300.6449608433805,52.9,1:13:04:24
4587500,18350.000001903387,-3630161.226270627,-3092067.1504381406,300.6810696784362,52.9,1:13:02:59
4600000,18400.000001913573,-3629609.0978585444,-3091195.025222568,300.8598803836427,52.9,1:13:01:35
4612500,18450.00000192376,-3627128.0877029225,-3088742.642893355,300.84388346813324,52.9,1:13:00:09
4625000,18500.000001933946,-3628805.22278508,-3091903.4697132427,300.01481279292904,52.9,1:12:58:45
4637500,18550.000001944132,-3628833.356882369,-3090278.205249191,300.9387137804276,52.9,1:12:57:19
4650000,18600.00000195432,-3627711.062054768,-3089068.12865746,300.98776526774583,52.9,1:12:55:54
4662500,18650.000001964505,-3627325.308621699,-3088778.145526927,300.9342498727559,52.9,1:12:54:30
4675000,18700.00000197469,-3629572.7295329887,-3091370.2321160063,300.74165447107123,52.9,1:12:53:05
4687500,18750.000001984878,-3630560.6304722335,-3091128.501810409,301.42875892847877,52.9,1:12:51:41
4700000,18800.000001995064,-3630609.238431653,-3090018.508448522,302.0761726434176,52.9,1:12:50:18
4712500,18850.00000200525,-3630609.2831864916,-3091248.5285238274,301.3888759203234,52.9,1:12:48:54
4725000,18900.000002015437,-3628884.3328457065,-3089081.4700222285,301.63592111312073,52.9,1:12:47:31
4737500,18950.000002025623,-3627230.2633476146,-3089976.9728972786,300.2112480256257,52.9,1:12:46:07
4750000,19000.00000203581,-3627751.978242222,-3089280.562174109,300.89192326478224,52.9,1:12:44:44
4762500,19050.000002045996,-3630762.8283319417,-3091769.7646966353,301.1834142057599,52.9,1:12:43:20
4775000,19100.000002056182,-3628310.083621351,-3091041.3220323985,300.21989312825235,52.9,1:12:41:56
4787500,19150.00000206637,-3627452.1083799936,-3089857.3840896096,300.4020375118159,52.9,1:12:40:31
4800000,19200.000002076555,-3631554.633058537,-3092583.437577919,301.1711945206915,52.9,1:12:39:05
4812500,19250.00000208674,-3628407.6134754047,-3090170.8682659,300.76079176202506,52.9,1:12:37:41
4825000,19300.000002096927,-3628441.9845715016,-3091964.7399647655,299.77760211712547,52.9,1:12:36:19
4837500,19350.000002107114,-3628663.929523485,-3092522.356462498,299.59003253780884,52.9,1:12:34:53
4850000,19400.0000021173,-3626964.5653519873,-3087488.3880346376,301.4533728342176,52.9,1:12:33:27
4862500,19450.000002127486,-3631428.852028856,-3095032.8975520874,299.7321780837996,52.9,1:12:32:00
4875000,19500.000002137673,-3629567.5785392616,-3090118.6220789757,301.4381621177516,52.9,1:12:30:35
4887500,19550.00000214786,-3625447.818931116,-3085447.8265808057,301.7460749313006,52.9,1:12:29:12
4900000,19600.000002158045,-3627526.7247947454,-3088421.162025758,301.24627748817124,52.9,1:12:27:50
4912500,19650.00000216823,-3628042.539159691,-3089982.261416519,300.66218367670376,52.9,1:12:26:26
4925000,19700.000002178418,-3630338.7563481443,-3092454.831698561,300.56363950161847,52.9,1:12:25:02
4937500,19750.000002188604,-3629351.532615233,-3089765.60471495,301.51470025660785,52.9,1:12:23:38
4950000,19800.00000219879,-3627342.1186423674,-3087886.542875232,301.4418609138421,52.9,1:12:22:13
4962500,19850.000002208977,-3630986.8588290047,-3092557.7737759016,300.8682691577302,52.9,1:12:20:48
4975000,19900.000002219163,-3628168.3229953554,-3088316.1194513957,301.66349216673274,52.9,1:12:19:24
4987500,19950.00000222935,-3628180.5006016176,-3088997.4700469924,301.2895656373954,52.9,1:12:17:58
5000000,20000.000002239536,-3632528.567711385,-3094796.788362939,300.4786223755298,52.9,1:12:16:32
5012500,20050.000002249722,-3631481.608372569,-3093797.5399828656,300.45196201490813,52.9,1:12:15:08
5025000,20100.00000225991,-3626174.538295893,-3086978.533572719,301.29681546052603,52.9,1:12:13:44
5037500,20150.000002270095,-3631409.307268169,-3092838.8156439913,300.9472855992037,52.9,1:12:12:17
5050000,20200.00000228028,-3630024.151271183,-3090750.7782980483,301.34004799030515,52.9,1:12:10:52
5062500,20250.000002290468,-3626362.503602093,-3088474.9835704314,300.56564856170235,52.9,1:12:09:26
5075000,20300.000002300654,-3628436.468978191,-3087890.060284962,302.0514063925781,52.9,1:12:08:01
5087500,20350.00000231084,-3629038.15808508,-3089661.5770657733,301.39771951488814,52.9,1:12:06:37
5100000,20400.000002321027,-3627596.686176311,-3088639.3915559268,301.1634268724084,52.9,1:12:05:14
5112500,20450.000002331213,-3627281.453100834,-3089895.139087806,300.28558013393,52.9,1:12:03:48
5125000,20500.0000023414,-3628244.444548726,-3089435.729310083,301.08040234298,52.9,1:12:02:24
5137500,20550.000002351586,-3630092.961752223,-3092121.2042951123,300.6127195114276,52.9,1:12:01:00
5150000,20600.000002361772,-3630832.7695545536,-3091973.977198797,301.1083848869559,52.9,1:11:59:36
5162500,20650.00000237196,-3631593.6837224513,-3094609.9680891577,300.06061257359784,52.9,1:11:58:10
5175000,20700.000002382145,-3627924.986469837,-3088982.907055283,301.1549247822162,52.9,1:11:56:47
5187500,20750.00000239233,-3630880.1197217666,-3092598.384417229,300.78593173383837,52.9,1:11:55:21
5200000,20800.000002402518,-3630054.4140167832,-3092185.993079569,300.5549761971359,52.9,1:11:53:58
5212500,20850.000002412704,-3628542.289264394,-3089360.247150627,301.2890133074815,52.9,1:11:52:31
5225000,20900.00000242289,-3631773.0373480134,-3092164.2457581167,301.52747623567655,53,1:11:51:07
5237500,20950.000002433077,-3628295.9125873614,-3090321.038528564,300.6144610342786,53,1:11:49:43
5250000,21000.000002443263,-3625475.0225144792,-3085351.3167494815,301.8152046309808,53,1:11:48:18
5262500,21050.00000245345,-3630447.5248257667,-3091815.3598493394,300.9817479922273,53,1:11:46:55
5275000,21100.000002463636,-3629392.1037206817,-3091098.6157023595,300.79249902143937,53,1:11:45:32
5287500,21150.000002473822,-3628404.2079261113,-3089858.0076843947,300.93371184102574,53,1:11:44:09
5300000,21200.00000248401,-3628423.055866327,-3092161.0780523755,299.6573133935957,53,1:11:42:45
5312500,21250.000002494195,-3629477.6034221556,-3089994.665089051,301.45715081569097,53,1:11:41:22
5325000,21300.00000250438,-3628042.940399317,-3091709.5328957858,299.6972275209468,53,1:11:39:58
5337500,21350.000002514567,-3626552.690562876,-3086402.324289642,301.8301022306659,53,1:11:38:33
5350000,21400.000002524754,-3628440.6120045446,-3088961.894091335,301.4547924913279,53,1:11:37:10
5362500,21450.00000253494,-3628019.1841530167,-3088564.1915041944,301.44153507372243,53,1:11:35:45
5375000,21500.000002545126,-3628552.045564268,-3088753.9949605116,301.6332320975033,53,1:11:34:20
5387500,21550.000002555313,-3629244.6040033307,-3091062.2442899058,300.7304017431217,53,1:11:32:55
5400000,21600.0000025655,-3628806.2861012053,-3089665.4320411813,301.2659978746535,53,1:11:31:31
5412500,21650.000002575685,-3626535.7071440015,-3087881.6818064973,300.9939633223109,53,1:11:30:06
5425000,21700.00000258587,-3626689.460986413,-3087813.927894618,301.1177394267016,53,1:11:28:41
5437500,21750.000002596058,-3627389.823946856,-3089328.846641843,300.66257458419045,53,1:11:27:16
5450000,21800.000002606244,-3626940.0786062013,-3086910.2565994333,301.7627434162642,53,1:11:25:52
5462500,21850.00000261643,-3628190.215151023,-3089771.1565509206,300.8626664857279,53,1:11:24:28
5475000,21900.000002626617,-3626556.003929898,-3087609.2577409884,301.15753252455795,53,1:11:23:04
5487500,21950.000002636803,-3626002.9345741905,-3086652.493189439,301.38311297370495,53,1:11:21:39
5500000,22000.00000264699,-3630197.8940762375,-3090998.905050689,301.2984830559719,53,1:11:20:14
5512500,22050.000002657176,-3627535.951226391,-3089643.439794599,300.56843770136743,53,1:11:18:50
5525000,22100.000002667362,-3627761.7819991447,-3087871.4207786787,301.6848142579871,53,1:11:17:26
5537500,22150.00000267755,-3624903.208106002,-3087516.7635573577,300.2856530758011,53,1:11:16:02
5550000,22200.000002687735,-3625515.6039205976,-3084742.605046137,302.1780225014175,53,1:11:14:40
5562500,22250.00000269792,-3629439.2580055185,-3091079.41614555,300.8295768206188,53,1:11:13:16
5575000,22300.000002708108,-3625202.377408782,-3086296.024233319,301.1349613515303,53,1:11:11:51
5587500,22350.000002718294,-3628748.481643416,-3090907.163552059,300.5398314240383,53,1:11:10:27
5600000,22400.00000272848,-3630977.060945919,-3092317.9660953577,300.99679611062265,53,1:11:09:03
5612500,22450.000002738667,-3627477.1968849096,-3088718.8123491704,301.05227809804484,53,1:11:07:39
5625000,22500.000002748853,-3628506.630215002,-3092263.6764227464,299.64668297885976,53,1:11:06:16
5637500,22550.00000275904,-3629505.2196364775,-3091809.490422692,300.45847795555073,53,1:11:04:52
5650000,22600.000002769226,-3628016.6740578823,-3088328.670546802,301.57173898871986,53,1:11:03:27
5662500,22650.000002779412,-3627365.146067813,-3088600.203844415,301.05594246200724,53,1:11:02:03
5675000,22700.0000027896,-3630472.0631334633,-3093244.797990643,300.1967053691388,53,1:11:00:38
5687500,22750.000002799785,-3626507.282687342,-3089173.0054025645,300.25650258073676,53,1:10:59:15
5700000,22800.00000280997,-3630605.875333499,-3092042.8344992497,300.94312217948556,53,1:10:57:51
5712500,22850.000002820158,-3631020.376444094,-3091801.094406701,301.309822568489,53,1:10:56:28
5725000,22900.000002830344,-3627285.932775965,-3088961.7993352506,300.8096233474624,53,1:10:55:03
5737500,22950.00000284053,-3625921.3564708326,-3085730.478086139,301.852739954357,53,1:10:53:40
5750000,23000.000002850717,-3627754.116827702,-3089930.556698635,300.5299084694166,53,1:10:52:16
5762500,23050.000002860903,-3630014.2078803796,-3089725.8452784205,301.9072130661059,53,1:10:50:52
5775000,23100.00000287109,-3626745.133918967,-3087459.586144788,301.34685113563876,53,1:10:49:29
5787500,23150.000002881276,-3629838.4345688056,-3092739.73275286,300.1248655917052,53,1:10:48:06
5800000,23200.000002891462,-3630096.279253397,-3093266.8751134016,299.97438500308095,53,1:10:46:43
5812500,23250.00000290165,-3626796.1390491966,-3088718.7599826083,300.67173970872255,53,1:10:45:19
5825000,23300.000002911835,-3626182.328943962,-3088617.094792977,300.3855587452626,53,1:10:43:55
5837500,23350.00000292202,-3631298.8364680205,-3090298.7823111713,302.3048985036836,53,1:10:42:31
5850000,23400.000002932207,-3630633.8748156372,-3092191.313718606,300.8757994233201,53,1:10:41:06
5862500,23450.000002942394,-3624896.0772588104,-3084853.814245689,301.7696953142057,53,1:10:39:42
5875000,23500.00000295258,-3630020.2712540533,-3090110.052137359,301.69591063266876,53,1:10:38:18
5887500,23550.000002962766,-3628719.353532836,-3089634.690196734,301.23459911422526,53,1:10:36:53
5900000,23600.000002972953,-3627532.451728804,-3089830.286126324,300.462074538982,53,1:10:35:28
5912500,23650.00000298314,-3629822.2856788114,-3089988.4869069583,301.6532077818775,53,1:10:34:04
5925000,23700.000002993325,-3627195.2973431647,-3087824.873572112,301.3942789120745,53,1:10:32:38
5937500,23750.00000300351,-3630383.033390958,-3092164.042001599,300.750871121988,53,1:10:31:15
5950000,23800.000003013698,-3628987.4920929484,-3088341.7804258997,302.1068958055479,53,1:10:29:50
5962500,23850.000003023884,-3629765.794642955,-3090980.1479164404,301.0675119113358,53,1:10:28:27
5975000,23900.00000303407,-3630557.5586057436,-3091910.899278897,300.9898472763196,53,1:10:27:04
5987500,23950.000003044257,-3628910.773159789,-3089271.7744891355,301.54435562119994,53,1:10:25:39
6000000,24000.000003054443,-3626924.056977939,-3087825.7009099866,301.24225046265036,53,1:10:24:15
6012500,24050.00000306463,-3629809.8947251663,-3091952.5915177595,300.54876373161903,53,1:10:22:51
6025000,24100.000003074816,-3625999.53683272,-3089557.554880989,299.75789773214365,53,1:10:21:26
6037500,24150.000003085002,-3627248.0494731516,-3085478.228693335,302.73503565254276,53,1:10:20:04
6050000,24200.00000309519,-3628858.374421278,-3089864.320382869,301.18396763215424,53,1:10:18:41
6062500,24250.000003105375,-3627392.319083566,-3089887.3998597893,300.3518554252574,53,1:10:17:17
6075000,24300.00000311556,-3629093.714466393,-3089905.614689187,301.29239826339244,53,1:10:15:53
6087500,24350.000003125748,-3629412.2223438453,-3091001.392363511,300.85806842322364,53,1:10:14:28
6100000,24400.000003135934,-3626773.6333184987,-3089530.2768138894,300.2056970456739,53,1:10:13:03
6112500,24450.00000314612,-3628427.657184316,-3089927.2238853965,300.90813777519907,53,1:10:11:40
6125000,24500.000003156307,-3631763.9041139204,-3093035.3510898976,301.03560857638337,53,1:10:10:18
6137500,24550.000003166493,-3628350.8941115867,-3089113.014673877,301.32021459187615,53,1:10:08:55
6150000,24600.00000317668,-3627865.594496092,-3090610.943449454,300.21200831192107,53,1:10:07:32
6162500,24650.000003186866,-3628042.5615413003,-3089548.216812692,300.9047355488671,53,1:10:06:09
6175000,24700.000003197052,-3626549.82545593,-3087679.0711871884,301.11506907277635,53,1:10:04:46
6187500,24750.00000320724,-3630280.2646012567,-3091002.2542972798,301.3426392799339,53,1:10:03:24
6200000,24800.000003217425,-3628471.0065848567,-3090850.999157779,300.4161654513851,53,1:10:02:01
6212500,24850.00000322761,-3629034.7227250524,-3089272.4689003876,301.61322924983847,53,1:10:00:38
6225000,24900.000003237798,-3629866.265424045,-3090254.28058742,301.52926058693623,53,1:9:59:13
6237500,24950.000003247984,-3629552.3621875513,-3089296.238848554,301.889198119448,53,1:9:57:49
6250000,25000.00000325817,-3628499.2815268766,-3089508.3851141958,301.1822031855191,53,1:9:56:26
6262500,25050.000003268357,-3627433.827702632,-3087961.405007895,301.45127479226903,53,1:9:55:04
6275000,25100.000003278543,-3628952.9043198954,-3091545.593267536,300.29731304928805,53,1:9:53:41
6287500,25150.00000328873,-3632850.5679560136,-3094299.6015892094,300.9363750994667,53,1:9:52:18
6300000,25200.000003298916,-3628629.0155938827,-3087933.821902572,302.13454581816296,53,1:9:50:54
6312500,25250.000003309102,-3629713.878684094,-3090666.7690361408,301.213614525043,53,1:9:49:31
6325000,25300.00000331929,-3628152.8912705258,-3090099.3834141707,300.6584007381786,53,1:9:48:07
6337500,25350.000003329475,-3630524.8935970664,-3091053.0752497036,301.4509370895827,53,1:9:46:44
6350000,25400.00000333966,-3627540.799436718,-3087937.393454277,301.52446681728054,53,1:9:45:20
6362500,25450.000003349847,-3633191.153713405,-3094653.50237503,300.9289348075724,53,1:9:43:56
6375000,25500.000003360034,-3629216.4030420464,-3089593.6606647326,301.53527178272276,53,1:9:42:31
6387500,25550.00000337022,-3632304.9538909364,-3094694.3086058674,300.4109339890811,53,1:9:41:07
6400000,25600.000003380406,-3629915.5678959694,-3090799.029692403,301.2524104406748,53,1:9:39:42
6412500,25650.000003390593,-3625111.2532302607,-3084562.9150754996,302.052484554527,53,1:9:38:19
6425000,25700.00000340078,-3632025.819557106,-3094569.581367939,300.3246529968778,53,1:9:36:54
6437500,25750.000003410965,-3629904.917832982,-3091581.8472094988,300.80902945684676,53,1:9:35:30
6450000,25800.00000342115,-3627424.6526609063,-3089993.7389506595,300.31050195572556,53.1,1:9:34:05
6462500,25850.000003431338,-3630131.281356249,-3091622.4890331416,300.91280870626355,53.1,1:9:32:43
6475000,25900.000003441524,-3631028.5043910723,-3094217.6816431955,299.9640019248994,53.1,1:9:31:20
6487500,25950.00000345171,-3629090.678442346,-3092406.1232520845,299.8934449981561,53.1,1:9:29:56
6500000,26000.000003461897,-3629725.088748196,-3091194.5223947875,300.924975795656,53.1,1:9:28:33
6512500,26050.000003472083,-3632360.5162014943,-3091577.631391462,302.18354665382105,53.1,1:9:27:08
6525000,26100.00000348227,-3628986.609153522,-3091283.4172212044,300.46264804084217,53.1,1:9:25:43
6537500,26150.000003492456,-3629443.9412960745,-3090860.8816231824,300.9543084870237,53.1,1:9:24:19
6550000,26200.000003502642,-3629543.462959552,-3091796.1277878284,300.4873147990167,53.1,1:9:22:55
6562500,26250.00000351283,-3629957.437644344,-3091235.042124534,301.03216783054285,53.1,1:9:21:32
6575000,26300.000003523015,-3631824.883322943,-3092916.312385941,301.13620061236185,53.1,1:9:20:08
6587500,26350.0000035332,-3627643.360794451,-3087800.444584314,301.658302506423,53.1,1:9:18:45
6600000,26400.000003543388,-3628058.2858168,-3089082.0982959755,301.1739840180243,53.1,1:9:17:23
6612500,26450.000003553574,-3628668.4323964324,-3092433.018641895,299.64246968845487,53.1,1:9:15:58
6625000,26500.00000356376,-3633460.799775135,-3097045.959936822,299.74273101676323,53.1,1:9:14:35
6637500,26550.000003573947,-3628149.390519647,-3088030.9744633418,301.8122487997621,53.1,1:9:13:10
6650000,26600.000003584133,-3629473.9760737196,-3090941.2265020725,300.92619575406985,53.1,1:9:11:47
6662500,26650.00000359432,-3631269.1072888784,-3093022.462496279,300.766323540515,53.1,1:9:10:23
6675000,26700.000003604506,-3632030.9817988537,-3093760.7971593756,300.77947734884975,53.1,1:9:09:00
6687500,26750.000003614692,-3626348.1566888206,-3086461.4176881146,301.6827902013007,53.1,1:9:07:37
6700000,26800.00000362488,-3628852.015171714,-3086553.618956673,303.0303978102161,53.1,1:9:06:13
6712500,26850.000003635065,-3628982.9190643393,-3088955.214972362,301.7615599487007,53.1,1:9:04:48
6725000,26900.00000364525,-3632318.834957758,-3093417.790464115,301.131994918336,53.1,1:9:03:24
6737500,26950.000003655437,-3629682.43205457,-3088236.1300529502,302.55425690648656,53.1,1:9:02:01
6750000,27000.000003665624,-3630036.1686407495,-3092814.736064855,300.19344619469155,53.1,1:9:00:37
6762500,27050.00000367581,-3629794.838151226,-3090676.6456930162,301.2533348200314,53.1,1:8:59:14
6775000,27100.000003685996,-3629118.472455336,-3091577.9597763577,300.3717446577619,53.1,1:8:57:51
6787500,27150.000003696183,-3626427.9319311213,-3088329.536292323,300.6834835388388,53.1,1:8:56:29
6800000,27200.00000370637,-3627963.9844833557,-3089926.3572092988,300.649526842912,53.1,1:8:55:06
6812500,27250.000003716556,-3631076.4111943766,-3090896.3555869707,301.8466923050743,53.1,1:8:53:41
6825000,27300.000003726742,-3631627.325214248,-3093712.61146033,300.5808441155356,53.1,1:8:52:19
6837500,27350.00000373693,-3627420.2836059537,-3088993.204323446,300.8671483551136,53.1,1:8:50:55
6850000,27400.000003747115,-3628459.1398860514,-3089626.769725347,301.0936204540651,53.1,1:8:49:31
6862500,27450.0000037573,-3627487.481397448,-3088610.609557599,301.1184875044354,53.1,1:8:48:07
6875000,27500.000003767487,-3628184.319280045,-3089685.3771751444,300.90730451233173,53.1,1:8:46:43
6887500,27550.000003777674,-3628805.7812268157,-3087995.5505753863,302.19882721016216,53.1,1:8:45:19
6900000,27600.00000378786,-3630730.352839224,-3092197.94531568,300.92600462134016,53.1,1:8:43:57
6912500,27650.000003798046,-3629901.4779794626,-3091457.086340441,300.8768223101134,53.1,1:8:42:35
6925000,27700.000003808233,-3628400.8556192387,-3090897.2245121887,300.35113563975403,53.1,1:8:41:12
6937500,27750.00000381842,-3628055.194837328,-3091312.4595654975,299.92595538982533,53.1,1:8:39:49
6950000,27800.000003828605,-3629317.8610154744,-3091474.202877159,300.5411390166212,53.1,1:8:38:25
6962500,27850.00000383879,-3627058.265792856,-3088158.6075988873,301.13122026927795,53.1,1:8:37:02
6975000,27900.000003848978,-3626787.311268771,-3086550.146608452,301.87860421767374,53.1,1:8:35:39
6987500,27950.000003859164,-3631324.883079471,-3092106.3274595207,301.3094166543868,53.1,1:8:34:16
7000000,28000.00000386935,-3628551.385349905,-3089654.3470730493,301.12975628832135,53.1,1:8:32:53
7012500,28050.000003879537,-3628567.3730125725,-3091233.0158736147,300.2565472023774,53.1,1:8:31:30
7025000,28100.000003889723,-3627849.7596147954,-3089605.5760291093,300.76494824507756,53.1,1:8:30:07
7037500,28150.00000389991,-3628514.6962760314,-3090514.226305956,300.6287637488559,53.1,1:8:28:44
7050000,28200.000003910096,-3629196.572328413,-3089720.1944884495,301.4534848840557,53.1,1:8:27:21
7062500,28250.000003920282,-3631341.6721348297,-3092943.155649177,300.85118777740604,53.1,1:8:25:58
7075000,28300.00000393047,-3628472.797073895,-3089891.838682214,300.95313431412274,53.1,1:8:24:35
7087500,28350.000003940655,-3626629.627354756,-3089085.520042288,300.3737532995428,53.1,1:8:23:13
7100000,28400.00000395084,-3631786.3091560993,-3092849.5404820153,301.15195719867086,53.1,1:8:21:49
7112500,28450.000003961028,-3626265.8874694034,-3090211.347685676,299.5413992967468,53.1,1:8:20:26
7125000,28500.000003971214,-3628171.310949784,-3088436.760221548,301.59774906330273,53.1,1:8:19:04
7137500,28550.0000039814,-3628705.4789697453,-3087196.9725919506,302.5890160298575,53.1,1:8:17:41
7150000,28600.000003991587,-3630077.150214825,-3092995.0154313818,300.1156081155909,53.1,1:8:16:18
7162500,28650.000004001773,-3626413.745025346,-3087407.96750515,301.1905185852356,53.1,1:8:14:56
7175000,28700.00000401196,-3628631.094683405,-3091126.344959576,300.3517607105451,53.1,1:8:13:33
7187500,28750.000004022146,-3631880.8710544575,-3093228.3908760836,300.9930999043304,53.1,1:8:12:10
7200000,28800.000004032332,-3625423.8996123876,-3084910.5810116306,302.0329160117189,53.1,1:8:10:45
7212500,28850.00000404252,-3629011.833972212,-3092522.9977302365,299.7840793958012,53.1,1:8:09:21
7225000,28900.000004052705,-3629550.8075029925,-3090197.8627648484,301.3845118201329,53.1,1:8:07:58
7237500,28950.00000406289,-3629648.0822546724,-3091540.8842298426,300.68840221564,53.1,1:8:06:34
7250000,29000.000004073077,-3627511.6246879864,-3087919.773743697,301.5180099886557,53.1,1:8:05:11
7262500,29050.000004083264,-3631430.6091832314,-3091547.609732189,301.68070058195076,53.1,1:8:03:48
7275000,29100.00000409345,-3628923.445727527,-3092492.369007466,299.7518040082561,53.1,1:8:02:24
7287500,29150.000004103636,-3626977.587908631,-3087668.633329671,301.3599306015081,53.1,1:8:01:01
7300000,29200.000004113823,-3630674.0492176823,-3093119.8801635876,300.37937569044266,53.1,1:7:59:38
7312500,29250.00000412401,-3628803.9040124454,-3089929.745920119,301.1169710920744,53.1,1:7:58:15
7325000,29300.000004134195,-3628825.8726079892,-3090113.14341384,301.02676639374954,53.1,1:7:56:52
7337500,29350.000004144382,-3629395.746261971,-3091280.892844158,300.6926799653021,53.1,1:7:55:29
7350000,29400.000004154568,-3631213.290783802,-3092833.4641796695,300.8407440765366,53.1,1:7:54:05
7362500,29450.000004164755,-3629051.5487859827,-3090460.7614880935,300.9586265991431,53.1,1:7:52:42
7375000,29500.00000417494,-3626011.496109942,-3088056.4497142797,300.6033815535178,53.1,1:7:51:19
7387500,29550.000004185127,-3628018.858087076,-3089850.8588285567,300.7223772783746,53.1,1:7:49:56
7400000,29600.000004195314,-3630294.6461256165,-3091453.411590847,301.0985737690998,53.1,1:7:48:33
7412500,29650.0000042055,-3629425.236326169,-3091869.4916572105,300.3802561267531,53.1,1:7:47:09
7425000,29700.000004215686,-3630648.082441641,-3091041.5193762183,301.526230960635,53.1,1:7:45:46
7437500,29750.000004225873,-3627567.958299903,-3086797.3881638544,302.1766653490225,53.1,1:7:44:22
7450000,29800.00000423606,-3630953.2098098695,-3093453.5370735736,300.348923745578,53.1,1:7:42:59
7462500,29850.000004246245,-3630303.9831250533,-3091317.925393628,301.17949938348664,53.1,1:7:41:36
7475000,29900.00000425643,-3630569.2817394864,-3090117.527588801,301.99851447203827,53.1,1:7:40:13
7487500,29950.000004266618,-3631069.252387071,-3094477.6356345136,299.84151201818435,53.1,1:7:38:49
7500000,30000.000004276804,-3630132.662189519,-3091744.1552142045,300.84559457277766,53.1,1:7:37:27
7512500,30050.00000428699,-3629855.23931014,-3093483.248995168,299.71878717294106,53.1,1:7:36:04
7525000,30100.000004297177,-3631002.9904098883,-3093334.838192763,300.44306823218335,53.1,1:7:34:41
7537500,30150.000004307363,-3630407.9250927884,-3092166.5888656736,300.7633571723276,53.1,1:7:33:18
7550000,30200.00000431755,-3630656.0394101627,-3091151.95386025,301.46896764857604,53.1,1:7:31:55
7562500,30250.000004327736,-3627863.175710261,-3090060.14634193,300.51843610542556,53.1,1:7:30:33
7575000,30300.000004337922,-3628499.86320995,-3088012.9241585545,302.0181754087725,53.1,1:7:29:10
7587500,30350.00000434811,-3629789.302225409,-3091972.743218258,300.52599631925324,53.1,1:7:27:46
7600000,30400.000004358295,-3628910.537564328,-3092674.905918392,299.64259144377945,53.1,1:7:26:23
7612500,30450.00000436848,-3627356.5629497934,-3087899.274727294,301.4428178151233,53.1,1:7:25:00
7625000,30500.000004378668,-3629892.068481263,-3091032.8364706333,301.10863056127823,53.1,1:7:23:37
7637500,30550.000004388854,-3630412.5690989364,-3088693.3523441926,302.7067586781765,53.1,1:7:22:14
7650000,30600.00000439904,-3627893.68949534,-3091505.433186641,299.7278764318883,53.1,1:7:20:52
7662500,30650.000004409227,-3626317.0463240594,-3086611.8489707997,301.58134671920914,53.1,1:7:19:29
7675000,30700.000004419413,-3627478.0409574583,-3089061.330924278,300.8613541322824,53.1,1:7:18:06
7687500,30750.0000044296,-3627696.2872707006,-3089608.0599708147,300.67780158254476,53.1,1:7:16:43
7700000,30800.000004439786,-3629866.577221073,-3092158.0860470585,300.4656091989994,53.1,1:7:15:21
7712500,30850.000004449972,-3627766.8411844354,-3091831.021759815,299.4750596617794,53.1,1:7:13:57
7725000,30900.00000446016,-3626185.1542366073,-3087198.0616153195,301.180077668595,53.1,1:7:12:34
7737500,30950.000004470345,-3631350.3470028434,-3094519.1735724006,299.9753736631834,53.1,1:7:11:11
7750000,31000.00000448053,-3626299.7692682687,-3087707.974897855,300.9591893402279,53.1,1:7:09:48
7762500,31050.000004490717,-3628286.3450989407,-3091532.5173273976,299.9321537570417,53.1,1:7:08:26
7775000,31100.000004500904,-3631451.474213293,-3092788.6687114276,300.998869581886,53.1,1:7:07:03
7787500,31150.00000451109,-3625281.552870404,-3086031.6526088105,301.3269316964609,53.1,1:7:05:40
7800000,31200.000004521276,-3630155.3427016586,-3090467.92549417,301.5714113687015,53.1,1:7:04:17
7812500,31250.000004531463,-3626799.942636315,-3086469.289899126,301.93084432998467,53.1,1:7:02:55
7825000,31300.00000454165,-3630727.278298935,-3091636.782299361,301.23785834262173,53.1,1:7:01:32
7837500,31350.000004551835,-3627917.023431815,-3089231.7984692007,301.01139733073626,53.1,1:7:00:09
7850000,31400.00000456202,-3628981.4290327094,-3091319.7552251355,300.4394481679582,53.1,1:6:58:46
7862500,31450.000004572208,-3628992.8310263287,-3092564.852781511,299.7500726142632,53.1,1:6:57:23
7875000,31500.000004582394,-3628196.4347992353,-3089667.10082215,300.924287157279,53.1,1:6:56:00
7887500,31550.00000459258,-3628184.1229039896,-3090351.7939914344,300.5348083694853,53.1,1:6:54:35
7900000,31600.000004602767,-3630521.554032851,-3092367.0736950403,300.7148230537101,53.1,1:6:53:11
7912500,31650.000004612953,-3632228.9524572194,-3093769.3761776043,300.88530732078596,53.2,1:6:51:48
7925000,31700.00000462314,-3628293.8053896986,-3089311.954209595,301.1771488087307,53.2,1:6:50:25
7937500,31750.000004633326,-3629727.1826066487,-3091693.499731935,300.647322755807,53.2,1:6:49:03
7950000,31800.000004643513,-3628550.816044951,-3089320.40974495,301.31603868446297,53.2,1:6:47:40
7962500,31850.0000046537,-3629707.497692501,-3091271.240001333,300.8722771492371,53.2,1:6:46:16
7975000,31900.000004663885,-3629672.6357100606,-3091424.0880033504,300.7673868680555,53.2,1:6:44:52
7987500,31950.00000467407,-3626617.607251188,-3086278.8184079793,301.9353906968207,53.2,1:6:43:29
8000000,32000.000004684258,-3628708.334007399,-3092580.5661397087,299.58231834716105,53.2,1:6:42:06
8012500,32050.000004694444,-3628595.5066630933,-3090962.355286198,300.4235101464272,53.2,1:6:40:43
8025000,32100.00000470463,-3629525.356120037,-3090962.264285965,300.9431506776273,53.2,1:6:39:20
8037500,32150.000004714817,-3629714.8775274437,-3090140.575897039,301.5082036244752,53.2,1:6:37:57
8050000,32200.000004725003,-3628863.0121124797,-3090978.8497988363,300.5637723056894,53.2,1:6:36:34
8062500,32250.00000473519,-3630973.3704032674,-3091305.1092962325,301.5607071498038,53.2,1:6:35:12
8075000,32300.000004745376,-3629355.8590193335,-3091336.11487507,300.63953394606193,53.2,1:6:33:49
8087500,32350.000004755562,-3627919.825557621,-3089545.970429343,300.83740728130294,53.2,1:6:32:26
8100000,32400.00000476575,-3629884.672984384,-3092529.0234357314,300.26844516745564,53.2,1:6:31:04
8112500,32450.000004775935,-3628656.8628100753,-3089843.9127254025,301.08276872850865,53.2,1:6:29:41
8125000,32500.00000478612,-3628794.960595168,-3088311.279870283,302.0163546916443,53.2,1:6:28:18
8137500,32550.000004796308,-3629380.320818618,-3090544.261278484,301.0956820388382,53.2,1:6:26:55
8150000,32600.000004806494,-3627828.921504561,-3091664.705979514,299.6026848984638,53.2,1:6:25:33
8162500,32650.00000481668,-3627572.271658879,-3088722.562455203,301.1033093211647,53.2,1:6:24:09
8175000,32700.000004826867,-3624991.561302349,-3087161.3402652023,300.5336305118185,53.2,1:6:22:46
8187500,32750.000004837053,-3624985.8604109287,-3084390.497678251,302.07876137306886,53.2,1:6:21:23
8200000,32800.000004847236,-3631178.771859465,-3094454.4056392107,299.91569096521073,53.2,1:6:20:00
8212500,32850.00000485742,-3628616.7955797706,-3090854.9497896903,300.4954231734536,53.2,1:6:18:38
8225000,32900.00000486761,-3632403.5425206088,-3093941.723193029,300.8865607113949,53.2,1:6:17:16
8237500,32950.000004877795,-3631007.640941832,-3089374.4002863104,302.65871617661065,53.2,1:6:15:54
8250000,33000.00000488798,-3627898.1014709715,-3089622.273400697,300.7826308361017,53.2,1:6:14:32
8262500,33050.00000489817,-3629348.1154231373,-3091055.6158545585,300.7919466865605,53.2,1:6:13:09
8275000,33100.000004908354,-3628946.5917808134,-3090688.064791454,300.7729631817827,53.2,1:6:11:47
8287500,33150.00000491854,-3630476.4048471767,-3091972.099218594,300.9103015905574,53.2,1:6:10:25
8300000,33200.00000492873,-3630028.577175075,-3091045.392473565,301.1778939658713,53.2,1:6:09:02
8312500,33250.00000493891,-3626634.354480382,-3085901.9199142302,302.155355610699,53.2,1:6:07:40
8325000,33300.0000049491,-3630470.1177913435,-3090283.432850782,301.8503967037548,53.2,1:6:06:17
8337500,33350.000004959285,-3628555.755356511,-3090906.2603338584,300.4326427964775,53.2,1:6:04:54
8350000,33400.00000496947,-3628989.4715078752,-3087974.859726923,302.31303314441624,53.2,1:6:03:32
8362500,33450.00000497966,-3630225.5868806634,-3091874.0773503864,300.8249208061466,53.2,1:6:02:08
8375000,33500.000004989844,-3629231.714126263,-3092097.288981741,300.14482739602767,53.2,1:6:00:45
8387500,33550.00000500003,-3627212.2761991154,-3086421.1842018566,302.18813274005623,53.2,1:5:59:22
8400000,33600.00000501022,-3627190.4840467554,-3087904.2270896058,301.34724741930705,53.2,1:5:58:00
8412500,33650.0000050204,-3625003.844925694,-3086953.5101628844,300.6566276482966,53.2,1:5:56:38
8425000,33700.00000503059,-3632332.8330219314,-3094020.3901866917,300.80309076530386,53.2,1:5:55:15
8437500,33750.000005040776,-3627449.2815215513,-3087339.474676265,301.80743806703975,53.2,1:5:53:52
8450000,33800.00000505096,-3627146.3397778627,-3088455.3795412295,301.0146021389738,53.2,1:5:52:29
8462500,33850.00000506115,-3627069.4037773684,-3087087.928407951,301.73572784540625,53.2,1:5:51:06
8475000,33900.000005071335,-3630081.7463817075,-3093532.9193441235,299.81760159462243,53.2,1:5:49:45
8487500,33950.00000508152,-3627916.114484854,-3089409.4467084855,300.91162153284023,53.2,1:5:48:22
8500000,34000.00000509171,-3629040.6595505737,-3091743.4044639054,300.235814982361,53.2,1:5:47:00
8512500,34050.000005101894,-3629728.1874673124,-3090389.646981229,301.376462882016,53.2,1:5:45:37
8525000,34100.00000511208,-3626471.9676226713,-3085968.9876922527,302.0271388760915,53.2,1:5:44:15
8537500,34150.00000512227,-3629360.0288925953,-3090272.8176755337,301.2360228421695,53.2,1:5:42:53
8550000,34200.00000513245,-3627029.1298833173,-3089171.00584732,300.5492224016356,53.2,1:5:41:30
8562500,34250.00000514264,-3627760.8999489695,-3086909.6832171977,302.2217297824685,53.2,1:5:40:07
8575000,34300.000005152826,-3627853.023352666,-3089104.474951404,301.0467817739465,53.2,1:5:38:45
8587500,34350.00000516301,-3626525.1244208645,-3088200.881108678,300.8096847424365,53.2,1:5:37:23
8600000,34400.0000051732,-3628416.7828020435,-3089905.198468932,300.91436885084124,53.2,1:5:36:01
8612500,34450.000005183385,-3626511.067722747,-3088717.670663379,300.51305367678987,53.2,1:5:34:39
8625000,34500.00000519357,-3629342.1550411023,-3090382.5808781004,301.1647006558291,53.2,1:5:33:17
8637500,34550.00000520376,-3626946.649026148,-3087082.154399432,301.67036028901236,53.2,1:5:31:55
8650000,34600.000005213944,-3630405.6547649484,-3091104.402853862,301.35562643515567,53.2,1:5:30:33
8662500,34650.00000522413,-3627366.211611809,-3089952.502389606,300.3008882764442,53.2,1:5:29:10
8675000,34700.00000523432,-3626356.2740189563,-3087968.9360125437,300.8449413657723,53.2,1:5:27:47
8687500,34750.0000052445,-3629498.4232050404,-3090903.506523669,300.96093405335654,53.2,1:5:26:27
8700000,34800.00000525469,-3629654.014023997,-3092539.8446984743,300.13350866646437,53.2,1:5:25:06
8712500,34850.000005264876,-3627800.4680051934,-3089103.3194612795,301.0180600972311,53.2,1:5:23:43
8725000,34900.00000527506,-3627059.884530319,-3088357.3789397106,301.02105355618676,53.2,1:5:22:20
8737500,34950.00000528525,-3627130.293864375,-3088428.077061557,301.020892184736,53.2,1:5:20:56
8750000,35000.000005295435,-3626692.69836626,-3088360.4931827434,300.81413374883823,53.2,1:5:19:34
8762500,35050.00000530562,-3628070.195361331,-3088988.0867423015,301.2331715663365,53.2,1:5:18:11
8775000,35100.00000531581,-3629005.1892246157,-3089788.9514634535,301.3081214603102,53.2,1:5:16:48
8787500,35150.000005325994,-3628004.679852156,-3089809.1456762115,300.7377634883272,53.2,1:5:15:24
8800000,35200.00000533618,-3631563.528818913,-3092993.1157612256,300.9472416971103,53.2,1:5:14:01
8812500,35250.00000534637,-3628819.051902853,-3088898.342112818,301.70177270590756,53.2,1:5:12:38
8825000,35300.00000535655,-3632711.1606947538,-3096025.137029553,299.8942655658513,53.2,1:5:11:16
8837500,35350.00000536674,-3625560.167667588,-3086755.1951358155,301.0783109594175,53.2,1:5:09:52
8850000,35400.000005376925,-3627096.1261489745,-3088249.7195538697,301.10146385970637,53.2,1:5:08:30
8862500,35450.00000538711,-3629731.271385843,-3090201.581665603,301.4832749782196,53.2,1:5:07:06
8875000,35500.0000053973,-3630652.9386609104,-3092075.238760464,300.9513135049481,53.2,1:5:05:43
8887500,35550.000005407484,-3629494.104714861,-3090655.4411733085,301.09713712627985,53.2,1:5:04:20
8900000,35600.00000541767,-3629604.7114828285,-3091208.2832582532,300.85002088001244,53.2,1:5:02:56
8912500,35650.00000542786,-3627248.7793096174,-3089542.4658549707,300.4643923132938,53.2,1:5:01:34
8925000,35700.00000543804,-3628391.558310615,-3089786.327761368,300.96669732964,53.2,1:5:00:11
8937500,35750.00000544823,-3626182.4801523574,-3087076.4569827872,301.246534754969,53.2,1:4:58:49
8950000,35800.000005458416,-3628524.6936499868,-3091378.173317127,300.15158605465405,53.2,1:4:57:26
8962500,35850.0000054686,-3625844.86389341,-3087452.1653800304,300.84793675829064,53.2,1:4:56:03
8975000,35900.00000547879,-3629107.571204474,-3088141.314543335,302.28601283365117,53.2,1:4:54:40
8987500,35950.000005488975,-3630181.375419559,-3091797.139203011,300.84320811960526,53.2,1:4:53:17
9000000,36000.00000549916,-3628424.9266898967,-3089732.888525199,301.0152044733573,53.2,1:4:51:55
9012500,36050.00000550935,-3626365.825498242,-3086500.0900843,301.67105362730956,53.2,1:4:50:32
9025000,36100.000005519534,-3629482.4239128716,-3089174.2950890316,301.9182582141675,53.2,1:4:49:10
9037500,36150.00000552972,-3628570.135177709,-3090289.7227824796,300.7851925066219,53.2,1:4:47:48
9050000,36200.00000553991,-3630203.9542746153,-3092064.825849737,300.7062445730885,53.2,1:4:46:26
9062500,36250.00000555009,-3627679.382333679,-3088927.805048916,301.04847428083707,53.2,1:4:45:03
9075000,36300.00000556028,-3627601.208793791,-3087803.275209554,301.633166708279,53.2,1:4:43:41
9087500,36350.000005570466,-3630912.2026474196,-3092600.529631935,300.8026605984655,53.2,1:4:42:19
9100000,36400.00000558065,-3629825.8323116116,-3091609.9421454608,300.74913819246245,53.2,1:4:40:56
9112500,36450.00000559084,-3629874.0280317776,-3090539.2083859313,301.3743837172883,53.2,1:4:39:34
9125000,36500.000005601025,-3628819.155110851,-3092026.4801644324,299.9538611324248,53.2,1:4:38:12
9137500,36550.00000561121,-3626195.4751860816,-3088911.7986264573,300.2282274503297,53.2,1:4:36:50
9150000,36600.0000056214,-3630120.6319486983,-3092087.541698338,300.64699160381633,53.2,1:4:35:28
9162500,36650.000005631584,-3625793.6230229363,-3084838.16733505,302.2799773682239,53.2,1:4:34:05
9175000,36700.00000564177,-3629953.6924692504,-3091095.0169204697,301.1083196164985,53.2,1:4:32:43
9187500,36750.00000565196,-3625206.1362013128,-3087707.516853111,300.34833512386075,53.2,1:4:31:22
9200000,36800.00000566214,-3629882.520654995,-3091400.4064667113,300.89790125703456,53.2,1:4:30:00
9212500,36850.00000567233,-3629957.8446683288,-3092191.6628814843,300.4978460809036,53.2,1:4:28:38
9225000,36900.000005682516,-3628277.9013131335,-3090352.10066144,300.58703935245103,53.2,1:4:27:16
9237500,36950.0000056927,-3627424.040511692,-3087963.7306604264,301.44450626814756,53.2,1:4:25:54
9250000,37000.00000570289,-3629353.8863311484,-3087714.587778325,302.6621012632012,53.2,1:4:24:32
9262500,37050.000005713075,-3630599.8322746195,-3092039.5292851366,300.94159230184874,53.2,1:4:23:10
9275000,37100.00000572326,-3628248.7601242587,-3088715.3996783053,301.4853261395007,53.2,1:4:21:48
9287500,37150.00000573345,-3629844.017470939,-3091377.887593243,300.8889693995375,53.2,1:4:20:26
9300000,37200.000005743634,-3630801.5808262676,-3092250.722085417,300.9363149592641,53.2,1:4:19:04
9312500,37250.00000575382,-3627218.915887965,-3088288.036370083,301.1486664027565,53.2,1:4:17:42
9325000,37300.000005764006,-3628462.1510193665,-3089548.2860228545,301.13915887476963,53.2,1:4:16:21
9337500,37350.00000577419,-3629402.9743806683,-3089524.643021338,301.678092103485,53.2,1:4:14:59
9350000,37400.00000578438,-3627174.628891254,-3089005.2446804456,300.7231511745285,53.2,1:4:13:37
9362500,37450.000005794565,-3629245.0904703643,-3091203.261891866,300.6518744857689,53.2,1:4:12:16
9375000,37500.00000580475,-3629542.1686271094,-3090274.0742867948,301.33709834816244,53.2,1:4:10:56
9387500,37550.00000581494,-3626713.8558763117,-3088496.2338876156,300.7501059159122,53.2,1:4:09:34
9400000,37600.000005825124,-3630961.3849216774,-3091905.7870701854,301.2183576401119,53.2,1:4:08:13
9412500,37650.00000583531,-3628623.629585769,-3089153.806273382,301.4498222859123,53.2,1:4:06:51
9425000,37700.0000058455,-3631502.9075011164,-3091960.1766419425,301.49056222366704,53.2,1:4:05:29
9437500,37750.00000585568,-3629171.5990601256,-3091435.879723187,300.48082399789985,53.2,1:4:04:07
9450000,37800.00000586587,-3627887.6080406457,-3086274.5082860226,302.64746166202195,53.2,1:4:02:46
9462500,37850.000005876056,-3629790.284479119,-3090866.0443773186,301.14495636984753,53.2,1:4:01:24
9475000,37900.00000588624,-3626283.636246983,-3088060.538304488,300.75316581885437,53.2,1:4:00:02
9487500,37950.00000589643,-3626570.9538663626,-3086700.4686657414,301.6737077560271,53.2,1:3:58:41
9500000,38000.000005906615,-3627903.343454249,-3087807.7401475604,301.7995012854052,53.2,1:3:57:19
9512500,38050.0000059168,-3631049.9857306518,-3091615.8415231286,301.4298851933157,53.2,1:3:55:58
9525000,38100.00000592699,-3628108.3692433536,-3089869.716943185,300.76185742337765,53.2,1:3:54:37
9537500,38150.000005937174,-3633656.278306011,-3095719.7014909713,300.5930609543743,53.2,1:3:53:15
9550000,38200.00000594736,-3626499.1931984033,-3088435.6793826204,300.6639919585972,53.2,1:3:51:54
9562500,38250.00000595755,-3630808.0208960045,-3091444.2566891937,301.39055762059473,53.2,1:3:50:32
9575000,38300.00000596773,-3628765.8488873504,-3090501.445226173,300.77624700156053,53.2,1:3:49:12
9587500,38350.00000597792,-3630104.475416163,-3090195.217227705,301.69537367650673,53.2,1:3:47:50
9600000,38400.000005988106,-3628693.1460239775,-3088978.869924911,301.5864198228229,53.2,1:3:46:28
9612500,38450.00000599829,-3629354.615956908,-3090398.9254536056,301.16253050937127,53.2,1:3:45:06
9625000,38500.00000600848,-3629558.189158302,-3089962.0168018844,301.520424746371,53.2,1:3:43:45
9637500,38550.000006018665,-3632877.025417099,-3093249.917694065,301.5377110900476,53.2,1:3:42:22
9650000,38600.00000602885,-3629113.5781053957,-3091506.805338639,300.40877006830846,53.2,1:3:41:00
9662500,38650.00000603904,-3631870.906812599,-3092841.0950555685,301.20394865325676,53.2,1:3:39:38
9675000,38700.000006049224,-3631184.34011315,-3091985.71773212,301.298278179035,53.2,1:3:38:17
9687500,38750.00000605941,-3629720.159372404,-3089444.592163386,301.90006314082467,53.2,1:3:36:54
9700000,38800.0000060696,-3628710.104304971,-3088504.5375597384,301.86094764917675,53.2,1:3:35:32
9712500,38850.00000607978,-3630091.966741061,-3091554.215977844,300.92899036508396,53.2,1:3:34:10
9725000,38900.00000608997,-3633204.518473616,-3096166.175755864,300.09113758943795,53.2,1:3:32:49
9737500,38950.000006100156,-3631939.002116373,-3093280.009861766,300.9967387811283,53.2,1:3:31:27
9750000,39000.00000611034,-3628885.1050294116,-3091584.8002427025,300.2375191213054,53.2,1:3:30:06
9762500,39050.00000612053,-3628051.6097845435,-3088910.85550166,301.26594212028135,53.2,1:3:28:44
9775000,39100.000006130715,-3630640.9988024365,-3091380.7844250514,301.3326951112768,53.2,1:3:27:23
9787500,39150.0000061409,-3627597.067138225,-3085765.0761238053,302.7697756979775,53.2,1:3:26:01
9800000,39200.00000615109,-3629834.378964061,-3092405.1561738476,300.30955708815077,53.2,1:3:24:40
9812500,39250.00000616127,-3626341.183964016,-3088568.4152257405,300.50152679714125,53.2,1:3:23:18
9825000,39300.00000617146,-3630433.55248853,-3091813.7262961897,300.97485321496737,53.2,1:3:21:56
9837500,39350.000006181646,-3629509.5313950125,-3091579.833771296,300.58921693768946,53.2,1:3:20:34
9850000,39400.00000619183,-3627031.7288659997,-3086777.328663601,301.88823524960986,53.2,1:3:19:13
9862500,39450.00000620202,-3627665.1905830856,-3089133.917516146,300.9253706994285,53.2,1:3:17:51
9875000,39500.000006212205,-3627701.8366369233,-3091043.41243936,299.878843285948,53.2,1:3:16:30
9887500,39550.00000622239,-3631869.9081225283,-3093436.9752007425,300.8704193045605,53.2,1:3:15:08
9900000,39600.00000623258,-3630357.5924477577,-3091117.68428135,301.3213482232285,53.2,1:3:13:47
9912500,39650.000006242764,-3626729.4084629454,-3088310.4045914933,300.862635903958,53.2,1:3:12:25
9925000,39700.00000625295,-3629202.7260761783,-3090247.3500359943,301.1623547908284,53.2,1:3:11:04
9937500,39750.00000626314,-3623975.5975629855,-3084448.031917478,301.48208806854836,53.2,1:3:09:42
9950000,39800.00000627332,-3629357.9085893612,-3090503.593576297,301.10588299695064,53.2,1:3:08:21
9962500,39850.00000628351,-3627024.991891293,-3087828.4859289574,301.2970955474739,53.2,1:3:06:59
9975000,39900.000006293696,-3630745.6798933055,-3093435.634120318,300.2429622776335,53.2,1:3:05:38
9987500,39950.00000630388,-3627707.392925648,-3089915.0506067164,300.51246429939863,53.2,1:3:04:16
10000000,40000.00000631407,-3628192.954841627,-3090714.4538919386,300.33709318335815,53.2,1:3:02:55
10012500,40050.000006324255,-3629167.8661163747,-3089667.716113414,301.4667685080901,53.2,1:3:01:34
10025000,40100.00000633444,-3628924.845546663,-3090294.1333820308,300.9809361769255,53.2,1:3:00:12
10037500,40150.00000634463,-3627745.262536684,-3089521.7613456324,300.75339114972655,53.2,1:2:58:51
10050000,40200.000006354814,-3632198.3954172004,-3095067.2548120813,300.14299203142235,53.2,1:2:57:29
10062500,40250.000006365,-3626453.017679425,-3087716.8998031686,301.0398357328672,53.2,1:2:56:07
10075000,40300.00000637519,-3629761.0519381203,-3093596.623897141,299.6028036500368,53.2,1:2:54:46
10087500,40350.00000638537,-3629638.1978079025,-3089102.8514307663,302.04522489163764,53.2,1:2:53:24
10100000,40400.00000639556,-3629675.1747485455,-3091506.522754592,300.7227420197785,53.2,1:2:52:03
10112500,40450.000006405746,-3629155.1303616855,-3089194.4017790686,301.7241347684188,53.2,1:2:50:42
10125000,40500.00000641593,-3625197.858813703,-3084538.6614409694,302.1144314700215,53.2,1:2:49:20
10137500,40550.00000642612,-3628453.4251451176,-3092953.081345451,299.231720657299,53.2,1:2:47:59
10150000,40600.000006436305,-3625796.182678353,-3086876.288957421,301.1425276598739,53.2,1:2:46:38
10162500,40650.00000644649,-3626427.1125796027,-3089516.3295227354,300.019858649555,53.2,1:2:45:17
10175000,40700.00000645668,-3629285.748331111,-3088823.727731614,302.00425125106847,53.2,1:2:43:56
10187500,40750.000006466864,-3630310.996527303,-3090240.4065188104,301.7855241286298,53.2,1:2:42:35
10200000,40800.00000647705,-3632081.1845549326,-3093824.9777708775,300.7716666764985,53.2,1:2:41:14
10212500,40850.00000648724,-3631437.6185847,-3094037.517005395,300.2932844747928,53.2,1:2:39:52
10225000,40900.00000649742,-3629624.260065129,-3091220.9355747635,300.8538744377225,53.2,1:2:38:31
10237500,40950.00000650761,-3627154.8784375098,-3087902.6953387028,301.32820732086554,53.2,1:2:37:10
10250000,41000.000006517796,-3631263.664194744,-3091235.5307108974,301.76179988816943,53.2,1:2:35:49
10262500,41050.00000652798,-3627989.520195218,-3088069.3392178537,301.7014772111852,53.2,1:2:34:28
10275000,41100.00000653817,-3625971.582600143,-3086131.5307315374,301.6567019437809,53.2,1:2:33:07
10287500,41150.000006548355,-3629528.32957511,-3089935.981522102,301.51828776755724,53.2,1:2:31:46
10300000,41200.00000655854,-3631471.8675498497,-3093736.2624084745,300.4807601866711,53.2,1:2:30:26
10312500,41250.00000656873,-3630838.8601195943,-3091495.9832634833,301.3788859980414,53.2,1:2:29:05
10325000,41300.00000657891,-3630496.4021576084,-3092144.23249997,300.8252896780784,53.2,1:2:27:44
10337500,41350.0000065891,-3628107.0860852264,-3090547.336738019,300.3824938970495,53.2,1:2:26:23
10350000,41400.000006599286,-3629200.8608747106,-3090748.6832295726,300.88117304496217,53.2,1:2:25:03
10362500,41450.00000660947,-3631437.299383456,-3092527.2526219958,301.1370252868874,53.2,1:2:23:42
10375000,41500.00000661966,-3631650.0922387075,-3093228.6296742545,300.8640097946488,53.2,1:2:22:22
10387500,41550.000006629845,-3629643.5517102294,-3089900.567918293,301.6024613668346,53.2,1:2:21:01
10400000,41600.00000664003,-3625919.647975322,-3086948.9998476957,301.17088866584135,53.2,1:2:19:40
10412500,41650.00000665022,-3628956.6405093092,-3091358.1303162226,300.4041530327359,53.2,1:2:18:19
10425000,41700.000006660404,-3629073.9072793256,-3091896.331477237,300.1689395103534,53.2,1:2:16:59
10437500,41750.00000667059,-3628183.8226071,-3092269.3811120763,299.4631139091176,53.2,1:2:15:39
10450000,41800.00000668078,-3629644.0082808807,-3093050.5927318498,299.8425171659311,53.2,1:2:14:18
10462500,41850.00000669096,-3624365.051740516,-3085526.959051685,301.0968181400379,53.2,1:2:12:57
10475000,41900.00000670115,-3626510.340862874,-3086257.2100029415,301.8875259549573,53.2,1:2:11:36
10487500,41950.000006711336,-3626284.293685075,-3089736.8495548596,299.8168288411474,53.2,1:2:10:15
10500000,42000.00000672152,-3627010.1999731213,-3088229.3417678373,301.0648361381757,53.2,1:2:08:54
10512500,42050.00000673171,-3622060.1409769747,-3083292.1128591914,301.057666825955,53.2,1:2:07:33
10525000,42100.000006741895,-3629703.14267868,-3089641.846280516,301.7803309610773,53.2,1:2:06:13
10537500,42150.00000675208,-3630902.920679204,-3091495.614559411,301.4148883641566,53.2,1:2:04:53
10550000,42200.00000676227,-3629739.620074054,-3091132.745714672,300.96761587272016,53.2,1:2:03:32
10562500,42250.000006772454,-3629253.4240876436,-3089684.4474609094,301.50522807080984,53.2,1:2:02:12
10575000,42300.00000678264,-3629678.3429477587,-3091207.0752316234,300.8918403673237,53.2,1:2:00:51
10587500,42350.00000679283,-3628217.9223307483,-3090536.02266255,300.4507501571097,53.2,1:1:59:30
10600000,42400.00000680301,-3627678.789620692,-3089773.496667584,300.57557987533664,53.2,1:1:58:10
10612500,42450.0000068132,-3628132.9865148608,-3090715.5086373095,300.30299415973155,53.2,1:1:56:49
10625000,42500.000006823386,-3625230.702139087,-3088799.6191062266,299.75180753577894,53.2,1:1:55:28
10637500,42550.00000683357,-3628323.4588550273,-3090773.7210923634,300.37689953337775,53.2,1:1:54:07
10650000,42600.00000684376,-3630672.174177088,-3091581.272381313,301.23808509708937,53.2,1:1:52:46
10662500,42650.000006853945,-3626011.1723377407,-3089678.8650641823,299.6966127245012,53.2,1:1:51:26
10675000,42700.00000686413,-3629449.586814059,-3089480.707274321,301.7286894338874,53.2,1:1:50:07
10687500,42750.00000687432,-3629764.5672302525,-3090834.652048075,301.1481275425383,53.2,1:1:48:46
10700000,42800.000006884504,-3625286.151619047,-3087155.2715535928,300.7016354802809,53.2,1:1:47:25
10712500,42850.00000689469,-3630376.702870829,-3092934.452209512,300.3168369196803,53.2,1:1:46:05
10725000,42900.00000690488,-3628613.3986912724,-3089875.560236994,301.0407971730008,53.2,1:1:44:44
10737500,42950.00000691506,-3631123.7926769108,-3092729.6566012623,300.8487400523242,53.2,1:1:43:24
10750000,43000.00000692525,-3625428.6960943844,-3085464.625747292,301.72600210976725,53.2,1:1:42:03
10762500,43050.000006935436,-3626830.0173830707,-3087969.7210950493,301.1092252678157,53.2,1:1:40:43
10775000,43100.00000694562,-3630111.9409365505,-3089992.8278861195,301.81263827243737,53.2,1:1:39:23
10787500,43150.00000695581,-3628925.210343428,-3091357.9658989105,300.3866820752466,53.2,1:1:38:03
10800000,43200.000006965995,-3628636.1221480053,-3089448.7368035214,301.29199904622055,53.2,1:1:36:43
10812500,43250.00000697618,-3628742.905766433,-3088298.448015024,301.9944373241234,53.2,1:1:35:22
10825000,43300.00000698637,-3630152.6948675513,-3089137.8861418776,302.3131431949672,53.2,1:1:34:02
10837500,43350.00000699655,-3630808.3968589623,-3094991.5429679966,299.40858302596286,53.2,1:1:32:41
10850000,43400.00000700674,-3625714.5003167447,-3086559.8521260843,301.2737058836084,53.2,1:1:31:20
10862500,43450.000007016926,-3629024.6061118543,-3090570.6841102513,300.8821477722291,53.2,1:1:30:00
10875000,43500.00000702711,-3625872.8023310825,-3086444.157469373,301.42681221917235,53.2,1:1:28:38
10887500,43550.0000070373,-3627455.8161257617,-3088013.454699526,301.4344768850351,53.2,1:1:27:18
10900000,43600.000007047485,-3628354.289619902,-3090130.191221658,300.7537248625574,53.2,1:1:25:57
10912500,43650.00000705767,-3629102.1201832164,-3091167.0673260447,300.592209383427,53.2,1:1:24:37
10925000,43700.00000706786,-3626815.9830325525,-3087022.48138987,301.63069018793215,53.2,1:1:23:16
10937500,43750.000007078044,-3629909.5753614213,-3090291.8452080498,301.5324710069401,53.2,1:1:21:55
10950000,43800.00000708823,-3629963.856639957,-3089671.8214061074,301.9092652925378,53.2,1:1:20:35
10962500,43850.00000709842,-3625577.447426785,-3088520.3108306658,300.10163940260526,53.2,1:1:19:14
10975000,43900.0000071086,-3629052.460387228,-3089268.529281714,301.6253422766979,53.2,1:1:17:52
10987500,43950.00000711879,-3628869.026060326,-3090827.9161424213,300.6514729061089,53.2,1:1:16:32
11000000,44000.000007128976,-3630796.1944004986,-3093308.308510316,300.342337385206,53.2,1:1:15:11
11012500,44050.00000713916,-3630465.4663377665,-3090253.4766318616,301.8645367291761,53.2,1:1:13:50
11025000,44100.00000714935,-3625115.362572938,-3086473.388400649,300.9872292633227,53.2,1:1:12:29
11037500,44150.000007159535,-3631204.688214181,-3091655.324990847,301.4942683160397,53.2,1:1:11:08
11050000,44200.00000716972,-3628365.717479853,-3088458.9288656204,301.6939937055068,53.2,1:1:09:48
11062500,44250.00000717991,-3628699.6182148345,-3091719.6163079822,300.0585373839811,53.2,1:1:08:27
11075000,44300.000007190094,-3630716.768134443,-3093112.953794665,300.40711693175007,53.2,1:1:07:06
11087500,44350.00000720028,-3630800.7157880347,-3092602.070947839,300.739501693404,53.2,1:1:05:46
11100000,44400.00000721047,-3626804.6219532434,-3089546.769618368,300.21379715668814,53.2,1:1:04:25
11112500,44450.00000722065,-3627579.3977179397,-3088758.6689057844,301.08711539613654,53.2,1:1:03:04
11125000,44500.00000723084,-3626133.352770215,-3087468.3075567298,301.0001211081823,53.2,1:1:01:43
11137500,44550.000007241026,-3629451.8501224797,-3088994.5890088864,302.00159170253056,53.2,1:1:00:22
11150000,44600.00000725121,-3628761.8685570788,-3091736.4448726196,300.083918575284,53.2,1:0:59:01
11162500,44650.0000072614,-3624933.839812007,-3086740.887432905,300.73632080855947,53.2,1:0:57:40
11175000,44700.000007271585,-3629356.0638979413,-3088292.132780336,302.3405922489796,53.2,1:0:56:19
11187500,44750.00000728177,-3627312.4033981543,-3087756.0583669166,301.49816967374466,53.2,1:0:54:59
11200000,44800.00000729196,-3627843.1251413394,-3088407.592559701,301.43066100154874,53.2,1:0:53:39
11212500,44850.000007302144,-3626415.048721792,-3087453.4231662294,301.1658469514996,53.2,1:0:52:18
11225000,44900.00000731233,-3627880.093532577,-3087386.445787813,302.0219241530699,53.2,1:0:50:58
11237500,44950.00000732252,-3628187.572896134,-3090304.753924653,300.5630216608179,53.2,1:0:49:37
11250000,45000.0000073327,-3627653.082506424,-3087853.4531578096,301.63411428281995,53.2,1:0:48:16
11262500,45050.00000734289,-3627743.5016079713,-3089519.260967279,300.75380434607825,53.2,1:0:46:56
11275000,45100.000007353075,-3627610.542779349,-3089220.2577214884,300.8465881458084,53.2,1:0:45:35
11287500,45150.00000736326,-3629229.8889882807,-3091669.973576255,300.3825866922488,53.2,1:0:44:14
11300000,45200.00000737345,-3629890.196538288,-3090403.923657978,301.4590141241077,53.2,1:0:42:53
11312500,45250.000007383635,-3626829.336563617,-3086696.6786800334,301.8202069766917,53.2,1:0:41:31
11325000,45300.00000739382,-3627841.703218993,-3087617.1457669153,301.8715594479392,53.2,1:0:40:11
11337500,45350.00000740401,-3630205.8474285193,-3091729.0384808914,300.89493674672514,53.2,1:0:38:49
11350000,45400.00000741419,-3628321.6090960633,-3089047.2059345497,301.3406236482757,53.2,1:0:37:28
11362500,45450.00000742438,-3624691.362131577,-3086067.5215257513,300.97709642520726,53.2,1:0:36:07
11375000,45500.000007434566,-3629655.2992241606,-3093675.164702624,299.49982245204626,53.2,1:0:34:46
11387500,45550.00000744475,-3625517.4182543475,-3087380.6615122566,300.70491930275097,53.2,1:0:33:24
11400000,45600.00000745494,-3627240.683986556,-3088783.3845154825,300.88403506513686,53.2,1:0:32:03
11412500,45650.000007465125,-3628567.0358358603,-3089091.6101359385,301.45295283864,53.2,1:0:30:42
11425000,45700.00000747531,-3628175.377148643,-3090644.3353356915,300.3664524416689,53.2,1:0:29:22
11437500,45750.0000074855,-3626853.533345908,-3088407.8535163812,300.87754213684354,53.2,1:0:28:01
11450000,45800.000007495684,-3630510.160856353,-3090297.1992623634,301.8650798095818,53.2,1:0:26:41
11462500,45850.00000750587,-3630115.1327551194,-3088966.8603952173,302.387721210421,53.2,1:0:25:20
11475000,45900.00000751606,-3624979.8056824002,-3086706.311381098,300.7813267515885,53.2,1:0:23:59
11487500,45950.00000752624,-3628381.286234554,-3089736.8809585273,300.9885877374356,53.2,1:0:22:39
11500000,46000.00000753643,-3630166.597764928,-3093238.4243593635,300.0295761857317,53.2,1:0:21:18
11512500,46050.000007546616,-3628749.146234488,-3090913.0610532295,300.53690733125137,53.2,1:0:19:58
11525000,46100.0000075568,-3629177.1093460266,-3090556.7889945027,300.97512934570096,53.2,1:0:18:37
11537500,46150.00000756699,-3625928.6767774224,-3088610.0824470324,300.24773911777993,53.2,1:0:17:17
11550000,46200.000007577175,-3631279.305270279,-3091825.0938363145,301.4410985394253,53.2,1:0:15:56
11562500,46250.00000758736,-3628503.7033435907,-3090253.427647669,300.7683524494807,53.2,1:0:14:34
11575000,46300.00000759755,-3629940.6675517857,-3090284.877513106,301.55373845354524,53.2,1:0:13:14
11587500,46350.000007607734,-3629577.843225142,-3092048.2539400384,300.3656407850336,53.2,1:0:11:53
11600000,46400.00000761792,-3629049.124487782,-3091784.2356025865,300.217729103855,53.2,1:0:10:32
11612500,46450.00000762811,-3631797.789677618,-3094878.235600156,300.0247597996942,53.2,1:0:09:12
11625000,46500.00000763829,-3631486.1016548984,-3092152.093089289,301.3739304945448,53.2,1:0:07:51
11637500,46550.00000764848,-3625644.1993571445,-3086757.604259146,301.1239207544793,53.2,1:0:06:30
11650000,46600.000007658666,-3629109.5657285657,-3090608.415257407,300.90853852318315,53.2,1:0:05:10
11662500,46650.00000766885,-3627882.9020445496,-3088978.3494460997,301.1339552088377,53.2,1:0:03:49
11675000,46700.00000767904,-3629061.7753773592,-3089968.455570217,301.23943625532934,53.2,1:0:02:29
11687500,46750.000007689225,-3630595.560158007,-3092355.6634464553,300.7625527868143,53.2,1:0:01:09
11700000,46800.00000769941,-3629527.022719914,-3091427.4985313416,300.6841141600786,53.2,23:59:48
11712500,46850.0000077096,-3630092.910252629,-3093405.6465547644,299.89495848250755,53.2,23:58:27
11725000,46900.000007719784,-3627073.652005041,-3089790.711498567,300.2278161518997,53.2,23:57:07
11737500,46950.00000772997,-3631837.206323888,-3092370.130127659,301.4482872275242,53.2,23:55:46
11750000,47000.00000774016,-3628274.291433217,-3089266.10958462,301.19186209758385,53.2,23:54:25
11762500,47050.00000775034,-3628314.7060462423,-3091330.7500485023,300.0607468866147,53.2,23:53:04
11775000,47100.00000776053,-3630345.947552221,-3091256.2107922193,301.2374340878734,53.2,23:51:44
11787500,47150.000007770715,-3626074.164739942,-3089814.1544423006,299.65621396705444,53.2,23:50:23
11800000,47200.0000077809,-3632236.123043278,-3093895.0740893423,300.81907555078163,53.2,23:49:03
11812500,47250.00000779109,-3628219.4487042762,-3090729.615485018,300.34342553134184,53.2,23:47:42
11825000,47300.000007801274,-3627052.6208401285,-3088324.157110735,301.03555867952383,53.2,23:46:21
11837500,47350.00000781146,-3629373.107617136,-3091574.2419975325,300.5161094482898,53.2,23:45:01
11850000,47400.00000782165,-3630171.7011705562,-3091251.780143461,301.14254291825864,53.2,23:43:40
11862500,47450.00000783183,-3632285.509290425,-3091683.8834293163,302.0822611405644,53.2,23:42:19
11875000,47500.00000784202,-3630941.7968023773,-3093603.0950194206,300.25897494180725,53.2,23:40:59
11887500,47550.000007852206,-3629331.16822822,-3092406.0471307943,300.0278705894106,53.2,23:39:38
11900000,47600.00000786239,-3626208.2886436954,-3087660.959529691,300.93434264248276,53.2,23:38:17
11912500,47650.00000787258,-3626686.5773421135,-3089176.1038385853,300.3549590958832,53.2,23:36:57
11925000,47700.000007882765,-3630363.4906209037,-3091196.321987685,301.2807021696307,53.2,23:35:37
11937500,47750.00000789295,-3624501.397489544,-3085189.7802710757,301.36141845527106,53.2,23:34:16
11950000,47800.00000790314,-3627406.772894677,-3089115.7333747013,300.7911308274096,53.2,23:32:55
11962500,47850.000007913324,-3625263.6359504685,-3087927.552663771,300.25751175480815,53.2,23:31:35
11975000,47900.00000792351,-3627935.0619516745,-3089491.768939374,300.8762084095476,53.2,23:30:15
11987500,47950.0000079337,-3628116.701437015,-3086781.607688069,302.49211495422793,53.2,23:28:54
12000000,48000.00000794388,-3628524.7581209764,-3088079.328261285,301.9949805275731,53.2,23:27:34
12012500,48050.00000795407,-3628215.5558294505,-3090221.548670385,300.62515240092455,53.2,23:26:14
12025000,48100.000007964256,-3630070.015328709,-3092202.941007268,300.5542237230067,53.2,23:24:54
12037500,48150.00000797444,-3630814.57534487,-3091792.220071851,301.1997820517474,53.2,23:23:33
12050000,48200.00000798463,-3627492.670151733,-3088617.6764885597,301.11743799990194,53.2,23:22:14
12062500,48250.000007994815,-3632373.6483541634,-3095123.7063196558,300.2093769675743,53.2,23:20:53
12075000,48300.000008005,-3629597.010713944,-3091232.7160080587,300.83206502209435,53.2,23:19:33
12087500,48350.00000801519,-3626816.487198623,-3088299.562069753,300.9173532289519,53.2,23:18:13
12100000,48400.000008025374,-3630619.847917676,-3092367.724070714,300.76938517601815,53.2,23:16:53
12112500,48450.00000803556,-3627240.6427221876,-3088801.407370348,300.873941033372,53.2,23:15:33
12125000,48500.00000804575,-3630614.0900043007,-3092115.955079385,300.9068534690063,53.2,23:14:13
12137500,48550.00000805593,-3628031.2945675254,-3090802.921973756,300.1973242005866,53.2,23:12:53
12150000,48600.00000806612,-3628106.7693116684,-3090143.9394982113,300.6077308420408,53.2,23:11:33
12162500,48650.000008076306,-3629485.1529023685,-3090990.169630958,300.905092359584,53.2,23:10:13
12175000,48700.00000808649,-3629778.853344612,-3092462.850571637,300.24629098391114,53.2,23:08:53
12187500,48750.00000809668,-3627143.806678025,-3087618.2796283895,301.48094892352714,53.2,23:07:33
12200000,48800.000008106865,-3625194.852257574,-3086581.6689844523,300.971141224544,53.2,23:06:13
12212500,48850.00000811705,-3628130.764948437,-3089986.549825271,300.70908696431866,53.2,23:04:53
12225000,48900.00000812724,-3627144.7505475413,-3089109.1857416146,300.6483743583348,53.2,23:03:32
12237500,48950.000008137424,-3627442.1492524035,-3088459.6740914937,301.1774974823634,53.2,23:02:11
12250000,49000.00000814761,-3627883.555220401,-3088965.5143240085,301.14149232183655,53.2,23:00:51
12262500,49050.0000081578,-3628092.4123631865,-3089115.005938768,301.174665127988,53.2,22:59:30
12275000,49100.00000816798,-3627089.4780021645,-3087542.9894423466,301.49266198558604,53.2,22:58:10
12287500,49150.00000817817,-3628870.713943122,-3090022.546218733,301.10244795944067,53.2,22:56:49
12300000,49200.000008188355,-3630847.956388099,-3090835.9177579004,301.75280626042183,53.2,22:55:29
12312500,49250.00000819854,-3631464.542056715,-3089439.025740661,302.87791551463545,53.2,22:54:08
12325000,49300.00000820873,-3631053.835805433,-3091099.2561287284,301.7206988272142,53.2,22:52:47
12337500,49350.000008218914,-3631816.0836596955,-3094363.650628807,300.3225267161529,53.2,22:51:27
12350000,49400.0000082291,-3630782.43323789,-3091547.7904178714,301.3184060053977,53.2,22:50:06
12362500,49450.00000823929,-3633239.982865354,-3094924.9279837264,300.80455034818596,53.2,22:48:46
12375000,49500.00000824947,-3629979.619391678,-3090831.3043070734,301.27016701338334,53.2,22:47:25
12387500,49550.00000825966,-3628403.4348064307,-3090202.87510119,300.74057169899567,53.2,22:46:05
12400000,49600.000008269846,-3627807.097324716,-3090117.3051821515,300.45516038524914,53.2,22:44:44
12412500,49650.00000828003,-3625157.6690495033,-3086813.6863215137,300.8207149115557,53.2,22:43:24
12425000,49700.00000829022,-3627993.0790576655,-3091069.474856678,300.0270229643129,53.2,22:42:03
12437500,49750.000008300405,-3630595.560287608,-3089688.2095948816,302.2530968243725,53.2,22:40:43
12450000,49800.00000831059,-3628117.4631805234,-3088716.0402299166,301.4116009137211,53.2,22:39:23
12462500,49850.00000832078,-3630016.54069769,-3092628.0631842683,300.2867890742286,53.2,22:38:02
12475000,49900.000008330964,-3627703.601303974,-3087997.3836566033,301.5819168483716,53.2,22:36:42
12487500,49950.00000834115,-3629405.9600773286,-3090819.083369219,300.9564414044517,53.2,22:35:21
12500000,50000.00000835134,-3627701.355558561,-3089564.546512736,300.70494852950424,53.2,22:34:01
12512500,50050.00000836152,-3627099.770925164,-3085963.2571983477,302.3811506151793,53.2,22:32:41
12525000,50100.00000837171,-3631483.7412035186,-3094039.903289537,300.3177238590659,53.2,22:31:20
12537500,50150.000008381896,-3624746.020751022,-3086091.0679604188,300.99448157293324,53.2,22:30:00
12550000,50200.00000839208,-3629830.600284081,-3091568.929616049,300.77471983495644,53.2,22:28:39
12562500,50250.00000840227,-3627230.4818558563,-3088363.5167246955,301.11295174424197,53.2,22:27:18
12575000,50300.000008412455,-3629930.553009717,-3091428.1887652157,300.90921676641875,53.2,22:25:58
12587500,50350.00000842264,-3629158.598121304,-3090034.559674329,301.2566014944553,53.2,22:24:37
12600000,50400.00000843283,-3627331.4383437727,-3090314.0872757975,300.07940768570415,53.2,22:23:16
12612500,50450.000008443014,-3629453.257851837,-3090877.7543602814,300.9500861757424,53.2,22:21:56
12625000,50500.0000084532,-3629270.1925565377,-3092776.3897385667,299.78685466401197,53.2,22:20:36
12637500,50550.00000846339,-3626227.862880269,-3087394.314024892,301.09427909572435,53.2,22:19:15
12650000,50600.00000847357,-3628375.287003953,-3088530.352262193,301.6594304397619,53.2,22:17:55
12662500,50650.00000848376,-3630489.572521962,-3091601.367661782,301.12482027193624,53.2,22:16:34
12675000,50700.000008493946,-3630835.0582056697,-3093254.01941853,300.3943902026566,53.2,22:15:13
12687500,50750.00000850413,-3627100.7390452325,-3087501.406139,301.5221908269542,53.2,22:13:52
12700000,50800.00000851432,-3627218.722016081,-3088306.9813201725,301.1379718388843,53.2,22:12:32
12712500,50850.000008524505,-3629777.584829198,-3091427.4469472263,300.82415434411325,53.2,22:11:11
12725000,50900.00000853469,-3627830.869982859,-3090471.9330791524,300.270282105416,53.2,22:09:51
12737500,50950.00000854488,-3629184.9378398694,-3090561.753718528,300.9767295888756,53.2,22:08:30
12750000,51000.000008555064,-3628115.577964155,-3092506.668552364,299.29238593099353,53.2,22:07:09
12762500,51050.00000856525,-3629054.675275415,-3088788.0627905102,301.8950593391736,53.2,22:05:49
12775000,51100.00000857544,-3629820.934186453,-3091129.123216509,301.01507751941995,53.2,22:04:28
12787500,51150.00000858562,-3629680.770131845,-3089406.683779056,301.89923565460043,53.2,22:03:07
12800000,51200.00000859581,-3626693.7817332502,-3087768.6247236086,301.14546872789583,53.2,22:01:47
12812500,51250.000008605995,-3629756.687765235,-3091595.82773438,300.71838795623347,53.2,22:00:27
12825000,51300.00000861618,-3630538.730849346,-3092268.0531130293,300.77975288595655,53.2,21:59:06
12837500,51350.00000862637,-3626606.39456922,-3086515.7244878826,301.7967446531689,53.2,21:57:45
12850000,51400.000008636554,-3628735.3896626756,-3090670.3560523386,300.6648412031303,53.2,21:56:25
12862500,51450.00000864674,-3629393.823721634,-3091916.9352251026,300.33619216221405,53.2,21:55:04
12875000,51500.00000865693,-3626831.5477148406,-3088647.152676492,300.7315390603729,53.2,21:53:43
12887500,51550.00000866711,-3630383.0033262093,-3092839.961865853,300.37315771306936,53.2,21:52:23
12900000,51600.0000086773,-3630659.548120618,-3089530.494955262,302.3769817352359,53.2,21:51:02
12912500,51650.000008687486,-3628335.149805013,-3089201.7002241528,301.26186033288286,53.2,21:49:42
12925000,51700.00000869767,-3630654.810399661,-3092512.4133296926,300.70807105612573,53.2,21:48:21
12937500,51750.00000870786,-3627869.180513112,-3092049.105423822,299.4103829962678,53.2,21:47:00
12950000,51800.000008718045,-3627547.768646043,-3088850.6478923657,301.01804456835134,53.2,21:45:40
12962500,51850.00000872823,-3628279.917037729,-3090352.5600804985,300.58790899892114,53.2,21:44:19
12975000,51900.00000873842,-3630703.356626995,-3090279.319957567,301.98302624741814,53.2,21:42:58
12987500,51950.000008748604,-3629992.2045977395,-3091264.1492996532,301.0353304525874,53.2,21:41:38
13000000,52000.00000875879,-3629206.3918848857,-3089669.2142300806,301.4874591539536,53.2,21:40:17
13012500,52050.00000876898,-3629396.076517625,-3092036.2573837917,300.27077508593743,53.2,21:38:56
13025000,52100.00000877916,-3625794.866676295,-3086249.4444215465,301.4920661460047,53.2,21:37:36
13037500,52150.00000878935,-3627936.5156630743,-3089070.2922007674,301.11253730781834,53.2,21:36:15
13050000,52200.000008799536,-3628479.661581697,-3089141.9190997817,301.37601696603633,53.2,21:34:54
13062500,52250.00000880972,-3625386.767968688,-3087043.7999517536,300.8201479021439,53.2,21:33:34
13075000,52300.00000881991,-3630917.097606575,-3091895.826421016,301.19917627556106,53.2,21:32:13
13087500,52350.000008830095,-3630589.265983071,-3091003.542918626,301.51458579658754,53.2,21:30:53
13100000,52400.00000884028,-3626741.864271017,-3088565.2339811996,300.7272002040295,53.2,21:29:32
13112500,52450.00000885047,-3629066.6713651847,-3091036.8734453022,300.6451518856439,53.2,21:28:11
13125000,52500.000008860654,-3628828.852358017,-3087928.0934053753,302.2494134322881,53.2,21:26:51
13137500,52550.00000887084,-3629888.153232433,-3090501.54517042,301.40332251641155,53.2,21:25:30
13150000,52600.00000888103,-3628823.1764477715,-3092116.6028219336,299.90574865853654,53.2,21:24:09
13162500,52650.00000889121,-3626276.422032969,-3087650.6190752117,300.9781929659506,53.2,21:22:49
13175000,52700.0000089014,-3630548.6712588705,-3091726.342607402,301.0880093688036,53.2,21:21:28
13187500,52750.000008911586,-3628847.7970637735,-3089786.7968783714,301.2213764050674,53.2,21:20:08
13200000,52800.00000892177,-3627807.043948235,-3089272.2874492453,300.9273172030641,53.1,21:18:47
13212500,52850.00000893196,-3625976.4766434934,-3087828.3508166657,300.71127222264624,53.1,21:17:27
13225000,52900.000008942145,-3629570.376043627,-3093310.9718774827,299.6558752674195,53.1,21:16:06
13237500,52950.00000895233,-3634554.28657726,-3096040.8503771797,300.91540365379853,53.1,21:14:46
13250000,53000.00000896252,-3633170.443291012,-3094564.7465811362,300.9669578150883,53.1,21:13:25
13262500,53050.000008972704,-3627519.890938217,-3088320.968259588,301.29844598204056,53.1,21:12:04
13275000,53100.00000898289,-3631632.632202979,-3093074.755262253,300.940236652404,53.1,21:10:43
13287500,53150.000008993076,-3629963.568151571,-3093314.98777112,299.87334266887757,53.1,21:09:23
13300000,53200.00000900326,-3629908.1696511433,-3091987.865851263,300.58396777192746,53.1,21:08:02
13312500,53250.00000901345,-3629801.995005384,-3088487.704413081,302.48049037839064,53.1,21:06:41
13325000,53300.000009023635,-3629309.3880021237,-3092545.376258324,299.9378444490773,53.1,21:05:20
13337500,53350.00000903382,-3627949.39867351,-3089525.6540997424,300.8652849564329,53.1,21:04:00
13350000,53400.00000904401,-3626392.471663233,-3086786.915691831,301.5256682075382,53.1,21:02:39
13362500,53450.000009054194,-3629637.681969447,-3089287.581428271,301.9417115496188,53.1,21:01:18
13375000,53500.00000906438,-3631110.0400447343,-3092093.8305238034,301.19634787286515,53.1,20:59:57
13387500,53550.00000907457,-3627004.9604678117,-3087278.616902853,301.5931629904503,53.1,20:58:37
13400000,53600.00000908475,-3632734.7877399456,-3094420.1608213726,300.80431120712336,53.1,20:57:16
13412500,53650.00000909494,-3628992.7955513746,-3090266.1263118135,301.03455593828085,53.1,20:55:55
13425000,53700.000009105126,-3629040.076888956,-3092308.963887538,299.9194609925504,53.1,20:54:35
13437500,53750.00000911531,-3627750.846545635,-3089390.7074497044,300.8297429128156,53.1,20:53:15
13450000,53800.0000091255,-3626743.451268263,-3086836.4652781645,301.6941039969768,53.1,20:51:54
13462500,53850.000009135685,-3629186.357527511,-3089112.5500980653,301.78732198818125,53.1,20:50:34
13475000,53900.00000914587,-3630655.9297760073,-3093248.637910826,300.2973023277029,53.1,20:49:13
13487500,53950.00000915606,-3628656.2269844487,-3091384.801191506,300.2213818562307,53.1,20:47:52
13500000,54000.000009166244,-3628496.85825409,-3091612.15021816,300.00528821375303,53.1,20:46:31
13512500,54050.00000917643,-3629045.6049275957,-3090212.340960684,301.09411990317346,53.1,20:45:11
13525000,54100.00000918662,-3630531.9738345984,-3090574.969622213,301.7220536311691,53.1,20:43:50
13537500,54150.0000091968,-3627937.748045502,-3089623.723529379,300.8039745912395,53.1,20:42:29
13550000,54200.00000920699,-3630423.249980798,-3090758.0431691557,301.5590004430269,53.1,20:41:08
13562500,54250.000009217176,-3629740.133347921,-3090496.104112379,301.3236510314759,53.1,20:39:47
13575000,54300.00000922736,-3627831.293510409,-3090438.8066079845,300.2890294768427,53.1,20:38:27
13587500,54350.00000923755,-3627281.906653082,-3090246.0232624104,300.0897633444306,53.1,20:37:06
13600000,54400.000009247735,-3629498.134633068,-3089933.8292242615,301.50261784544927,53.1,20:35:45
13612500,54450.00000925792,-3630949.220417008,-3092233.1598431678,301.02862793219396,53.1,20:34:24
13625000,54500.00000926811,-3630615.6654218193,-3092403.0877654,300.74728719834434,53.1,20:33:03
13637500,54550.000009278294,-3629248.19066941,-3090334.0969020175,301.1392867094294,53.1,20:31:42
13650000,54600.00000928848,-3630236.4878789615,-3092156.4590504626,300.6732203666252,53.1,20:30:21
13662500,54650.00000929867,-3628341.979061162,-3088523.125066365,301.6448568043195,53.1,20:29:00
13675000,54700.00000930885,-3632652.17048122,-3094561.9953434067,300.6788900130216,53.1,20:27:39
13687500,54750.00000931904,-3626973.513904592,-3086348.2041729875,302.0954954277171,53.1,20:26:18
13700000,54800.000009329226,-3629350.700902039,-3089539.8330932083,301.6403942111658,53.1,20:24:58
13712500,54850.00000933941,-3629047.142822413,-3090964.741583876,300.67454604334233,53.1,20:23:37
13725000,54900.0000093496,-3628173.261727156,-3091612.3820511433,299.8243364768259,53.1,20:22:16
13737500,54950.000009359785,-3628372.1907330547,-3090632.8932290357,300.4828234384317,53.1,20:20:55
13750000,55000.00000936997,-3628828.7806210704,-3090407.090103496,300.86413717235376,53.1,20:19:34
13762500,55050.00000938016,-3629691.592345327,-3090737.0128486315,301.1619096910608,53.1,20:18:13
13775000,55100.00000939034,-3628479.336004246,-3090196.6012526276,300.7864902139089,53.1,20:16:52
13787500,55150.00000940053,-3628179.2476473544,-3090812.5496745068,300.274618905756,53.1,20:15:32
13800000,55200.000009410716,-3629722.4076632466,-3090646.5494684,301.22967889783547,53.1,20:14:11
13812500,55250.0000094209,-3630196.0221092924,-3090841.0507590575,301.38564426874854,53.1,20:12:50
13825000,55300.00000943109,-3630440.1978945527,-3090703.6585052432,301.59886030530595,53.1,20:11:29
13837500,55350.000009441275,-3631480.085981032,-3094302.7036839086,300.16883138190036,53.1,20:10:08
13850000,55400.00000945146,-3627122.2847874276,-3088727.926210322,300.84886438369904,53.1,20:08:47
13862500,55450.00000946165,-3627562.473095296,-3089558.2085332433,300.6308841252474,53.1,20:07:27
13875000,55500.000009471834,-3629479.9391488917,-3090221.9771673414,301.33143649718056,53.1,20:06:06
13887500,55550.00000948202,-3629075.1025228277,-3090041.858466085,301.2058665847028,53.1,20:04:45
13900000,55600.00000949221,-3630529.9578332435,-3091121.815694846,301.41535552218625,53.1,20:03:24
13912500,55650.00000950239,-3629580.056634918,-3090568.833935241,301.1935612918261,53.1,20:02:03
13925000,55700.00000951258,-3630782.937290618,-3092650.4104560204,300.70255567682244,53.1,20:00:42
13937500,55750.000009522766,-3628260.610418236,-3090194.400296563,300.6654986247652,53.1,19:59:22
13950000,55800.00000953295,-3630435.22312798,-3091550.838858868,301.122685367538,53.1,19:58:01
13962500,55850.00000954314,-3626376.922755886,-3087378.6347935502,301.18633350242186,53.1,19:56:40
13975000,55900.000009553325,-3628494.9325740524,-3089285.408683854,301.30436982282913,53.1,19:55:19
13987500,55950.00000956351,-3628540.0793090705,-3087332.200320582,302.421028740922,53.1,19:53:58
14000000,56000.0000095737,-3627589.2107603587,-3088859.5039270273,301.0362533123743,53.1,19:52:37
14012500,56050.000009583884,-3628727.539507972,-3088952.2777387374,301.6204979466394,53.1,19:51:16
14025000,56100.00000959407,-3630966.097959293,-3091706.687216926,301.3322460488402,53.1,19:49:55
14037500,56150.00000960426,-3631936.7425874397,-3092467.414263356,301.4495456918759,53.1,19:48:34
14050000,56200.00000961444,-3630282.24238842,-3091583.3027303847,301.0190609521633,53.1,19:47:13
14062500,56250.00000962463,-3629138.8339355625,-3090450.380762643,301.0132012192591,53.1,19:45:52
14075000,56300.000009634816,-3632172.089857919,-3094927.7860752065,300.20622637429165,53.1,19:44:32
14087500,56350.000009645,-3628158.790274758,-3091066.8805808173,300.12107022840075,53.1,19:43:11
14100000,56400.00000965519,-3628952.5563765336,-3089023.217543181,301.7065945207007,53.1,19:41:50
14112500,56450.000009665375,-3628154.5850996915,-3087830.600658968,301.927118159034,53.1,19:40:29
14125000,56500.00000967556,-3629171.5892919097,-3092242.286195893,300.03020744437,53.1,19:39:08
14137500,56550.00000968575,-3629813.6084391344,-3090589.438522258,301.3125538619518,53.1,19:37:47
14150000,56600.000009695934,-3629164.699103333,-3091234.5647561383,300.5894609739805,53.1,19:36:26
14162500,56650.00000970612,-3627839.2130423076,-3088254.7486619987,301.51388245769283,53.1,19:35:05
14175000,56700.00000971631,-3629523.1327135134,-3089726.158145557,301.63263082049644,53.1,19:33:44
14187500,56750.00000972649,-3630645.2342346795,-3093462.1614873675,300.1720111430734,53.1,19:32:23
14200000,56800.00000973668,-3624805.143689245,-3086145.787824086,300.9969419627182,53.1,19:31:01
14212500,56850.000009746866,-3630113.4272984676,-3092896.0416420354,300.19118482046827,53.1,19:29:40
14225000,56900.00000975705,-3625622.006827846,-3086646.149236372,301.17379965712075,53.1,19:28:19
14237500,56950.00000976724,-3623097.459972825,-3085807.817156641,300.23156132907866,53.1,19:26:58
14250000,57000.000009777425,-3630288.129399594,-3091080.374601527,301.3033812735432,53.1,19:25:37
14262500,57050.00000978761,-3628689.2985138875,-3089383.845655214,301.3579738786062,53.1,19:24:16
14275000,57100.0000097978,-3629276.442737609,-3089725.8013224415,301.49498255562173,53.1,19:22:55
14287500,57150.00000980798,-3629725.0551293995,-3090152.300140464,301.5073393781802,53.1,19:21:34
14300000,57200.00000981817,-3629152.326281287,-3089121.3094098186,301.7634110935577,53.1,19:20:13
14312500,57250.000009828356,-3632260.030816503,-3093560.060387017,301.019636935948,53.1,19:18:52
14325000,57300.00000983854,-3629577.055393897,-3091165.577093421,300.8584306974102,53.1,19:17:31
14337500,57350.00000984873,-3627862.464106472,-3090188.872941032,300.4461074568666,53.1,19:16:10
14350000,57400.000009858915,-3633926.13351728,-3094163.079976825,301.6136761222538,53.1,19:14:49
14362500,57450.0000098691,-3631212.246125646,-3093425.740971866,300.5092025555129,53.1,19:13:28
14375000,57500.00000987929,-3625879.68406466,-3087870.8751904005,300.6334234370828,53.1,19:12:07
14387500,57550.000009889474,-3626324.383602785,-3088256.022334134,300.6667006621101,53.1,19:10:46
14400000,57600.00000989966,-3629551.7806882244,-3090880.0480146813,301.00385798753825,53.1,19:09:25
14412500,57650.00000990985,-3627819.96178299,-3087929.3080290137,301.6849777225052,53.1,19:08:04
14425000,57700.00000992003,-3630776.9492857605,-3091985.5156858834,301.070745552721,53.1,19:06:43
14437500,57750.00000993022,-3628418.0166713875,-3090723.126001104,300.45800938663615,53.1,19:05:22
14450000,57800.000009940406,-3627792.9633863717,-3089605.5899815178,300.73320333892,53.1,19:04:01
14462500,57850.00000995059,-3627503.599871697,-3088439.23806189,301.2232548439265,53.1,19:02:40
14475000,57900.00000996078,-3628164.79353928,-3089135.102790994,301.2038810348971,53.1,19:01:19
14487500,57950.000009970965,-3627227.0442294553,-3089721.0332160364,300.35246550533867,53.1,18:59:58
14500000,58000.00000998115,-3627828.1658249665,-3090048.34161567,300.5054693169885,53.1,18:58:37
14512500,58050.00000999134,-3628582.417888444,-3089856.927566902,301.03389717181824,53.1,18:57:16
14525000,58100.000010001524,-3629173.1788809784,-3090369.283420003,301.07770910406555,53.1,18:55:54
14537500,58150.00001001171,-3629310.9719258137,-3088983.2169069313,301.9292251167669,53.1,18:54:33
14550000,58200.0000100219,-3629797.905258689,-3092023.9997221506,300.5021620275462,53.1,18:53:12
14562500,58250.00001003208,-3632240.19585553,-3092656.7152596237,301.51333272975535,53.1,18:51:51
14575000,58300.00001004227,-3627694.4603428487,-3087766.8019330986,301.7056555184167,53.1,18:50:30
14587500,58350.000010052456,-3628604.927627763,-3087398.9060998745,302.4199908123047,53.1,18:49:09
14600000,58400.00001006264,-3630257.6332540493,-3092168.7706555435,300.67815658044776,53.1,18:47:47
14612500,58450.00001007283,-3631397.197747847,-3091772.799044919,301.536197319315,53.1,18:46:26
14625000,58500.000010083015,-3626784.428296471,-3086121.3102241983,302.1166223139355,53.1,18:45:05
14637500,58550.0000100932,-3627291.203002382,-3090140.8285234068,300.15373970924463,53.1,18:43:43
14650000,58600.00001010339,-3628360.1844785456,-3088768.3407432316,301.5180059603594,53.1,18:42:22
14662500,58650.000010113574,-3627726.477253901,-3088121.0783788934,301.5255804237955,53.1,18:41:01
14675000,58700.00001012376,-3626774.4969205577,-3086572.3476634184,301.85903799430105,53.1,18:39:40
14687500,58750.00001013395,-3632894.879446298,-3093743.2520799935,301.2720178800798,53.1,18:38:19
14700000,58800.00001014413,-3630524.348175356,-3091747.525840015,301.06258093830246,53.1,18:36:58
14712500,58850.00001015432,-3627013.292004861,-3087853.3784382488,301.2766481179584,53.1,18:35:37
14725000,58900.000010164506,-3626966.9172893614,-3087807.1697419174,301.2765553482674,53.1,18:34:16
14737500,58950.00001017469,-3626447.7442587875,-3087889.1048195474,300.940662728213,53.1,18:32:55
14750000,59000.00001018488,-3628016.281925427,-3088191.889993466,301.6479513428863,53.1,18:31:34
14762500,59050.000010195065,-3626401.464539621,-3087219.4583277465,301.28899324589764,53.1,18:30:13
14775000,59100.00001020525,-3625433.7178999837,-3085995.498141704,301.43216256639226,53.1,18:28:52
14787500,59150.00001021544,-3627106.2731659934,-3088045.1492892755,301.2214455224183,53.1,18:27:30
14800000,59200.00001022562,-3629085.798187228,-3092608.8373323055,299.7774435597229,53.1,18:26:09
14812500,59250.00001023581,-3626156.912828369,-3088760.2805218706,300.2913458831872,53.1,18:24:48
14825000,59300.000010245996,-3629262.035072712,-3091078.0441431464,300.73131324881587,53.1,18:23:27
14837500,59350.00001025618,-3629259.1301555373,-3091276.0566526037,300.6190427937594,53.1,18:22:06
14850000,59400.00001026637,-3631478.7249022406,-3091772.0532742054,301.582170527789,53.1,18:20:45
14862500,59450.000010276555,-3625705.180778658,-3086047.8618707736,301.55459276889354,53.1,18:19:23
14875000,59500.00001028674,-3628086.451680856,-3088585.1899292525,301.4673897410418,53.1,18:18:02
14887500,59550.00001029693,-3629982.402974937,-3090774.9980110335,301.3031857900485,53.1,18:16:41
14900000,59600.000010307114,-3630794.36508126,-3092324.360275441,300.89113466688616,53.1,18:15:19
14912500,59650.0000103173,-3627478.7518480457,-3089662.5921945125,300.52577316483047,53.1,18:13:58
14925000,59700.00001032749,-3626745.375856219,-3086769.7122578,301.7324802914948,53.1,18:12:37
14937500,59750.00001033767,-3630636.1282186992,-3094811.071980915,299.41316640743105,53.1,18:11:16
14950000,59800.00001034786,-3627180.971837025,-3090565.6645666165,299.8547500198067,53.1,18:09:55
14962500,59850.000010358046,-3627626.8518196624,-3089743.950447333,300.56306770550844,53.1,18:08:34
14975000,59900.00001036823,-3626210.999542283,-3087284.4488493577,301.14624750283394,53.1,18:07:13
14987500,59950.00001037842,-3628379.577419294,-3091032.0767469797,300.2638916647057,53.1,18:05:51
15000000,60000.000010388605,-3626617.573196508,-3090136.321983776,299.7798409646257,53.1,18:04:30
15012500,60050.00001039879,-3627939.087372739,-3090229.66841942,300.46612763190205,53.1,18:03:09
15025000,60100.00001040898,-3629392.308352867,-3091139.8817401114,300.7695543582239,53.1,18:01:48
15037500,60150.000010419164,-3630267.3166842703,-3089462.279927951,302.19592491852285,53.1,18:00:27
15050000,60200.00001042935,-3629612.650548948,-3089814.283467115,301.6334089419828,53.1,17:59:06
15062500,60250.00001043954,-3630832.716823278,-3093346.465314235,300.3414241109451,53.1,17:57:45
15075000,60300.00001044972,-3629258.1993627343,-3091251.9171990557,300.6320115389141,53.1,17:56:24
15087500,60350.00001045991,-3629830.604044225,-3090811.148772038,301.1981615630792,53.1,17:55:03
15100000,60400.000010470096,-3631189.421175411,-3091046.5959641915,301.8258883678956,53.1,17:53:42
15112500,60450.00001048028,-3626709.2790324893,-3089313.2256805487,300.2910223697282,53.1,17:52:20
15125000,60500.00001049047,-3629565.2046865933,-3091267.1916981316,300.7950275251395,53.1,17:51:00
15137500,60550.000010500655,-3627550.6555429585,-3089643.3455926944,300.57670695123215,53.1,17:49:38
15150000,60600.00001051084,-3631651.7818069644,-3093317.2518993225,300.81543277918996,53.1,17:48:17
15162500,60650.00001052103,-3624610.269871149,-3083894.920359956,302.1458086693161,53.1,17:46:56
15175000,60700.000010531214,-3624476.0632459708,-3085375.4629505486,301.2435045123538,53.1,17:45:35
15187500,60750.0000105414,-3629397.481674051,-3092069.561587245,300.25295024821327,53.1,17:44:14
15200000,60800.00001055159,-3631466.861657299,-3091346.003191923,301.81361359117125,53.1,17:42:53
15212500,60850.00001056177,-3629254.1697991863,-3090683.372246243,300.9474565488438,53.1,17:41:31
15225000,60900.00001057196,-3628815.571195569,-3090000.6127199233,301.0838909953636,53.1,17:40:10
15237500,60950.000010582145,-3629045.090564823,-3089631.9944452103,301.41812375257166,53.1,17:38:49
15250000,61000.00001059233,-3630404.578121785,-3092026.0789467865,300.84000232369095,53.1,17:37:28
15262500,61050.00001060252,-3627917.6651189663,-3090117.917541569,300.51660227663456,53.1,17:36:07
15275000,61100.000010612705,-3629439.8912959322,-3091224.425873292,300.7489008504457,53.1,17:34:46
15287500,61150.00001062289,-3630956.410120666,-3092126.315940024,301.0923486613611,53.1,17:33:24
15300000,61200.00001063308,-3631623.8382183425,-3093447.365383121,300.72711222012794,53.1,17:32:03
15312500,61250.00001064326,-3633601.556102503,-3093753.2053351854,301.6613392773888,53.1,17:30:42
15325000,61300.00001065345,-3631177.683220526,-3094141.159330081,300.0901212486811,53.1,17:29:21
15337500,61350.000010663636,-3630785.9640745763,-3092326.5077367676,300.88524029861975,53.1,17:28:00
15350000,61400.00001067382,-3624919.252794329,-3086403.7308237115,300.91656915950557,53.1,17:26:40
15362500,61450.00001068401,-3627539.294577703,-3089162.494071295,300.83905312630736,53.1,17:25:18
15375000,61500.000010694195,-3630159.589195717,-3091781.9858994745,300.8395017164648,53.1,17:23:57
15387500,61550.00001070438,-3631119.195973426,-3092183.0056925095,301.1516339989108,53.1,17:22:36
15400000,61600.00001071457,-3627277.9952676296,-3089025.6693124156,300.76949811189303,53.1,17:21:16
15412500,61650.000010724754,-3627496.350299187,-3089893.7636974053,300.40643088521927,53.1,17:19:54
15425000,61700.00001073494,-3628460.0888585765,-3091625.0845538136,299.9775143137503,53.1,17:18:33
15437500,61750.00001074513,-3633128.649132183,-3096238.090562647,300.0085574277843,53.1,17:17:12
15450000,61800.00001075531,-3629238.482358182,-3089971.7114579994,301.3363588243273,53.1,17:15:51
15462500,61850.0000107655,-3629547.429400729,-3091133.0312150074,300.8600622972705,53.1,17:14:30
15475000,61900.000010775686,-3628640.9220624715,-3090166.7299966845,300.89347446184513,53.1,17:13:08
15487500,61950.00001078587,-3628430.5718773156,-3089144.540083376,301.3471216005739,53.1,17:11:48
15500000,62000.00001079606,-3626839.084554605,-3087614.0387253864,301.31304331216467,53.1,17:10:26
15512500,62050.000010806245,-3630896.3227982353,-3092558.6011833437,300.8172162702059,53.1,17:09:05
15525000,62100.00001081643,-3631188.526304487,-3091748.842352621,301.4329807417146,53.1,17:07:44
15537500,62150.00001082662,-3625621.6016161833,-3086619.6549170273,301.18837796444114,53.1,17:06:23
15550000,62200.000010836804,-3631492.149687035,-3092844.9946661135,300.9901242647336,53.1,17:05:02
15562500,62250.00001084699,-3631884.1888664626,-3093326.768125968,300.9399817327165,53.1,17:03:41
15575000,62300.00001085718,-3627545.1658494025,-3089504.97001238,300.6509621277343,53.1,17:02:20
15587500,62350.00001086736,-3627730.975522505,-3087639.183456229,301.7973716060508,53.1,17:00:59
15600000,62400.00001087755,-3627233.475517351,-3089366.62716905,300.5540974516941,53.1,16:59:38
15612500,62450.000010887736,-3628640.3089111224,-3088117.8651833157,302.0380150326625,53.1,16:58:17
15625000,62500.00001089792,-3628029.7001848966,-3089964.068167175,300.66517558661565,53.1,16:56:55
15637500,62550.00001090811,-3628339.457169164,-3090939.222430433,300.2933588828199,53.1,16:55:34
15650000,62600.000010918295,-3629676.108090084,-3091626.6218686253,300.6561534926937,53.1,16:54:13
15662500,62650.00001092848,-3629873.551928442,-3092169.781991382,300.46297102355476,53.1,16:52:52
15675000,62700.00001093867,-3627598.716298517,-3089035.4016817273,300.9432751661671,53.1,16:51:30
15687500,62750.000010948854,-3630014.3448567726,-3091119.863676657,301.1283274107,53.1,16:50:09
15700000,62800.00001095904,-3629460.7657373752,-3090017.5448648776,301.43495713418304,53.1,16:48:48
15712500,62850.00001096923,-3630948.505543085,-3092769.256629735,300.72866346214784,53.1,16:47:27
15725000,62900.00001097941,-3628511.237629816,-3089357.5049649905,301.27319429781016,53.1,16:46:06
15737500,62950.0000109896,-3629324.3979775775,-3091377.4964483394,300.5988302914637,53.1,16:44:45
15750000,63000.000010999785,-3627294.791388411,-3087962.2400726853,301.37311619928795,53.1,16:43:24
15762500,63050.00001100997,-3628631.721373018,-3089367.8231065758,301.3347536280899,53.1,16:42:03
15775000,63100.00001102016,-3628218.566922484,-3089577.875919549,300.986512242357,53.1,16:40:42
15787500,63150.000011030344,-3631557.7330623567,-3093750.9148315205,300.52055328025074,53.1,16:39:20
15800000,63200.00001104053,-3629735.2249049153,-3092268.069593976,300.3307533648241,53.1,16:37:59
15812500,63250.00001105072,-3628343.654953493,-3089215.3408476133,301.2589906857713,53.1,16:36:38
15825000,63300.0000110609,-3630417.101923395,-3090929.5773207545,301.4597135728215,53.1,16:35:16
15837500,63350.00001107109,-3628267.8309086617,-3091830.6989641036,299.75518760131285,53.1,16:33:55
15850000,63400.000011081276,-3626842.577647986,-3088872.0951392436,300.6120070842584,53.1,16:32:34
15862500,63450.00001109146,-3628999.1653687935,-3091201.4091397612,300.51548953300244,53.1,16:31:13
15875000,63500.00001110165,-3628466.591312468,-3090844.1789284726,300.41750931494187,53.1,16:29:52
15887500,63550.000011111835,-3625459.610972956,-3087487.475073253,300.61293098099895,53.1,16:28:31
15900000,63600.00001112202,-3630713.4453180395,-3090906.110931344,301.6384197736184,53.1,16:27:10
15912500,63650.00001113221,-3627275.1644019634,-3087137.528215525,301.8229887977425,53.1,16:25:48
15925000,63700.000011142394,-3630893.0457791705,-3093409.6387522714,300.33983464551136,53.1,16:24:27
15937500,63750.00001115258,-3629181.6389042437,-3091602.712350973,300.39320990953024,53.1,16:23:06
15950000,63800.00001116277,-3628038.8732725196,-3088919.660647797,301.2539048778933,53.1,16:21:45
15962500,63850.00001117295,-3629968.346772058,-3091411.4657514472,300.939680143163,53.1,16:20:24
15975000,63900.00001118314,-3627928.966306923,-3089608.725172543,300.8074483693597,53.1,16:19:03
15987500,63950.000011193326,-3627487.232396109,-3091746.7476439727,299.36590878852945,53.1,16:17:42
16000000,64000.00001120351,-3626516.827347439,-3086241.795662443,301.89976389587247,53.1,16:16:21
16012500,64050.0000112137,-3626921.135637073,-3087218.8276479067,301.5797321742338,53.1,16:15:00
16025000,64100.000011223885,-3625419.3172491863,-3087375.0542366784,300.6532348208012,53.1,16:13:39
16037500,64150.00001123407,-3628298.796025507,-3090997.4127037656,300.23812179485617,53.1,16:12:18
16050000,64200.00001124426,-3631713.7273740564,-3092470.3953417162,301.32326144197094,53.1,16:10:57
16062500,64250.000011254444,-3628156.3008162156,-3087278.5051032156,302.2365818257551,53.1,16:09:36
16075000,64300.00001126463,-3630145.0455074217,-3091035.4542585616,301.24852855855426,53.1,16:08:15
16087500,64350.00001127482,-3628818.0664428994,-3089551.2017649678,301.3364112263054,53.1,16:06:54
16100000,64400.000011285,-3629065.3639597427,-3092301.9257906927,299.9375239417959,53.1,16:05:33
16112500,64450.00001129519,-3629480.732715782,-3093164.42740809,299.6876710014277,53.1,16:04:12
16125000,64500.000011305376,-3626453.218059186,-3085567.988279287,302.24073590082793,53.1,16:02:50
16137500,64550.00001131556,-3630394.2083821762,-3090131.334519126,301.89297023827316,53.1,16:01:30
16150000,64600.00001132575,-3629267.2098959014,-3089995.2950693867,301.33923319396143,53.1,16:00:09
16162500,64650.000011335935,-3630722.9217399675,-3092112.6733505502,300.9695012437092,53.1,15:58:48
16175000,64700.00001134612,-3628113.5826107077,-3088771.3172072293,301.3785443250146,53.1,15:57:26
16187500,64750.00001135631,-3628864.6475046594,-3088866.5248201815,301.7450301825335,53.1,15:56:05
16200000,64800.000011366494,-3629803.8493572436,-3091517.5567854946,300.78847828478825,53.1,15:54:44
16212500,64850.00001137668,-3631625.541883081,-3091933.76678866,301.57384650813765,53.1,15:53:23
16225000,64900.00001138687,-3631214.5511978474,-3091828.308604612,301.4031182964657,53.1,15:52:02
16237500,64950.00001139705,-3631969.35788195,-3091200.3161429665,302.1758112975006,53.1,15:50:41
16250000,65000.00001140724,-3627552.6626473926,-3087767.0360584613,301.6262896942414,53.1,15:49:20
16262500,65050.000011417425,-3626337.0250651,-3086690.7847160017,301.548402191714,53.1,15:47:59
16275000,65100.00001142761,-3626384.1049057767,-3089262.452627397,300.13769005847445,53.1,15:46:38
16287500,65150.0000114378,-3627704.0827873647,-3089365.166262613,300.81788397273425,53.1,15:45:17
16300000,65200.000011447984,-3632495.6016045287,-3094964.7501808666,300.3663460542215,53.1,15:43:56
16312500,65250.00001145817,-3628270.0461869575,-3086610.7470870437,302.67327734962066,53.1,15:42:35
16325000,65300.00001146836,-3628315.668923961,-3090277.9168252167,300.6495965935786,53.1,15:41:13
16337500,65350.00001147854,-3627648.153096346,-3088714.248054522,301.15035703236225,53.1,15:39:52
16350000,65400.00001148873,-3627926.901012508,-3088789.726343528,301.26394187128074,53.1,15:38:31
16362500,65450.000011498916,-3628497.8356693853,-3090401.596618278,300.682278461283,53.1,15:37:10
16375000,65500.0000115091,-3630541.797845956,-3090634.274858877,301.6944040650014,53.1,15:35:49
16387500,65550.00001151928,-3632294.188107388,-3093260.50282096,301.20611313901327,53.1,15:34:28
16400000,65600.00001152947,-3627531.483234927,-3090996.3069966715,299.80997367763075,53.1,15:33:07
16412500,65650.00001153965,-3625208.2182930317,-3086236.7020595833,301.1713737538565,53.1,15:31:46
16425000,65700.00001154984,-3628899.8490475267,-3090746.4220083132,300.7142344820026,53.1,15:30:25
16437500,65750.00001156003,-3632910.9808943775,-3094620.952588077,300.7905657722952,53.1,15:29:04
16450000,65800.00001157021,-3628962.3321410455,-3090222.200132627,301.04207878590665,53.1,15:27:43
16462500,65850.0000115804,-3630111.8821203113,-3090635.3242993886,301.45358545544235,53.1,15:26:22
16475000,65900.00001159059,-3631533.621113438,-3092557.419552547,301.1739918634598,53.1,15:25:01
16487500,65950.00001160077,-3627382.79585064,-3088856.209021381,300.9227520811943,53.1,15:23:39
16500000,66000.00001161096,-3627068.985010892,-3087496.0240402035,301.50745447852535,53.1,15:22:18
16512500,66050.00001162114,-3629200.5622219313,-3089665.9263008554,301.4860388610145,53.1,15:20:57
16525000,66100.00001163133,-3628575.979934776,-3088780.8493488096,301.6316004235788,53.1,15:19:36
16537500,66150.00001164152,-3628747.666145891,-3089667.3948025373,301.2321449168334,53.1,15:18:15
16550000,66200.0000116517,-3627930.8723978903,-3090658.6619981406,300.22182028591163,53.1,15:16:54
16562500,66250.00001166189,-3628817.092742013,-3090974.178873735,300.54072312668495,53.1,15:15:33
16575000,66300.00001167208,-3630119.1787543707,-3089753.968685153,301.95015458822104,53.1,15:14:11
16587500,66350.00001168226,-3628982.312167939,-3091834.7293059668,300.152179784272,53.1,15:12:50
16600000,66400.00001169245,-3630028.8758382257,-3092826.711614224,300.1826792509202,53.1,15:11:29
16612500,66450.00001170264,-3630318.7154296935,-3090335.072719303,301.7369389317784,53.1,15:10:08
16625000,66500.00001171282,-3628442.8173158076,-3092498.030039725,299.4800707988491,53.1,15:08:47
16637500,66550.00001172301,-3625142.7259226963,-3086170.1915879846,301.1719426576797,53.1,15:07:25
16650000,66600.0000117332,-3624470.2639447115,-3086485.104820066,300.6202082163045,53.1,15:06:04
16662500,66650.00001174338,-3630142.704341976,-3089780.8008608143,301.9483069030701,53.1,15:04:43
16675000,66700.00001175357,-3628115.606330063,-3090484.91117379,300.4221376372745,53.1,15:03:21
16687500,66750.00001176375,-3628108.6990977563,-3089901.6295939162,300.7442093030767,53.1,15:02:00
16700000,66800.00001177394,-3630683.430547813,-3094134.8795977193,299.81744731995985,53.1,15:00:39
16712500,66850.00001178413,-3627240.7434293404,-3090174.724806826,300.10660258156855,53.1,14:59:18
16725000,66900.00001179431,-3628858.3857757114,-3090036.1260663955,301.08797084468455,53.1,14:57:57
16737500,66950.0000118045,-3629656.0565182343,-3091747.514357974,300.57739549666763,53.1,14:56:35
16750000,67000.00001181469,-3628907.3835572097,-3091217.3098733425,300.4553177074423,53.1,14:55:14
16762500,67050.00001182487,-3628244.922038028,-3088952.734947333,301.3505611129115,53.1,14:53:53
16775000,67100.00001183506,-3629589.0718655623,-3090409.320828235,301.2877330790874,53.1,14:52:31
16787500,67150.00001184524,-3631145.9106354285,-3092368.89213501,301.0626905531969,53.1,14:51:10
16800000,67200.00001185543,-3629376.9017386492,-3089612.855149132,301.6142310271814,53.1,14:49:49
16812500,67250.00001186562,-3625982.6038576383,-3088290.1653901776,300.4566391225859,53.1,14:48:28
16825000,67300.0000118758,-3629775.052116206,-3090258.183042744,301.476110941371,53.1,14:47:07
16837500,67350.00001188599,-3628901.918968668,-3091808.0015706806,300.12219211140865,53.1,14:45:45
16850000,67400.00001189618,-3627477.2990579978,-3091506.7900796533,299.49444380404924,53.1,14:44:24
16862500,67450.00001190636,-3628487.062692834,-3090563.3048143806,300.5858978731622,53.1,14:43:03
16875000,67500.00001191655,-3627963.186606789,-3089034.4045356642,301.147494372506,53.1,14:41:41
16887500,67550.00001192674,-3624995.3123357575,-3087626.982914253,300.2755305413777,53.1,14:40:20
16900000,67600.00001193692,-3629426.8020087183,-3088938.2293790258,302.01908823441363,53.1,14:38:59
16912500,67650.00001194711,-3632609.7811805755,-3094521.7877149316,300.677670918534,53.1,14:37:38
16925000,67700.0000119573,-3627721.0118965786,-3086667.82471195,302.3345886570331,53.1,14:36:17
16937500,67750.00001196748,-3629149.3306853008,-3091225.8596451255,300.5857375910774,53.1,14:34:55
16950000,67800.00001197767,-3627204.8560100626,-3088366.9056257545,301.09673862183087,53.1,14:33:34
16962500,67850.00001198785,-3628962.653799176,-3089491.574066126,301.45052436000344,53.1,14:32:13
16975000,67900.00001199804,-3629747.8672756944,-3091929.539035714,300.5269849471598,53.1,14:30:52
16987500,67950.00001200823,-3626369.994131265,-3086053.581733978,301.9228869841851,53.1,14:29:31
17000000,68000.00001201841,-3629188.8192076255,-3092258.052516479,300.0310252852809,53.1,14:28:09
17012500,68050.0000120286,-3630467.1928418316,-3093439.08924159,300.0854160828394,53.1,14:26:48
17025000,68100.00001203878,-3629488.4378602635,-3091822.0380230695,300.4420890214915,53.1,14:25:27
17037500,68150.00001204897,-3629580.248889938,-3092136.608254674,300.3176136218816,53.1,14:24:05
17050000,68200.00001205916,-3627698.0993469916,-3088972.292477153,301.0340740555355,53.1,14:22:44
17062500,68250.00001206934,-3629186.855057029,-3091188.1409552107,300.6277825889261,53.1,14:21:23
17075000,68300.00001207953,-3628582.389832057,-3089251.6660759393,301.3720949790171,53.1,14:20:01
17087500,68350.00001208972,-3627599.236960089,-3089972.863970416,300.4197224579684,53.1,14:18:40
17100000,68400.0000120999,-3631264.860642735,-3090221.0163820228,302.3293679335885,53.1,14:17:19
17112500,68450.00001211009,-3627923.8799546733,-3090096.685541726,300.5319392674011,53.1,14:15:58
17125000,68500.00001212028,-3628897.064121358,-3088658.903302358,301.8791608602224,53.1,14:14:37
17137500,68550.00001213046,-3629785.238436464,-3090710.6803607107,301.22895240554124,53.1,14:13:16
17150000,68600.00001214065,-3630273.9412967116,-3090675.305524778,301.5218012759514,53.1,14:11:54
17162500,68650.00001215083,-3627945.4431282356,-3091266.1457884125,299.8905069689805,53.1,14:10:33
17175000,68700.00001216102,-3632328.5240695234,-3094996.386236161,300.2553070787442,53.1,14:09:12
17187500,68750.00001217121,-3629275.860505758,-3092314.0271465215,300.0483849987812,53.1,14:07:51
17200000,68800.0000121814,-3628801.232033914,-3089235.66026407,301.5033254741117,53.1,14:06:30
17212500,68850.00001219158,-3629761.349713674,-3091785.9276578096,300.61476724903093,53.1,14:05:08
17225000,68900.00001220177,-3628285.531893164,-3091671.1909119748,299.85421006798543,53.1,14:03:47
17237500,68950.00001221195,-3627575.8169362415,-3089819.7332096323,300.49220339556376,53.1,14:02:26
17250000,69000.00001222214,-3631072.6076145917,-3091850.752843065,301.3112601841144,53.1,14:01:05
17262500,69050.00001223233,-3628877.8108690623,-3088711.5978491358,301.8389572189669,53.1,13:59:44
17275000,69100.00001224251,-3625580.78078649,-3087232.2774344217,300.8232409867247,53.1,13:58:23
17287500,69150.0000122527,-3628361.011657981,-3090687.689131118,300.4459573445754,53.1,13:57:02
17300000,69200.00001226288,-3630041.4424483757,-3090377.8632993717,301.5580909229911,53.1,13:55:41
17312500,69250.00001227307,-3627444.0949628334,-3088111.9031055,301.37291533787936,53.1,13:54:20
17325000,69300.00001228326,-3628998.1610450633,-3090980.7168702,300.63824874837894,53.1,13:52:59
17337500,69350.00001229344,-3630588.6333572976,-3091930.023934876,300.99652485870064,53.1,13:51:37
17350000,69400.00001230363,-3629203.1433163937,-3092158.3999853833,300.09471418194784,53.1,13:50:16
17362500,69450.00001231382,-3625658.7954950705,-3084689.523435071,302.287697805472,53.1,13:48:55
17375000,69500.000012324,-3627422.419953797,-3090464.337980389,300.0462887655121,53.1,13:47:34
17387500,69550.00001233419,-3628182.722608803,-3088702.4929287024,301.45563725009083,53.1,13:46:13
17400000,69600.00001234438,-3629310.521706881,-3090639.538927678,301.00343895480336,53.1,13:44:52
17412500,69650.00001235456,-3627062.467763787,-3090346.5706086718,299.91095854446945,53.1,13:43:31
17425000,69700.00001236475,-3628557.1663256437,-3090551.3252624557,300.63176505679627,53.1,13:42:10
17437500,69750.00001237493,-3625545.804880254,-3086333.197017867,301.3060931126743,53.1,13:40:48
17450000,69800.00001238512,-3630163.5068444554,-3092561.3608016446,300.4061847056966,53.1,13:39:27
17462500,69850.0000123953,-3626098.6919997875,-3085448.5192350233,302.1093886180376,53.1,13:38:06
17475000,69900.0000124055,-3628289.135961933,-3088282.714499446,301.7496674486936,53.1,13:36:45
17487500,69950.00001241568,-3628703.5302742887,-3088723.1748136915,301.7351020526366,53.1,13:35:24
17500000,70000.00001242587,-3629797.820480276,-3091754.8975375174,300.6524860045186,53.1,13:34:02
17512500,70050.00001243605,-3630646.1130906995,-3091582.8247086285,301.2226550242772,53.1,13:32:41
17525000,70100.00001244624,-3627644.110004997,-3088459.0436620084,301.2907032136116,53.1,13:31:20
17537500,70150.00001245642,-3629897.200972207,-3090884.9095786544,301.1941584662461,53.1,13:29:59
17550000,70200.00001246661,-3628489.971830545,-3090980.398476092,300.3544561024494,53.1,13:28:38
17562500,70250.0000124768,-3630311.135938393,-3091863.785760778,300.8784755090407,53.1,13:27:16
17575000,70300.00001248698,-3629041.01829117,-3090335.968839425,301.02247503789783,53.1,13:25:55
17587500,70350.00001249717,-3628325.984982794,-3087526.633201417,302.19274821685764,53.1,13:24:34
17600000,70400.00001250736,-3629448.1506865583,-3091924.289250477,300.36244012580266,53.1,13:23:13
17612500,70450.00001251754,-3625102.776542982,-3086937.5177026996,300.72084596271105,53.1,13:21:51
17625000,70500.00001252773,-3630058.896668529,-3090030.8491331893,301.7617518610862,53.1,13:20:30
17637500,70550.00001253792,-3630418.7959310617,-3092250.6005621855,300.7224868626919,53.1,13:19:09
17650000,70600.0000125481,-3630206.93378246,-3090485.3435234157,301.59050689522286,53.1,13:17:48
17662500,70650.00001255829,-3627322.521680562,-3087474.316417725,301.6612579710802,53.1,13:16:27
17675000,70700.00001256847,-3626751.48752187,-3087106.6221654047,301.5476338609067,53.1,13:15:06
17687500,70750.00001257866,-3630414.8249441497,-3092258.1739629004,300.7160359854636,53.1,13:13:44
17700000,70800.00001258885,-3629628.1018673237,-3089652.4745629635,301.73246001077285,53.1,13:12:23
17712500,70850.00001259903,-3629609.0483129136,-3090574.089935638,301.20682452822,53.1,13:11:02
17725000,70900.00001260922,-3629786.8099622,-3090498.1983844424,301.3485631554858,53.1,13:09:41
17737500,70950.0000126194,-3628107.194451092,-3089067.166875187,301.2096571408332,53.1,13:08:20
17750000,71000.00001262959,-3631691.1642707884,-3093411.108001159,300.78499350754134,53.1,13:06:59
17762500,71050.00001263978,-3628685.1376693044,-3089026.768395078,301.5551797020887,53.1,13:05:38
17775000,71100.00001264997,-3628641.8805952724,-3090535.045453435,300.68819944060283,53.1,13:04:16
17787500,71150.00001266015,-3629102.39592891,-3090739.4490250642,300.83131188509253,53.1,13:02:55
17800000,71200.00001267034,-3627039.850571975,-3087870.5193886235,301.2819105789334,53.1,13:01:34
17812500,71250.00001268052,-3627895.598267315,-3088747.0711659193,301.27028548604164,53.1,13:00:13
17825000,71300.00001269071,-3629227.127435986,-3090397.3078078227,301.0921952444462,53.1,12:58:52
17837500,71350.0000127009,-3628845.3971081264,-3092303.6752188113,299.8136313156737,53.1,12:57:31
17850000,71400.00001271108,-3628835.6513773017,-3091586.8654861543,300.2087309273411,53.1,12:56:09
17862500,71450.00001272127,-3627606.4429970738,-3091969.186394655,299.30822603030543,53.1,12:54:48
17875000,71500.00001273146,-3630215.469408447,-3091417.6979973116,301.07428705216154,53.1,12:53:27
17887500,71550.00001274164,-3630998.0805576295,-3091372.593358245,301.5368055592003,53.1,12:52:06
17900000,71600.00001275183,-3625310.6924104244,-3087814.39320268,300.3470386548121,53.1,12:50:45
17912500,71650.00001276202,-3627794.9972021375,-3089869.928425689,300.5866303885885,53.1,12:49:24
17925000,71700.0000127722,-3627732.413495455,-3089244.167762358,300.90132749704736,53.1,12:48:02
17937500,71750.00001278239,-3629045.9044594523,-3090258.1470373743,301.0686913448739,53.1,12:46:41
17950000,71800.00001279257,-3626529.0346179027,-3087703.0561599783,301.090048840633,53.1,12:45:20
17962500,71850.00001280276,-3628794.9652311336,-3089693.85600326,301.24378889822765,53.1,12:43:59
17975000,71900.00001281295,-3632302.792953564,-3094953.5170634664,300.2648836369385,53.1,12:42:38
17987500,71950.00001282313,-3625229.173433464,-3084864.327429022,301.9499511528159,53.1,12:41:16
18000000,72000.00001283332,-3627127.198595904,-3089685.357266659,300.31660818940634,53.1,12:39:55
18012500,72050.0000128435,-3625689.6355905775,-3086436.468575426,301.328757122531,53.1,12:38:34
18025000,72100.00001285369,-3628498.6594955027,-3089570.0456027575,301.14740039627145,53.1,12:37:13
18037500,72150.00001286388,-3627813.1597508136,-3088965.098994902,301.1023881866285,53.1,12:35:51
18050000,72200.00001287406,-3631924.230003342,-3094697.1276262207,300.19661441745086,53.1,12:34:30
18062500,72250.00001288425,-3632505.449703729,-3093769.9010653645,301.0395176489746,53.1,12:33:09
18075000,72300.00001289444,-3631468.855344383,-3093905.4521314143,300.38453563717417,53.1,12:31:48
18087500,72350.00001290462,-3626937.0590824764,-3089652.1745571326,300.2289024483291,53.1,12:30:27
18100000,72400.00001291481,-3631407.0622085277,-3092556.996151354,301.10350872698666,53.1,12:29:05
18112500,72450.000012925,-3629454.1339358017,-3092234.348626199,300.1925257203488,53.1,12:27:44
18125000,72500.00001293518,-3627182.7183869574,-3088806.184683197,300.83890403991336,53.1,12:26:23
18137500,72550.00001294537,-3631021.5332959425,-3092185.2308666934,301.0958177626127,53.1,12:25:02
18150000,72600.00001295556,-3628990.1661240626,-3090700.2025809227,300.7905295833513,53.1,12:23:40
18162500,72650.00001296574,-3627842.173945207,-3091227.3895897144,299.8544578206851,53.1,12:22:19
18175000,72700.00001297593,-3628844.020774495,-3089436.888174634,301.4147914031211,53.1,12:20:58
18187500,72750.00001298611,-3629752.253362097,-3090611.8886409644,301.26572443744647,53.1,12:19:37
18200000,72800.0000129963,-3629446.6153081898,-3090474.8260240494,301.17152633158935,53.1,12:18:16
18212500,72850.00001300649,-3629945.947044382,-3092087.4100686107,300.54945314785357,53.1,12:16:54
18225000,72900.00001301667,-3626953.0001336727,-3088547.8622580417,300.85488773752604,53.1,12:15:33
18237500,72950.00001302686,-3630504.794916572,-3091683.944720082,301.0871832243721,53.1,12:14:12
18250000,73000.00001303705,-3631196.402544711,-3094931.396490974,299.6590055407848,53.1,12:12:51
18262500,73050.00001304723,-3625922.053554559,-3087594.266319503,300.8116650476786,53.1,12:11:30
18275000,73100.00001305742,-3629738.831369009,-3089970.4477613107,301.6166545053879,53.1,12:10:08
18287500,73150.0000130676,-3629615.7496753316,-3093106.0241579385,299.79575209386576,53.1,12:08:47
18300000,73200.00001307779,-3625716.841198234,-3086571.874908887,301.268295743311,53.1,12:07:26
18312500,73250.00001308798,-3628458.7922383677,-3090963.159165049,300.34666642619914,53.1,12:06:05
18325000,73300.00001309816,-3631417.1782072466,-3092806.8358565844,300.96955374822267,53.1,12:04:44
18337500,73350.00001310835,-3629562.182449173,-3091221.7044444648,300.81875651061335,53.1,12:03:23
18350000,73400.00001311854,-3631170.6154696774,-3092273.3440675233,301.12988655618193,53,12:02:02
18362500,73450.00001312872,-3631469.63137356,-3092575.2023057393,301.12829829092095,53,12:00:41
18375000,73500.00001313891,-3628423.5869017486,-3090763.664011778,300.43846977439927,53,11:59:20
18387500,73550.0000131491,-3629882.429669898,-3093409.4694486423,299.7752080494947,53,11:57:59
18400000,73600.00001315928,-3628336.339024313,-3089177.01981511,301.27631599755483,53,11:56:37
18412500,73650.00001316947,-3628093.8162420783,-3089511.5857254798,300.95384516357814,53,11:55:16
18425000,73700.00001317966,-3627296.847391296,-3088769.1640009386,300.9233648275131,53,11:53:55
18437500,73750.00001318984,-3628593.5344730616,-3090225.510668657,300.8341488014598,53,11:52:34
18450000,73800.00001320003,-3628732.199564716,-3089750.2693662713,301.17719296331313,53,11:51:13
18462500,73850.00001321021,-3628725.140833959,-3090150.9575171666,300.94934847655935,53,11:49:52
18475000,73900.0000132204,-3627453.6941607483,-3090577.7198660485,300.0004078949142,53,11:48:31
18487500,73950.00001323059,-3629502.069993468,-3090828.080343367,301.00511916129244,53,11:47:09
18500000,74000.00001324077,-3629127.4615518134,-3091087.572460114,300.6507907218111,53,11:45:48
18512500,74050.00001325096,-3630034.480318006,-3091706.5440092827,300.8117483484095,53,11:44:27
18525000,74100.00001326115,-3629777.528941516,-3091836.341677166,300.59563722289784,53,11:43:06
18537500,74150.00001327133,-3630380.1376884487,-3091367.742270892,301.19421659371903,53,11:41:45
18550000,74200.00001328152,-3628323.255253343,-3089730.4692861754,300.9597434336217,53,11:40:24
18562500,74250.0000132917,-3629672.052933939,-3092475.290763283,300.17966064274094,53,11:39:02
18575000,74300.00001330189,-3632404.8545065206,-3093826.5175051363,300.9516695099667,53,11:37:41
18587500,74350.00001331208,-3630551.0220422745,-3091936.1688821074,300.9720743391155,53,11:36:20
18600000,74400.00001332226,-3630195.987878561,-3092778.0590429828,300.3032461501326,53,11:34:58
18612500,74450.00001333245,-3625310.9157448355,-3086977.060276939,300.8150559096552,53,11:33:37
18625000,74500.00001334264,-3629664.3058594074,-3091026.1179199247,300.9851135579446,53,11:32:16
18637500,74550.00001335282,-3627908.0512270387,-3088310.4763817554,301.5212084417717,53,11:30:54
18650000,74600.00001336301,-3624936.210297091,-3086414.4820946995,300.920037133773,53,11:29:33
18662500,74650.0000133732,-3630676.504265776,-3092895.5455601253,300.5061032611121,53,11:28:12
18675000,74700.00001338338,-3627071.774558639,-3088964.440175688,300.6884784110632,53,11:26:51
18687500,74750.00001339357,-3627372.9877975024,-3089072.9893420166,300.7961369823431,53,11:25:30
18700000,74800.00001340375,-3628738.2165586725,-3089207.836496084,301.48366073395465,53,11:24:08
18712500,74850.00001341394,-3626909.4833069276,-3088560.562443113,300.8234742877109,53,11:22:47
18725000,74900.00001342413,-3628463.9776229,-3088596.7474776674,301.67188886676604,53,11:21:26
18737500,74950.00001343431,-3629898.47487019,-3091250.9749434013,300.9903169943505,53,11:20:05
18750000,75000.0000134445,-3631774.14336353,-3090340.5697097317,302.54714444528287,53,11:18:44
18762500,75050.00001345469,-3630803.540755227,-3091466.138180124,301.37582702983667,53,11:17:22
18775000,75100.00001346487,-3628591.04810996,-3088818.7932137693,301.61881773895095,53,11:16:01
18787500,75150.00001347506,-3627934.001065653,-3090783.1472064015,300.15400758168687,53,11:14:40
18800000,75200.00001348525,-3629913.5653435998,-3089108.4720750125,302.1959564969585,53,11:13:19
18812500,75250.00001349543,-3630078.843295958,-3089729.3233925514,301.94138709559934,53,11:11:57
18825000,75300.00001350562,-3630157.980854811,-3089737.520422445,301.98102788535925,53,11:10:36
18837500,75350.0000135158,-3626431.02297806,-3087607.1656433325,301.08886358024745,53,11:09:15
18850000,75400.00001352599,-3627658.4981004726,-3088291.725104017,301.3922388992583,53,11:07:54
18862500,75450.00001353618,-3628754.900467897,-3089848.1531339576,301.1351816029652,53,11:06:32
18875000,75500.00001354636,-3629972.6483924612,-3092120.319728234,300.54598401143363,53,11:05:11
18887500,75550.00001355655,-3630908.743136853,-3092317.513090765,300.9588740019821,53,11:03:50
18900000,75600.00001356674,-3632623.8951291274,-3094848.89205948,300.50277531701363,53,11:02:28
18912500,75650.00001357692,-3627238.17897458,-3088651.9537193505,300.9560773797253,53,11:01:07
18925000,75700.00001358711,-3629457.1382159945,-3092003.488892542,300.32320636710176,53,10:59:46
18937500,75750.0000135973,-3629937.7575203124,-3092286.8558614287,300.4334288093807,53,10:58:25
18950000,75800.00001360748,-3628051.573503813,-3088550.8834879976,301.4670702613522,53,10:57:03
18962500,75850.00001361767,-3627310.573682474,-3089283.4060839303,300.6436820909197,53,10:55:42
18975000,75900.00001362785,-3628362.8268995006,-3089418.517509637,301.1561708679689,53,10:54:21
18987500,75950.00001363804,-3631428.025148589,-3091635.491540005,301.630149261092,53,10:53:00
19000000,76000.00001364823,-3628438.4410425853,-3091001.2874014406,300.3139887606941,53,10:51:38
19012500,76050.00001365841,-3628359.876886245,-3088275.5435529347,301.7932037478501,53,10:50:17
19025000,76100.0000136686,-3629728.8935856596,-3090912.579660047,301.0846484059435,53,10:48:56
19037500,76150.00001367879,-3630716.5864600334,-3093293.669341038,300.3060335482125,53,10:47:34
19050000,76200.00001368897,-3630598.4117221925,-3092712.6343104383,300.564674804805,53,10:46:13
19062500,76250.00001369916,-3627027.407310944,-3088224.965876718,301.0768966098603,53,10:44:52
19075000,76300.00001370934,-3628789.3478590213,-3089856.2852552715,301.14988628720323,53,10:43:31
19087500,76350.00001371953,-3629605.55898376,-3092932.1128124343,299.88723740017895,53,10:42:09
19100000,76400.00001372972,-3628776.7245487273,-3089486.273526118,301.34959101710024,53,10:40:48
19112500,76450.0000137399,-3625013.9849237613,-3087521.07066727,300.34514718116606,53,10:39:27
19125000,76500.00001375009,-3626238.601758128,-3088372.3283009753,300.55377620882354,53,10:38:05
19137500,76550.00001376028,-3630932.3587171324,-3092584.6014878256,300.82282406150637,53,10:36:44
19150000,76600.00001377046,-3629384.943990819,-3090340.0423931843,301.21238069073485,53,10:35:23
19162500,76650.00001378065,-3629480.7835703846,-3091822.195585908,300.43772384384573,53,10:34:01
19175000,76700.00001379084,-3628666.1044379864,-3090731.4706896814,300.5919751899875,53,10:32:40
19187500,76750.00001380102,-3629909.38917402,-3090239.8020799235,301.5614480968351,53,10:31:19
19200000,76800.00001381121,-3629856.3048515823,-3090569.5541374106,301.3475233253172,53,10:29:58
19212500,76850.0000138214,-3628046.513263775,-3087045.2305778265,302.305584992274,53,10:28:36
19225000,76900.00001383158,-3627609.2697055824,-3090392.432792511,300.19087818869485,53,10:27:15
19237500,76950.00001384177,-3628874.4772859663,-3089059.5565557983,301.64265893917093,53,10:25:54
19250000,77000.00001385195,-3628216.239022577,-3087615.864665878,302.08156181362233,53,10:24:33
19262500,77050.00001386214,-3632769.167007642,-3095327.1664419007,300.31669716901484,53,10:23:11
19275000,77100.00001387233,-3630589.0319524743,-3092170.3340504738,300.8624649315835,53,10:21:50
19287500,77150.00001388251,-3628129.9510036837,-3088628.010891814,301.4677688013211,53,10:20:29
19300000,77200.0000138927,-3630020.498061605,-3092356.7148149004,300.4406268994155,53,10:19:07
19312500,77250.00001390289,-3631122.2872162517,-3093093.0156583693,300.6448577603295,53,10:17:46
19325000,77300.00001391307,-3626281.5868600123,-3086725.2206366686,301.498181515661,53,10:16:25
19337500,77350.00001392326,-3626721.58626274,-3088520.027122804,300.7411301721454,53,10:15:03
19350000,77400.00001393344,-3628692.156248376,-3090797.043910855,300.5698910589713,53,10:13:42
19362500,77450.00001394363,-3626857.2363067903,-3085681.9639274897,302.40280852522096,53,10:12:21
19375000,77500.00001395382,-3630159.923923744,-3091702.4303555097,300.88414352450235,53,10:11:00
19387500,77550.000013964,-3627118.0412266385,-3088245.641972549,301.1159882725525,53,10:09:38
19400000,77600.00001397419,-3630910.642229138,-3092594.970175951,300.8048952168866,53,10:08:17
19412500,77650.00001398438,-3629010.6513251513,-3088605.402019774,301.9725280743792,53,10:06:56
19425000,77700.00001399456,-3628936.7721607443,-3091675.999430601,300.2154290415431,53,10:05:34
19437500,77750.00001400475,-3628225.318503691,-3090262.9252903704,300.6074868746715,53,10:04:13
19450000,77800.00001401494,-3626831.6426754575,-3087148.913888528,301.5687915306991,53,10:02:52
19462500,77850.00001402512,-3631062.717886202,-3092662.587409027,300.85208965817236,53,10:01:30
19475000,77900.00001403531,-3629575.52431087,-3092504.9953871313,300.1091228884399,53,10:00:09
19487500,77950.0000140455,-3627576.9596920237,-3090721.7653318527,299.9887962953396,53,9:58:48
19500000,78000.00001405568,-3628431.8876545876,-3088305.53644611,301.8166828757915,53,9:57:26
19512500,78050.00001406587,-3630491.9371024054,-3092578.813441583,300.5799555889481,53,9:56:05
19525000,78100.00001407605,-3629714.423633307,-3091084.3141672397,300.98059939557595,53,9:54:43
19537500,78150.00001408624,-3628712.8108643647,-3091220.1431859946,300.3450093960157,53,9:53:22
19550000,78200.00001409643,-3628589.703055529,-3091629.7452679873,300.0473369498827,53,9:52:01
19562500,78250.00001410661,-3632961.121452732,-3092663.293246339,301.91250234207837,53,9:50:39
19575000,78300.0000141168,-3627732.983383123,-3089472.675544979,300.7739583005574,53,9:49:18
19587500,78350.00001412698,-3628394.146809114,-3089715.492834682,301.0077255345869,53,9:47:56
19600000,78400.00001413717,-3628298.0319880396,-3088622.961534579,301.5645121379258,53,9:46:35
19612500,78450.00001414736,-3627842.860035043,-3087960.314251554,301.68044707749635,53,9:45:14
19625000,78500.00001415754,-3627066.3588268794,-3088530.895254683,300.9277123078192,53,9:43:52
19637500,78550.00001416773,-3626379.010914905,-3088682.364879975,300.458990265154,53,9:42:31
19650000,78600.00001417792,-3629975.850666655,-3091661.280634468,300.8042794196347,53,9:41:09
19662500,78650.0000141881,-3630060.784846373,-3094691.9939376153,299.1582103442619,53,9:39:48
19675000,78700.00001419829,-3627830.0208023246,-3087222.4851180883,302.0855634849301,53,9:38:26
19687500,78750.00001420848,-3629346.156954527,-3091018.788197991,300.8114312064701,53,9:37:05
19700000,78800.00001421866,-3629965.604315724,-3089388.255421309,302.06869543775923,53,9:35:44
19712500,78850.00001422885,-3629529.720121242,-3091708.867538963,300.5283955219583,53,9:34:22
19725000,78900.00001423903,-3627656.526890857,-3088552.976345677,301.2451530795707,53,9:33:01
19737500,78950.00001424922,-3630441.8535718787,-3092241.580063537,300.74041177530637,53,9:31:39
19750000,79000.0000142594,-3628719.2815634347,-3090518.6108353953,300.7406337373183,53,9:30:18
19762500,79050.0000142696,-3628928.1844190136,-3089261.8259932036,301.55964395239727,53,9:28:56
19775000,79100.00001427978,-3629786.2412655465,-3092400.6170519134,300.28519468159135,53,9:27:35
19787500,79150.00001428997,-3631515.410506921,-3091363.6353286495,301.8308895113529,53,9:26:14
19800000,79200.00001430015,-3631176.695340192,-3091633.1870101434,301.4909966658673,53,9:24:52
19812500,79250.00001431034,-3629456.1154260505,-3091445.3832593365,300.6344981518186,53,9:23:31
19825000,79300.00001432053,-3627404.6953966096,-3088498.3702370003,301.13494569657837,53,9:22:09
19837500,79350.00001433071,-3628492.035856681,-3090688.8756591463,300.5185092113499,53,9:20:48
19850000,79400.0000143409,-3631728.2586470246,-3093042.0454904065,301.01194952271055,53,9:19:26
19862500,79450.00001435108,-3630302.7798204925,-3091268.519579607,301.20643441725997,53,9:18:05
19875000,79500.00001436127,-3629930.2484570574,-3090521.505367835,301.4156913269182,53,9:16:44
19887500,79550.00001437146,-3628576.1697042994,-3088840.5386174405,301.5983527558556,53,9:15:22
19900000,79600.00001438164,-3628252.4132392444,-3090804.446014553,300.32003127261504,53,9:14:01
19912500,79650.00001439183,-3630435.4445671197,-3092913.3776527,300.36143736677406,53,9:12:39
19925000,79700.00001440202,-3628048.7897850126,-3087712.413757901,301.9340424416408,53,9:11:18
19937500,79750.0000144122,-3627586.1872606203,-3090375.2932902724,300.1875573374617,53,9:09:57
19950000,79800.00001442239,-3628431.360676458,-3087338.233009858,302.3569069604341,53,9:08:35
19962500,79850.00001443257,-3628869.5043118726,-3090673.2299231654,300.73817711110274,53,9:07:14
19975000,79900.00001444276,-3626350.47838776,-3085445.174620228,302.25195302501766,53,9:05:52
19987500,79950.00001445295,-3631597.8677259777,-3094332.707603326,300.21788066837144,53,9:04:31
20000000,80000.00001446313,-3629438.3072607797,-3088756.819666764,302.1268870012744,53,9:03:10
20012500,80050.00001447332,-3629466.5059012696,-3088265.044930668,302.41744242289667,53,9:01:48
20025000,80100.0000144835,-3629796.5537395943,-3091581.4971449235,300.74867240185904,53,9:00:27
20037500,80150.0000144937,-3632867.2510237116,-3093362.2267809915,301.46949217982444,53,8:59:05
20050000,80200.00001450388,-3629495.4966955427,-3091170.7932262435,300.80994187318555,53,8:57:44
20062500,80250.00001451407,-3627078.792918533,-3089190.9825996887,300.5658107709975,53,8:56:22
20075000,80300.00001452425,-3630261.11040459,-3090421.7355697425,301.6563236247404,53,8:55:01
20087500,80350.00001453444,-3629332.945745118,-3091984.879225008,300.26420785424943,53,8:53:40
20100000,80400.00001454462,-3631432.483848272,-3092589.7477195896,301.099412843314,53,8:52:18
20112500,80450.00001455481,-3630071.4403227326,-3090782.632911067,301.3486725853262,53,8:50:57
20125000,80500.000014565,-3630316.3312325366,-3091939.593066359,300.8390182912702,53,8:49:35
20137500,80550.00001457518,-3629946.2977959327,-3092109.4133138745,300.53735397177417,53,8:48:14
20150000,80600.00001458537,-3632161.4437749833,-3091742.1830111216,301.9803575237527,53,8:46:53
20162500,80650.00001459556,-3628529.1920605656,-3090254.91698856,300.7817630376966,53,8:45:31
20175000,80700.00001460574,-3629361.0279609878,-3091155.4394057123,300.7433817652567,53,8:44:10
20187500,80750.00001461593,-3628220.2761072647,-3091488.6727813645,299.9197349804949,53,8:42:49
20200000,80800.00001462612,-3628385.9489785023,-3089564.663111706,301.08742667216234,53,8:41:27
20212500,80850.0000146363,-3628114.9350605644,-3089983.83470152,300.70175857792367,53,8:40:06
20225000,80900.00001464649,-3629443.3403008133,-3090308.57846772,301.26259360504247,53,8:38:45
20237500,80950.00001465667,-3630761.3407743964,-3092753.816780069,300.63270546026456,53,8:37:23
20250000,81000.00001466686,-3631504.06646193,-3093306.8643888547,300.7386954909563,53,8:36:02
20262500,81050.00001467705,-3632818.892197937,-3095247.8089521127,300.38882715532657,53,8:34:40
20275000,81100.00001468723,-3627339.0848248564,-3088903.5961684296,300.8718474210555,53,8:33:19
20287500,81150.00001469742,-3626845.76392835,-3087892.039175056,301.16143206981974,53,8:31:57
20300000,81200.0000147076,-3631486.504939258,-3093928.820363139,300.38134012560437,53,8:30:36
20312500,81250.00001471779,-3628955.639462162,-3090339.4890312664,300.9727992397747,53,8:29:15
20325000,81300.00001472798,-3629663.7601088975,-3090067.827618585,301.52029071182153,53,8:27:53
20337500,81350.00001473817,-3629205.467744844,-3090661.9379454763,300.9322196271212,53,8:26:32
20350000,81400.00001474835,-3630305.887783995,-3091235.6344997655,301.22654693523714,53,8:25:11
20362500,81450.00001475854,-3630939.2666649446,-3092040.3633355387,301.1307984592371,53,8:23:49
20375000,81500.00001476872,-3626569.0630931873,-3088840.971899708,300.4765614749733,53,8:22:28
20387500,81550.00001477891,-3628172.0133031923,-3093056.976900284,299.01641510866756,53,8:21:06
20400000,81600.0000147891,-3629782.0083032753,-3091513.4406256536,300.77857380829346,53,8:19:45
20412500,81650.00001479928,-3631062.9109889828,-3091852.7565137157,301.3047221868515,53,8:18:23
20425000,81700.00001480947,-3625788.356495274,-3087928.818384041,300.55001257137286,53,8:17:02
20437500,81750.00001481966,-3628723.722680839,-3091758.6992361834,300.05016758353577,53,8:15:41
20450000,81800.00001482984,-3630624.828582965,-3092024.3121568607,300.96406312931526,53,8:14:19
20462500,81850.00001484003,-3630532.030127486,-3091207.930268895,301.3683936177067,53,8:12:58
20475000,81900.00001485021,-3627530.3844434004,-3088210.361416897,301.3661155286363,53,8:11:36
20487500,81950.0000148604,-3627187.732737098,-3089595.479696067,300.40065660477313,53,8:10:15
20500000,82000.00001487059,-3627075.6710281316,-3088492.421767938,300.9544144263294,53,8:08:53
20512500,82050.00001488077,-3626495.382876247,-3089421.702286687,300.11088400474455,53,8:07:32
20525000,82100.00001489096,-3627934.440330984,-3087956.63559265,301.73367673700307,53,8:06:11
20537500,82150.00001490115,-3626922.0564776063,-3087040.185502845,301.68007000177806,53,8:04:49
20550000,82200.00001491133,-3630689.0904709026,-3090547.0903383214,301.825427322999,53,8:03:28
20562500,82250.00001492152,-3628029.2294500843,-3090935.8384036906,300.1218979919091,53,8:02:06
20575000,82300.0000149317,-3627179.298424106,-3088820.020187309,300.82926187417064,53,8:00:45
20587500,82350.00001494189,-3631035.3172416743,-3092160.7588471766,301.1171947765387,53,7:59:24
20600000,82400.00001495208,-3628461.6076072697,-3090287.906715056,300.7255632887678,53,7:58:02
20612500,82450.00001496226,-3627648.3288152646,-3089539.4292531027,300.6893530160449,53,7:56:41
20625000,82500.00001497245,-3627066.8977966085,-3087834.0249083545,301.3174169869343,53,7:55:20
20637500,82550.00001498264,-3630603.7744006775,-3092095.6377674965,300.9124423139218,53,7:53:58
20650000,82600.00001499282,-3625161.0520087443,-3084828.8139861296,301.931730170099,53,7:52:37
20662500,82650.00001500301,-3628389.6692565978,-3090284.234303571,300.6874170304477,53,7:51:15
20675000,82700.0000150132,-3627280.3360956497,-3087612.349218281,301.56055391327317,53,7:49:54
20687500,82750.00001502338,-3625829.359855199,-3088829.4883533926,300.0696402957828,53,7:48:33
20700000,82800.00001503357,-3631466.639870625,-3092814.086566983,300.9931407659288,53,7:47:11
20712500,82850.00001504376,-3628866.658378076,-3089769.7378882905,301.241448277311,53,7:45:50
20725000,82900.00001505394,-3632087.3926673494,-3093928.036430273,300.717547652758,53,7:44:28
20737500,82950.00001506413,-3627819.2528418954,-3090051.8661520965,300.49851936746376,53,7:43:07
20750000,83000.00001507431,-3629719.4007837437,-3089866.092274471,301.6641096092342,53,7:41:45
20762500,83050.0000150845,-3630012.524409076,-3094199.6708906707,299.40634766163816,53,7:40:24
20775000,83100.00001509469,-3628372.606307665,-3089743.0160383186,300.9803092741408,53,7:39:03
20787500,83150.00001510487,-3630674.421370499,-3092817.9574652137,300.5482947387962,53,7:37:41
20800000,83200.00001511506,-3629293.91091791,-3092214.704110847,300.1139719944934,53,7:36:20
20812500,83250.00001512525,-3628996.627305167,-3090753.757065747,300.76421436158404,53,7:34:59
20825000,83300.00001513543,-3628535.761376081,-3090268.2109681345,300.7780053691527,53,7:33:37
20837500,83350.00001514562,-3626884.1242831163,-3089702.353889102,300.17128340233006,53,7:32:16
20850000,83400.0000151558,-3627888.1843628287,-3088082.8577975193,301.6372978250426,53,7:30:54
20862500,83450.00001516599,-3629193.9528794177,-3091675.2871573507,300.3595368177796,53,7:29:33
20875000,83500.00001517618,-3628732.2904284466,-3090184.8181766174,300.9344226263299,53,7:28:12
20887500,83550.00001518636,-3628410.99407948,-3088015.82545349,301.9668951012667,53,7:26:50
20900000,83600.00001519655,-3628002.6583830826,-3086608.2104559224,302.52528141822893,53,7:25:29
20912500,83650.00001520674,-3631478.942593435,-3092338.149909349,301.2659635784521,53,7:24:07
20925000,83700.00001521692,-3626036.3477318194,-3086821.400060843,301.3074005720591,53,7:22:46
20937500,83750.00001522711,-3629713.6266654003,-3092501.05041412,300.1884973776017,53,7:21:25
20950000,83800.0000152373,-3628764.6178162936,-3087100.050003415,302.676221448657,53,7:20:03
20962500,83850.00001524748,-3628756.055658851,-3091941.008615947,299.9663624146435,53,7:18:42
20975000,83900.00001525767,-3627457.347449219,-3089539.1390159405,300.5827969040449,53,7:17:21
20987500,83950.00001526785,-3628772.624614684,-3091910.627473678,299.99259761468164,53,7:15:59
21000000,84000.00001527804,-3628956.909727454,-3087454.729727428,302.5854809193254,53,7:14:38
21012500,84050.00001528823,-3628751.0971461665,-3089436.844273264,301.3628912300703,53,7:13:16
21025000,84100.00001529841,-3628592.9104295988,-3088428.3263105564,301.83804700701273,53,7:11:55
21037500,84150.0000153086,-3627826.344103655,-3089888.0086983666,300.5940436353233,53,7:10:33
21050000,84200.00001531879,-3625327.0364281144,-3086971.535760644,300.8271510098499,53,7:09:12
21062500,84250.00001532897,-3630973.66212235,-3092537.5762350145,300.8721811471392,53,7:07:51
21075000,84300.00001533916,-3629820.7214025743,-3091185.8247159715,300.98327444192194,53,7:06:29
21087500,84350.00001534935,-3627490.1724606343,-3087314.0328813167,301.84450407151553,53,7:05:08
21100000,84400.00001535953,-3627896.446161922,-3091290.3005073303,299.84963060934007,53,7:03:46
21112500,84450.00001536972,-3629354.6908842903,-3090773.4048743737,300.9533173836004,53,7:02:25
21125000,84500.0000153799,-3628492.123959247,-3090401.7671656683,300.6789915202715,53,7:01:03
21137500,84550.00001539009,-3631843.315948587,-3093838.0334412376,300.6314529419178,53,6:59:42
21150000,84600.00001540028,-3633213.2138821557,-3094445.058629797,301.05773786736165,53,6:58:21
21162500,84650.00001541046,-3624986.0399900414,-3087527.0006229943,300.3262182643637,53,6:56:59
21175000,84700.00001542065,-3630095.5073389765,-3092081.692092231,300.6362209431358,53,6:55:38
21187500,84750.00001543084,-3628137.9865368456,-3089112.0331327156,301.20179264796064,53,6:54:16
21200000,84800.00001544102,-3629777.7677462287,-3093219.2024575914,299.82304322253657,53,6:52:55
21212500,84850.00001545121,-3626721.085987728,-3088985.3997295257,300.48080551386465,53,6:51:34
21225000,84900.0000154614,-3629896.7741023954,-3090324.907837388,301.50684276899347,53,6:50:12
21237500,84950.00001547158,-3628628.665999582,-3089954.043795476,301.00547262553476,53,6:48:51
21250000,85000.00001548177,-3628351.900246585,-3091185.3484510607,300.1627794163571,53,6:47:29
21262500,85050.00001549195,-3629827.3655869886,-3089377.8099021288,301.99728599343973,53,6:46:08
21275000,85100.00001550214,-3628119.82409255,-3089460.8538041697,300.99672650664183,53,6:44:46
21287500,85150.00001551233,-3629554.6792525873,-3089624.59933452,301.70700863071386,53,6:43:25
21300000,85200.00001552251,-3628069.333166849,-3092327.2798743094,299.3667852717085,53,6:42:03
21312500,85250.0000155327,-3632260.2540701367,-3093664.2590857456,300.961536597261,53,6:40:42
21325000,85300.00001554289,-3627704.305357838,-3089950.6481142268,300.4908475034694,53,6:39:21
21337500,85350.00001555307,-3627295.0198924877,-3088603.9860074264,301.01464329290786,53,6:37:59
21350000,85400.00001556326,-3626925.1852997597,-3087812.3207993237,301.2503576156454,53,6:36:38
21362500,85450.00001557345,-3628521.237695558,-3090417.6804872667,300.6863677672778,53,6:35:17
21375000,85500.00001558363,-3633653.3111092933,-3093820.352564224,301.6527382723633,53,6:33:55
21387500,85550.00001559382,-3629619.111623507,-3090376.9327606037,301.32261706353347,53,6:32:34
21400000,85600.000015604,-3632491.0330559537,-3095335.959775727,300.15636534786444,53,6:31:12
21412500,85650.00001561419,-3628644.797617523,-3090049.751931309,300.9610061398483,53,6:29:51
21425000,85700.00001562438,-3630088.273732938,-3091168.791077586,301.14229796093485,53,6:28:29
21437500,85750.00001563456,-3628843.811034981,-3090818.5184079814,300.6426343773789,53,6:27:08
21450000,85800.00001564475,-3630034.3316709865,-3089958.7883412316,301.7882919902409,53,6:25:47
21462500,85850.00001565494,-3630983.3996017314,-3093783.0811869157,300.1816478329853,53,6:24:25
21475000,85900.00001566512,-3628306.9682618454,-3089067.713409085,301.3209831587259,53,6:23:04
21487500,85950.00001567531,-3628503.499607874,-3092638.745392357,299.43534920212244,53,6:21:42
21500000,86000.0000156855,-3630044.3876976334,-3090599.1634914293,301.4360765750928,53,6:20:21
21512500,86050.00001569568,-3629397.6031461135,-3090038.369675467,301.3880258949029,53,6:18:59
21525000,86100.00001570587,-3630298.682480583,-3092688.89819486,300.410452872087,53,6:17:38
21537500,86150.00001571605,-3628734.918304,-3088785.3675202853,301.7178887369505,53,6:16:17
21550000,86200.00001572624,-3629851.3486153986,-3090094.44111669,301.61024178151354,53,6:14:55
21562500,86250.00001573643,-3629344.5540927816,-3090081.031162966,301.3345438940985,53,6:13:34
21575000,86300.00001574661,-3632430.650367059,-3092875.42963931,301.4975414252823,53,6:12:12
21587500,86350.0000157568,-3626349.2382156216,-3087963.6986003197,300.84393644453803,53,6:10:51
21600000,86400.00001576699,-3631388.480026478,-3093308.285655364,300.6733128700234,53,6:09:30
21612500,86450.00001577717,-3625279.922115857,-3084444.5661701653,302.2128669491111,53,6:08:08
21625000,86500.00001578736,-3628219.313355932,-3091581.9410334276,299.86707972898705,53,6:06:47
21637500,86550.00001579754,-3630477.9308375753,-3092145.439520709,300.8142936370167,53,6:05:25
21650000,86600.00001580773,-3629582.2918277867,-3091746.1838746835,300.5369200559083,53,6:04:04
21662500,86650.00001581792,-3628253.2162019573,-3089116.8469353686,301.26349182125523,53,6:02:42
21675000,86700.0000158281,-3628193.537425436,-3090096.62325595,300.68265571003064,53,6:01:21
21687500,86750.00001583829,-3628954.76225573,-3088955.9769684034,301.7454004377404,53,5:59:59
21700000,86800.00001584848,-3628709.4015280716,-3090005.8571478305,301.02163402044386,53,5:58:38
21712500,86850.00001585866,-3628267.016328482,-3088686.8028606633,301.51150709440236,53,5:57:17
21725000,86900.00001586885,-3629565.034110248,-3092910.829246372,299.8764855685461,53,5:55:55
21737500,86950.00001587904,-3631506.873524392,-3092769.715099401,301.04041718009125,53,5:54:34
21750000,87000.00001588922,-3628294.1022570245,-3090388.055334148,300.5760011853765,53,5:53:12
21762500,87050.00001589941,-3631036.293807745,-3091895.1063578413,301.266184169263,53,5:51:51
21775000,87100.0000159096,-3627449.894871773,-3090172.004743066,300.22499405617805,53,5:50:29
21787500,87150.00001591978,-3628106.3675713595,-3088806.765826425,301.35470434040315,53,5:49:08
21800000,87200.00001592997,-3629193.4361632057,-3090394.288244947,301.0750562292494,53,5:47:47
21812500,87250.00001594015,-3627691.148320386,-3091083.7089659288,299.85035351464035,53,5:46:25
21825000,87300.00001595034,-3628161.8420401756,-3088644.546133364,301.47634945116687,53,5:45:04
21837500,87350.00001596053,-3626963.088783471,-3088691.601886393,300.7802050361179,53,5:43:42
21850000,87400.00001597071,-3628073.190429706,-3088444.771763457,301.5384436307426,53,5:42:21
21862500,87450.0000159809,-3628132.4191391077,-3090593.8971499833,300.3706322820985,53,5:40:59
21875000,87500.00001599109,-3627791.8801217843,-3089469.86290943,300.8084408222579,53,5:39:38
21887500,87550.00001600127,-3627125.785516903,-3089359.603972904,300.49784594520435,53,5:38:16
21900000,87600.00001601146,-3632292.6745633613,-3093056.7868173923,301.3191016563692,53,5:36:55
21912500,87650.00001602164,-3627530.3436279204,-3089191.229825442,300.81799420936477,53,5:35:34
21925000,87700.00001603183,-3629718.0026692897,-3091744.8420856493,300.6135035631479,53,5:34:12
21937500,87750.00001604202,-3629028.081343515,-3092218.534666474,299.96328887050754,53,5:32:51
21950000,87800.0000160522,-3630737.0420758463,-3090424.272285779,301.9208515352095,53,5:31:29
21962500,87850.00001606239,-3626481.619081309,-3089958.7689215178,299.8030860001336,53,5:30:08
21975000,87900.00001607258,-3632201.2061904203,-3094689.641885086,300.3555686239723,53,5:28:46
21987500,87950.00001608276,-3632562.801117286,-3093517.409953461,301.2126542549541,53,5:27:25
22000000,88000.00001609295,-3629746.953779537,-3090630.1443898864,301.25256197648525,53,5:26:04
22012500,88050.00001610313,-3628464.811080957,-3089564.708065605,301.1314688305899,53,5:24:42
22025000,88100.00001611332,-3628782.4555181824,-3089065.9547885535,301.5876629219892,53,5:23:21
22037500,88150.00001612351,-3629391.511105811,-3089406.11453708,301.737918968589,53,5:21:59
22050000,88200.0000161337,-3626323.7978803907,-3088367.345863042,300.6041669995042,53,5:20:38
22062500,88250.00001614388,-3629388.361962294,-3090579.632539334,301.0804102690212,53,5:19:17
22075000,88300.00001615407,-3629724.966799034,-3091667.1568848817,300.6608046809061,53,5:17:55
22087500,88350.00001616425,-3629422.520075593,-3091880.3520499226,300.37266964734386,53,5:16:34
22100000,88400.00001617444,-3629694.2149394862,-3092131.010147013,300.38442476197685,53,5:15:12
22112500,88450.00001618463,-3630183.006960664,-3091007.372090591,301.28543300995716,53,5:13:51
22125000,88500.00001619481,-3629679.598988397,-3093065.6603218913,299.85398525895164,53,5:12:29
22137500,88550.000016205,-3627509.3196010217,-3088689.316947384,301.0867096267191,53,5:11:08
22150000,88600.00001621518,-3627267.233326854,-3089533.372172725,300.4797856657199,53,5:09:46
22162500,88650.00001622537,-3629427.662900375,-3091064.798591688,300.8312657318237,53,5:08:25
22175000,88700.00001623556,-3628279.3816480264,-3089000.2578540416,301.3432614859414,53,5:07:04
22187500,88750.00001624574,-3630038.8546312638,-3092462.427075184,300.3918134973,53,5:05:42
22200000,88800.00001625593,-3628238.930855848,-3089697.153739658,300.93124024697823,53,5:04:21
22212500,88850.00001626612,-3625628.5158359744,-3087068.155683111,300.9416242441191,53,5:02:59
22225000,88900.0000162763,-3627581.548260534,-3090528.4012571173,300.09941006194697,53,5:01:38
22237500,88950.00001628649,-3628507.839969529,-3089418.3583864123,301.23729149782775,53,5:00:16
22250000,89000.00001629668,-3624644.14941616,-3086405.784763511,300.76169668909773,53,4:58:55
22262500,89050.00001630686,-3629927.5494687874,-3091510.3947072597,300.8616026416069,53,4:57:33
22275000,89100.00001631705,-3629419.6989578735,-3091019.996012398,300.851850758146,53,4:56:12
22287500,89150.00001632723,-3630146.302553581,-3089743.3819891936,301.97122679944755,53,4:54:51
22300000,89200.00001633742,-3626708.859199077,-3089268.494103155,300.3157832864115,53,4:53:29
22312500,89250.0000163476,-3628445.155986648,-3088779.1382468985,301.5594535807618,53,4:52:08
22325000,89300.0000163578,-3626596.058204284,-3086598.013441046,301.7449866409993,53,4:50:46
22337500,89350.00001636798,-3627470.219089076,-3089372.8034375175,300.68293593271414,53,4:49:25
22350000,89400.00001637817,-3624050.095924208,-3084164.653939371,301.6820654430542,53,4:48:03
22362500,89450.00001638835,-3627168.461632939,-3090156.47638911,300.0764093220045,53,4:46:42
22375000,89500.00001639854,-3626802.515130149,-3087811.9375411286,301.1820250303533,53,4:45:20
22387500,89550.00001640873,-3627955.2664702535,-3087081.6749130357,302.2342325896003,53,4:43:59
22400000,89600.00001641891,-3630535.754043132,-3091320.346031623,301.3076578053015,53,4:42:38
22412500,89650.0000164291,-3627579.311525924,-3090253.6252920283,300.2517019957003,53,4:41:16
22425000,89700.00001643928,-3631308.647358382,-3092397.8289243747,301.13745648904603,53,4:39:55
22437500,89750.00001644947,-3630001.2127177566,-3091546.273600882,300.8827161250905,53,4:38:33
22450000,89800.00001645966,-3626083.665189745,-3086186.145509799,301.688814326656,53,4:37:12
22462500,89850.00001646984,-3629380.9433186967,-3090482.487370501,301.13054846752203,53,4:35:50
22475000,89900.00001648003,-3628361.2318747155,-3089867.9466925114,300.90414348595397,53,4:34:29
22487500,89950.00001649022,-3630721.567197753,-3092645.2164326813,300.6711651051101,53,4:33:08
22500000,90000.0000165004,-3629877.367052419,-3090348.130943752,301.4830215050461,53,4:31:46
22512500,90050.00001651059,-3631230.6580719166,-3091250.282420355,301.73511333512624,53,4:30:25
22525000,90100.00001652077,-3630534.305944454,-3090331.71681616,301.8592837894793,53,4:29:03
22537500,90150.00001653096,-3632225.247450363,-3092391.272665937,301.6533061357733,53,4:27:42
22550000,90200.00001654115,-3627467.18417901,-3089420.8944993746,300.65436730017086,53,4:26:20
22562500,90250.00001655133,-3629449.505612757,-3090433.476531407,301.1962470452059,53,4:24:59
22575000,90300.00001656152,-3626783.582420351,-3087772.3786865147,301.1935506939225,53,4:23:37
22587500,90350.0000165717,-3628583.9621053953,-3088885.716225461,301.57746231213395,53,4:22:16
22600000,90400.0000165819,-3629942.790505618,-3091932.5701432396,300.63421216116717,53,4:20:55
22612500,90450.00001659208,-3629251.5175892897,-3091337.119850225,300.58066752990044,53,4:19:33
22625000,90500.00001660227,-3627484.2742105704,-3086730.0344194146,302.16754013134926,53,4:18:12
22637500,90550.00001661245,-3631152.2346319463,-3093095.5893120477,300.6601539184063,53,4:16:50
22650000,90600.00001662264,-3631960.617739329,-3093300.113848826,300.9975834666929,53,4:15:29
22662500,90650.00001663282,-3627089.65983741,-3087694.1354627674,301.40830485414654,53,4:14:07
22675000,90700.00001664301,-3628611.0130391736,-3089036.148370264,301.5085182442182,53,4:12:46
22687500,90750.0000166532,-3627900.4531420507,-3089377.1119714025,300.92093844274933,53,4:11:24
22700000,90800.00001666338,-3631523.6346525103,-3093383.517360196,300.7067971413693,53,4:10:03
22712500,90850.00001667357,-3627062.067715183,-3087401.003890767,301.5566853871902,53,4:08:41
22725000,90900.00001668376,-3630066.6360383425,-3091073.5386284348,301.18343307863677,53,4:07:20
22737500,90950.00001669394,-3627968.959912231,-3091897.33421797,299.550946716216,53,4:05:59
22750000,91000.00001670413,-3628442.509944493,-3088575.6612871173,301.67167569553425,53,4:04:37
22762500,91050.00001671432,-3628170.16144925,-3088890.140025785,301.34376307145305,53,4:03:16
22775000,91100.0000167245,-3631270.156171307,-3093118.6186053874,300.7131786650432,53,4:01:54
22787500,91150.00001673469,-3631246.241634015,-3093674.7686163653,300.38904495554897,53,4:00:33
22800000,91200.00001674487,-3626289.935494488,-3088034.4579943274,300.77125916065444,53,3:59:11
22812500,91250.00001675506,-3630286.6803460494,-3091875.6327456525,300.8581900269286,53,3:57:50
22825000,91300.00001676525,-3627719.452044511,-3090309.5665324773,300.29875162912646,53,3:56:28
22837500,91350.00001677543,-3628705.951237088,-3090770.2609825428,300.59256555409064,53,3:55:07
22850000,91400.00001678562,-3632728.510431079,-3092266.9970000945,302.0039678508646,53,3:53:45
22862500,91450.0000167958,-3629307.102845773,-3092227.623505645,300.114124282982,53,3:52:24
22875000,91500.00001680599,-3633041.59310909,-3092158.969570258,302.23927956189556,53,3:51:03
22887500,91550.00001681618,-3628664.8928153664,-3088882.20459346,301.6246477669654,53,3:49:41
22900000,91600.00001682637,-3629582.168536663,-3090749.1934041237,301.09395850569325,53,3:48:20
22912500,91650.00001683655,-3623476.3919046167,-3084446.9433709686,301.20374568801327,53,3:46:58
22925000,91700.00001684674,-3630618.8547350317,-3090085.0796591877,302.04434686570386,53,3:45:37
22937500,91750.00001685692,-3633185.802206343,-3096154.279428692,300.0873266816863,53,3:44:15
22950000,91800.00001686711,-3630824.379453063,-3093575.8106507687,300.20860962047027,53,3:42:54
22962500,91850.0000168773,-3628179.931868283,-3089045.631246115,301.26233588543454,53,3:41:32
22975000,91900.00001688748,-3630452.780998582,-3090523.037866744,301.70682043826145,53,3:40:11
22987500,91950.00001689767,-3626106.4892612435,-3087756.3316757632,300.8241653542174,53,3:38:49
23000000,92000.00001690786,-3625932.0976847764,-3087391.978487493,300.93031382007166,53,3:37:28
23012500,92050.00001691804,-3627673.0758017767,-3090971.9492604383,299.90270488744255,53,3:36:06
23025000,92100.00001692823,-3627041.8560498394,-3088288.619220105,301.04940161637114,53,3:34:45
23037500,92150.00001693841,-3629215.65961859,-3088203.7430278277,302.31152710168925,53,3:33:23
23050000,92200.0000169486,-3629137.727557637,-3092314.2349415305,299.9710817083481,53,3:32:02
23062500,92250.00001695879,-3630481.9943145867,-3092354.4961886993,300.69974568953194,53,3:30:40
23075000,92300.00001696897,-3625478.6236443035,-3088116.8271423783,300.2718800175465,53,3:29:19
23087500,92350.00001697916,-3628953.9659580793,-3090849.0912038023,300.68710399752865,53,3:27:57
23100000,92400.00001698935,-3625660.556102542,-3086865.426088532,301.0728110684095,53,3:26:36
23112500,92450.00001699953,-3629020.6987187956,-3088453.209102399,302.06318618130365,53,3:25:14
23125000,92500.00001700972,-3631998.349566927,-3093397.546090984,300.964223529618,53,3:23:53
23137500,92550.0000170199,-3626034.9637752213,-3088407.8025265504,300.4201629284537,53,3:22:31
23150000,92600.00001703009,-3628913.665993858,-3089676.900665716,301.31959203966534,53,3:21:10
23162500,92650.00001704028,-3629638.482531676,-3091793.9399295,300.5416332453291,53,3:19:48
23175000,92700.00001705046,-3629735.812221192,-3092442.4233357403,300.23365459151165,53,3:18:27
23187500,92750.00001706065,-3628940.036107173,-3090345.7492467836,300.9605821162978,53,3:17:05
23200000,92800.00001707084,-3627632.076519532,-3088110.940687994,301.4784951590015,53,3:15:43
23212500,92850.00001708102,-3630810.2995855436,-3091740.6724693617,301.2261970393976,53,3:14:22
23225000,92900.00001709121,-3630064.3525570873,-3091636.8980579474,300.86735802205374,53,3:13:00
23237500,92950.0000171014,-3627748.2704370115,-3088179.9399486165,301.50486701579035,53,3:11:39
23250000,93000.00001711158,-3629554.748688828,-3092531.5249890042,300.08268924799125,53,3:10:17
23262500,93050.00001712177,-3627605.115065044,-3089898.421161942,300.4646049037192,53,3:08:56
23275000,93100.00001713196,-3629844.151348956,-3090955.2480384777,301.1252105583048,53,3:07:34
23287500,93150.00001714214,-3630146.1617069542,-3091506.58138534,300.9858916058128,53,3:06:13
23300000,93200.00001715233,-3625689.021829348,-3087709.143494517,300.61725736885694,53,3:04:51
23312500,93250.00001716251,-3629312.5289324895,-3090807.4638015926,300.91072599212276,53,3:03:29
23325000,93300.0000171727,-3633016.681555059,-3093679.07274774,301.3759422701377,53,3:02:08
23337500,93350.00001718289,-3628635.0324730705,-3090577.5859367903,300.6606016293353,53,3:00:46
23350000,93400.00001719307,-3626965.583937075,-3089976.5404398497,300.06358972554557,53,2:59:25
23362500,93450.00001720326,-3629695.19038146,-3090712.8654024256,301.17741356237815,53,2:58:03
23375000,93500.00001721345,-3629608.9915663563,-3090988.9378688214,300.9749803423756,53,2:56:42
23387500,93550.00001722363,-3626650.405810347,-3088935.072821133,300.46943233031607,53,2:55:20
23400000,93600.00001723382,-3628753.2599717844,-3090513.991603571,300.7622016754464,53,2:53:59
23412500,93650.000017244,-3627808.391122831,-3089877.7494664267,300.58974445280444,53,2:52:37
23425000,93700.00001725419,-3628666.1205429323,-3089929.6727206055,301.0400201031139,53,2:51:16
23437500,93750.00001726438,-3629091.303219836,-3091556.207201591,300.36871788713495,53,2:49:54
23450000,93800.00001727456,-3627435.979406817,-3086811.6010395875,302.0949749915161,53,2:48:33
23462500,93850.00001728475,-3627559.6858380865,-3087720.7185446043,301.65609589509404,53,2:47:11
23475000,93900.00001729494,-3627434.02581433,-3089852.7257550377,300.39453619867123,53,2:45:50
23487500,93950.00001730512,-3629920.9626966026,-3092734.449942649,300.17393338106706,53,2:44:28
23500000,94000.00001731531,-3631943.3631558344,-3092669.9588149907,301.34006551823705,53,2:43:06
23512500,94050.0000173255,-3630472.32492207,-3091152.307143966,301.36611259588784,53,2:41:45
23525000,94100.00001733568,-3631404.2273729257,-3094594.0656172954,299.9636325696795,53,2:40:23
23537500,94150.00001734587,-3630049.185749568,-3090458.970344442,301.5170960673039,53,2:39:02
23550000,94200.00001735605,-3631490.842635583,-3095259.274672147,299.64032070255456,53,2:37:40
23562500,94250.00001736624,-3626070.523130646,-3088545.663940035,300.362997660094,53,2:36:19
23575000,94300.00001737643,-3628968.404836703,-3090813.765454231,300.71491192612314,53,2:34:57
23587500,94350.00001738661,-3626933.771563068,-3088136.8974171397,301.0737856702018,53,2:33:36
23600000,94400.0000173968,-3629595.686864808,-3091757.590169725,300.5380313431212,53,2:32:14
23612500,94450.00001740699,-3628496.1323327795,-3091636.387756125,299.9913389064201,53,2:30:53
23625000,94500.00001741717,-3627267.682937039,-3088890.820639943,300.8390876542665,53,2:29:31
23637500,94550.00001742736,-3630656.897584144,-3091556.311476588,301.24349658432993,53,2:28:10
23650000,94600.00001743755,-3629198.6972079407,-3092135.671294358,300.1049302886309,53,2:26:48
23662500,94650.00001744773,-3629668.231219534,-3089881.508364128,301.62690227592765,53,2:25:26
23675000,94700.00001745792,-3628737.988775965,-3088967.141688533,301.61803107085234,53,2:24:05
23687500,94750.0000174681,-3628849.471487915,-3089706.7344118385,301.26705008337774,53,2:22:43
23700000,94800.00001747829,-3629537.2175798304,-3091073.99963274,300.8873422446425,53,2:21:22
23712500,94850.00001748848,-3631042.430306401,-3093679.873378305,300.2723049353531,53,2:20:00
23725000,94900.00001749866,-3629664.845747305,-3089950.37530938,301.5865284172463,53,2:18:39
23737500,94950.00001750885,-3631159.933109751,-3093264.844362773,300.5698778768346,53,2:17:17
23750000,95000.00001751904,-3628946.4290783387,-3090055.19577262,301.12651253409814,53,2:15:56
23762500,95050.00001752922,-3628390.8594202287,-3088723.8119415203,301.5600289876015,53,2:14:34
23775000,95100.00001753941,-3628194.257604627,-3088976.0542669706,301.30921980290356,53,2:13:13
23787500,95150.0000175496,-3626812.0358445477,-3090462.488128086,299.706246494964,53,2:11:51
23800000,95200.00001755978,-3630928.5329611767,-3092218.5910427896,301.0252088946146,53,2:10:30
23812500,95250.00001756997,-3630447.114189388,-3092409.676666394,300.6494208120987,53,2:09:08
23825000,95300.00001758015,-3628861.9836317673,-3091721.200422995,300.1483802126183,53,2:07:46
23837500,95350.00001759034,-3628942.426612776,-3089542.8993212115,301.410541640233,53,2:06:25
23850000,95400.00001760053,-3630092.2761586327,-3091924.731571904,300.72212321276334,53,2:05:03
23862500,95450.00001761071,-3629513.799383981,-3091103.8058033036,300.857601052266,53,2:03:42
23875000,95500.0000176209,-3630514.2859922815,-3093959.3996419976,299.820987472122,53,2:02:20
23887500,95550.00001763109,-3629138.568267463,-3092652.3309089816,299.78262716819995,53,2:00:59
23900000,95600.00001764127,-3628528.4507831708,-3090456.9200788047,300.66847170803686,53,1:59:37
23912500,95650.00001765146,-3630554.3177601565,-3091338.782312968,301.307729014962,53,1:58:16
23925000,95700.00001766164,-3627809.02412864,-3089882.0275061177,300.5877076478368,53,1:56:54
23937500,95750.00001767183,-3628192.1391967814,-3090782.6808569655,300.2985129299747,53,1:55:32
23950000,95800.00001768202,-3629797.6633543037,-3089305.7351361746,302.02096330043986,53,1:54:11
23962500,95850.0000176922,-3630378.084111169,-3092761.023699549,300.4145186914599,53,1:52:49
23975000,95900.00001770239,-3630435.522289185,-3092021.2960615954,300.85996620895185,53,1:51:28
23987500,95950.00001771258,-3632996.6890407316,-3093509.0289280177,301.4597892943647,53,1:50:06
24000000,96000.00001772276,-3628544.0697801746,-3091162.1032622796,300.28315080131756,53,1:48:45
24012500,96050.00001773295,-3625372.6210804936,-3086130.6202432183,301.32251758476446,53,1:47:23
24025000,96100.00001774314,-3629133.4425594863,-3090510.204161141,300.97675991827015,53,1:46:02
24037500,96150.00001775332,-3626257.58574822,-3088698.3165268945,300.3822256079709,53,1:44:40
24050000,96200.00001776351,-3630808.4375159442,-3092052.488681842,301.05091705467635,53,1:43:19
24062500,96250.0000177737,-3626882.32099244,-3087727.645310966,301.2737212451737,53,1:41:57
24075000,96300.00001778388,-3627080.805675637,-3087602.565155686,301.45452572920954,53,1:40:35
24087500,96350.00001779407,-3631079.363521898,-3091981.418347823,301.24202085965715,53,1:39:14
24100000,96400.00001780425,-3626405.0864858963,-3085550.40810664,302.2236641131278,53,1:37:52
24112500,96450.00001781444,-3631323.8564534504,-3093409.640852726,300.5805657529929,53,1:36:31
24125000,96500.00001782463,-3627059.058404561,-3088952.566464428,300.68800766325336,53,1:35:09
24137500,96550.00001783481,-3629239.713885905,-3089657.5968859894,301.51257076726705,53,1:33:48
24150000,96600.000017845,-3631941.6744988877,-3091961.876139478,301.7347907506013,53,1:32:26
24162500,96650.00001785519,-3630142.408239357,-3088733.400485743,302.53341728961135,53,1:31:05
24175000,96700.00001786537,-3627118.4922155235,-3091000.821659522,299.5766760801006,53,1:29:43
24187500,96750.00001787556,-3627416.9756484944,-3090222.753911361,300.1782410763432,53,1:28:21
24200000,96800.00001788574,-3628026.953301249,-3087801.3279414987,301.872156183038,53,1:27:00
24212500,96850.00001789593,-3626159.2740295194,-3087397.933058336,301.0539301217557,53,1:25:38
24225000,96900.00001790612,-3631331.863875799,-3092548.8309381786,301.06605135476036,53,1:24:17
24237500,96950.0000179163,-3630747.6586240325,-3091759.598378258,301.18061836654886,53,1:22:55
24250000,97000.00001792649,-3625102.248451313,-3084979.636969479,301.8145931575471,53,1:21:34
24262500,97050.00001793668,-3624767.607385926,-3086919.0502757295,300.54387650839396,53,1:20:12
24275000,97100.00001794686,-3628520.591897879,-3089241.729108992,301.3431156391547,53,1:18:51
24287500,97150.00001795705,-3626252.0093907993,-3086471.052053042,301.623680567881,53,1:17:29
24300000,97200.00001796724,-3627074.923021853,-3088466.8574067075,300.9682815333789,53,1:16:07
24312500,97250.00001797742,-3631483.888893312,-3092945.698692727,300.92923591786683,53,1:14:46
24325000,97300.00001798761,-3626759.519862145,-3088644.2271343367,300.69292544691064,53,1:13:24
24337500,97350.0000179978,-3627435.711206833,-3090300.459074013,300.1452895080213,53,1:12:03
24350000,97400.00001800798,-3626120.9398855045,-3086370.6718671173,301.6065317127081,53,1:10:41
24362500,97450.00001801817,-3624382.8820606247,-3087026.2220119806,300.26900982377117,53,1:09:20
24375000,97500.00001802835,-3630714.5154768545,-3090358.3236950235,301.9451152681096,53,1:07:58
24387500,97550.00001803854,-3630041.784938868,-3090672.103777102,301.3938639501473,53,1:06:37
24400000,97600.00001804873,-3627164.355469985,-3086667.202126215,302.0238830433573,53,1:05:15
24412500,97650.00001805891,-3628067.448228948,-3089261.7654663892,301.0787078285932,53,1:03:53
24425000,97700.0000180691,-3628171.760051219,-3088747.280377833,301.424484757606,53,1:02:32
24437500,97750.00001807928,-3626217.4954991806,-3089933.533662162,299.66959782464323,53,1:01:10
24450000,97800.00001808947,-3626449.7984692547,-3087562.6183173466,301.12424767618927,53,59:49
24462500,97850.00001809966,-3627751.2792924233,-3089508.8692464,300.76395721055974,53,58:27
24475000,97900.00001810984,-3630019.5806605835,-3091608.936931054,300.8579643483159,53,57:06
24487500,97950.00001812003,-3631493.978937229,-3093561.461739204,300.59079248489786,53,55:44
24500000,98000.00001813022,-3628021.851272909,-3088290.5931838765,301.5959091726178,53,54:22
24512500,98050.0000181404,-3630478.426763965,-3092089.9127523676,300.84559850457526,53,53:01
24525000,98100.00001815059,-3627502.4823010843,-3088183.2808326813,301.36565645097744,53,51:39
24537500,98150.00001816078,-3629607.2603230756,-3091943.0348783904,300.44087399479866,53,50:18
24550000,98200.00001817096,-3627899.5939709544,-3091581.819845463,299.6884917607093,53,48:56
24562500,98250.00001818115,-3630134.3432778604,-3089844.978142767,301.9077732706288,53,47:35
24575000,98300.00001819133,-3628447.1847107,-3090239.444398989,300.74458414315995,53,46:13
24587500,98350.00001820152,-3629625.038718799,-3089348.1167298546,301.9008201769929,53,44:51
24600000,98400.00001821171,-3628998.605952807,-3091051.6086946144,300.5988837837538,53,43:30
24612500,98450.0000182219,-3629910.341076523,-3090643.20917596,301.3365605473818,53,42:08
24625000,98500.00001823208,-3629300.3594090324,-3090966.0912916306,300.8152864936743,53,40:47
24637500,98550.00001824227,-3629517.6550186835,-3090218.9107360835,301.35422519985224,53,39:25
24650000,98600.00001825245,-3628435.884005146,-3090414.824376925,300.64026902407375,53,38:04
24662500,98650.00001826264,-3624580.7057251856,-3086696.65914357,300.56370763590104,53,36:42
24675000,98700.00001827283,-3633504.5187626444,-3096082.010272596,300.3058052108372,53,35:21
24687500,98750.00001828301,-3629665.543587094,-3091606.548469733,300.6614669594642,53,33:59
24700000,98800.0000182932,-3630494.821309557,-3094027.01026168,299.7723307478684,53,32:37
24712500,98850.00001830338,-3631145.295687489,-3093114.5878020627,300.6456603644125,53,31:16
24725000,98900.00001831357,-3630202.4480789136,-3091203.709989331,301.18658502859205,53,29:54
24737500,98950.00001832376,-3630121.5703640953,-3089157.7991654985,302.28462398443423,53,28:33
24750000,99000.00001833394,-3627911.491559468,-3089066.4212640706,301.1007171500818,53,27:11
24762500,99050.00001834413,-3628605.1917711943,-3088633.317051121,301.73036310781845,53,25:49
24775000,99100.00001835432,-3629403.863290731,-3090842.698476359,300.9420738801475,53,24:28
24787500,99150.0000183645,-3630020.4778638296,-3092024.784421353,300.62609467760564,53,23:06
24800000,99200.00001837469,-3628729.8830147292,-3090606.0722835977,300.69768521377256,53,21:45
24812500,99250.00001838488,-3626829.0933382306,-3087997.178199561,301.0933661927412,53,20:23
24825000,99300.00001839506,-3628811.6603522785,-3090921.8789514457,300.5669121900008,53,19:02
24837500,99350.00001840525,-3628571.2070977036,-3091061.7652479378,300.3543826190721,53,17:40
24850000,99400.00001841543,-3629526.3446314577,-3091877.1914704554,300.43245176793585,53,16:18
24862500,99450.00001842562,-3631064.3841886353,-3090017.2337694443,302.3312153786963,53,14:57
24875000,99500.0000184358,-3628386.6317727827,-3090533.7562738676,300.5462895766613,53,13:35
24887500,99550.000018446,-3629410.257531425,-3092087.020200412,300.2503335756204,53,12:14
24900000,99600.00001845618,-3630074.4241966773,-3091332.19871635,301.0432485950559,53,10:52
24912500,99650.00001846637,-3629107.852043962,-3090932.363329434,300.7265623042747,53,9:31
24925000,99700.00001847655,-3628602.7094712537,-3090445.604549557,300.7162896424084,53,8:09
24937500,99750.00001848674,-3628852.4412251078,-3087537.210350061,302.48101579807826,53,6:47
24950000,99800.00001849692,-3628372.253166219,-3091169.104483893,300.18322935543796,53,5:26
24962500,99850.00001850711,-3629389.1417336054,-3089065.4477497716,301.9269558549087,53,4:04
24975000,99900.0000185173,-3629174.83089043,-3091869.308056904,300.2404349086538,53,2:43
24987500,99950.00001852748,-3633376.613753155,-3095206.0528006232,300.72380872490123,52.9,1:21
25000000,100000.00001853767,-3628160.7469620723,-3087842.8562041284,301.9237130759106,52.9,0:00
25012500,100050.00001854786,-3629553.539885631,-3091512.549736953,300.6514059803783,52.9,23:58:39
25025000,100100.00001855804,-3628345.908152355,-3089114.751841641,301.3164577822262,52.9,23:57:17
