chunk,ligand,zinc_id,smiles,molecular_weight,logp,hydrogen_bond_acceptors,hydrogen_bond_donors,lipinski,qed,stereo_centers,tpsa,ames,bbb_martins,bioavailability_ma,cyp1a2_veith,cyp2c19_veith,cyp2c9_substrate_carbonmangels,cyp2c9_veith,cyp2d6_substrate_carbonmangels,cyp2d6_veith,cyp3a4_substrate_carbonmangels,cyp3a4_veith,carcinogens_lagunin,clintox,dili,hia_hou,nr-ar-lbd,nr-ar,nr-ahr,nr-aromatase,nr-er-lbd,nr-er,nr-ppar-gamma,pampa_ncats,pgp_broccatelli,sr-are,sr-atad5,sr-hse,sr-mmp,sr-p53,skin_reaction,herg,caco2_wang,clearance_hepatocyte_az,clearance_microsome_az,half_life_obach,hydrationfreeenergy_freesolv,ld50_zhu,lipophilicity_astrazeneca,ppbr_az,solubility_aqsoldb,vdss_lombardo,molecular_weight_drugbank_approved_percentile,logp_drugbank_approved_percentile,hydrogen_bond_acceptors_drugbank_approved_percentile,hydrogen_bond_donors_drugbank_approved_percentile,lipinski_drugbank_approved_percentile,qed_drugbank_approved_percentile,stereo_centers_drugbank_approved_percentile,tpsa_drugbank_approved_percentile,ames_drugbank_approved_percentile,bbb_martins_drugbank_approved_percentile,bioavailability_ma_drugbank_approved_percentile,cyp1a2_veith_drugbank_approved_percentile,cyp2c19_veith_drugbank_approved_percentile,cyp2c9_substrate_carbonmangels_drugbank_approved_percentile,cyp2c9_veith_drugbank_approved_percentile,cyp2d6_substrate_carbonmangels_drugbank_approved_percentile,cyp2d6_veith_drugbank_approved_percentile,cyp3a4_substrate_carbonmangels_drugbank_approved_percentile,cyp3a4_veith_drugbank_approved_percentile,carcinogens_lagunin_drugbank_approved_percentile,clintox_drugbank_approved_percentile,dili_drugbank_approved_percentile,hia_hou_drugbank_approved_percentile,nr-ar-lbd_drugbank_approved_percentile,nr-ar_drugbank_approved_percentile,nr-ahr_drugbank_approved_percentile,nr-aromatase_drugbank_approved_percentile,nr-er-lbd_drugbank_approved_percentile,nr-er_drugbank_approved_percentile,nr-ppar-gamma_drugbank_approved_percentile,pampa_ncats_drugbank_approved_percentile,pgp_broccatelli_drugbank_approved_percentile,sr-are_drugbank_approved_percentile,sr-atad5_drugbank_approved_percentile,sr-hse_drugbank_approved_percentile,sr-mmp_drugbank_approved_percentile,sr-p53_drugbank_approved_percentile,skin_reaction_drugbank_approved_percentile,herg_drugbank_approved_percentile,caco2_wang_drugbank_approved_percentile,clearance_hepatocyte_az_drugbank_approved_percentile,clearance_microsome_az_drugbank_approved_percentile,half_life_obach_drugbank_approved_percentile,hydrationfreeenergy_freesolv_drugbank_approved_percentile,ld50_zhu_drugbank_approved_percentile,lipophilicity_astrazeneca_drugbank_approved_percentile,ppbr_az_drugbank_approved_percentile,solubility_aqsoldb_drugbank_approved_percentile,vdss_lombardo_drugbank_approved_percentile,hard_penalty,soft_penalty,tier
1,lig_00001925,ZINC000823826077_1,Brc1ccc([C@@H]([NH2+]Cc2ccc(-c3nn[n-]n3)cc2)C2CC2)cc1,384.281,2.473,3,1,4,0.709106894,1,69.38,0.470859268,0.835172784,0.844298053,0.333988489,0.444343898,0.214319961,0.085818603,0.280455112,0.622968757,0.565275961,0.412450299,0.169979089,0.060525855,0.450138938,0.983992875,0.011082876,0.017751369,0.127024275,0.12521623,0.03046955,0.104198303,0.017053539,0.711911678,0.324040307,0.250734131,0.018305737,0.069240142,0.076716425,0.013286957,0.610586813,0.404459566,-5.559409016,45.19211343,22.77298423,-22.69159998,-8.902129624,2.619510742,1.451154451,84.00963745,-2.405694776,-3.884662699,61.53547887,52.65606824,31.17487398,36.68088406,63.80379992,76.3861962,54.80806514,45.87049244,80.45754168,59.44164405,59.36409461,77.58821249,81.46568437,64.83132997,62.93136875,73.12911981,88.75533152,57.03761148,76.89026755,53.08259015,40.75222955,51.02753005,37.76657619,50.7173323,41.17875145,74.99030632,77.31678945,65.14152772,57.61923226,68.98022489,47.26638232,67.62310973,66.69251648,66.49864288,79.79837146,60.13958899,42.72974021,67.31291198,58.62737495,21.5587437,58.35595192,55.71927104,6.708026367,57.65800698,56.14579294,49.70918961,62.19464909,62.31097325,12.48545948,0,0,1
1,lig_00000569,ZINC000640949294_1,Brc1cc(Cn2cc(C3CC[NH2+]CC3)nn2)c2ncccc2c1,373.278,2.0779,4,1,4,0.764901952,0,60.21,0.279742109,0.781469512,0.662575018,0.043381055,0.078402655,0.053374983,0.009987369,0.287727678,0.303488892,0.509913158,0.133807956,0.03722598,0.037178583,0.290649411,0.979177141,0.004053376,0.014094437,0.113394527,0.023548083,0.012044825,0.110394596,0.000588761,0.69250716,0.096971373,0.043614769,0.001807961,0.009075295,0.002880525,0.004477854,0.622703671,0.482609153,-5.237981658,17.85795677,13.31063346,-22.46651577,-11.35253446,2.578950421,0.999177626,63.92967493,-1.391249649,-1.150753914,59.17022102,46.76231097,46.47150058,36.68088406,63.80379992,83.94726638,22.48933695,38.38697169,63.97828616,54.09073284,31.32997286,50.29081039,45.13377278,19.38735944,30.05040713,73.74951532,78.75145405,52.03567274,59.36409461,15.62621171,30.5932532,39.39511439,36.06048856,28.03412175,33.81155487,73.63319116,49.12756883,40.28693292,60.17836371,20.35672741,45.87049244,50.98875533,28.18922063,31.25242342,41.83792168,21.86894145,26.90965491,68.39860411,62.58239628,34.78092284,30.5932532,44.12563009,6.785575805,32.95851105,53.81930981,42.26444358,35.82784025,77.70453664,27.06475378,0,0,1
1,lig_00000700,ZINC000520206376_1,Brc1cc2c(s1)CC[C@@H]2[NH2+]CCc1nnnn1-c1ccccc1,391.318,2.2797,5,1,4,0.726163918,1,60.21,0.425870574,0.943450236,0.66129421,0.657746702,0.69560492,0.132108045,0.074150386,0.258860525,0.70930959,0.756127429,0.625123966,0.10968467,0.021436752,0.462065658,0.998064661,0.020757022,0.021837727,0.096021108,0.197745052,0.057242985,0.137440792,0.0302846,0.897961569,0.562333393,0.297225264,0.018109645,0.041250669,0.078432769,0.027097869,0.638045126,0.429256576,-5.555941523,83.54778096,45.05919761,-16.40855774,-8.839085025,2.675207313,1.500577712,82.22237835,-2.030827885,-10.72754877,63.43544009,49.43776658,59.11205894,36.68088406,63.80379992,78.32493214,54.80806514,38.38697169,78.01473439,74.79643273,31.2136487,87.59208996,90.84916634,45.32764637,60.29468786,71.34548275,90.73284219,81.69833269,84.25746413,40.59713067,19.89143079,51.88057387,58.62737495,67.81698333,47.69290423,71.30670803,85.26560682,79.33307484,67.62310973,77.35556417,66.5374176,78.16983327,71.11283443,66.30476929,71.77200465,60.41101202,54.207057,69.94959287,60.13958899,21.63629314,84.29623885,74.48623497,11.01202016,58.16207832,60.44978674,50.44590927,59.28654517,68.90267546,0.930593253,0,0,1
1,lig_00003097,ZINC001602681992_1,Brc1cccc(C2([NH2+]Cc3cccc(-c4nn[n-]n4)c3)CCC2)c1,384.281,2.4011,3,1,4,0.733658797,0,69.38,0.472744265,0.891931736,0.749758446,0.291757555,0.517756933,0.144176163,0.051517732,0.20223774,0.703137672,0.547591025,0.513657945,0.09350569,0.047703219,0.324081105,0.995005751,0.008352506,0.015254364,0.087036012,0.143530068,0.034810625,0.105445445,0.009570587,0.781801569,0.25237686,0.234429741,0.005571886,0.056522532,0.055224224,0.009738001,0.653235328,0.312497792,-5.433778241,59.14622798,39.44050137,-21.67943817,-9.235779702,2.599580687,1.403033666,83.47092552,-2.378716078,-5.813640042,61.53547887,51.37650252,31.17487398,36.68088406,63.80379992,79.60449787,22.48933695,45.87049244,80.69019,66.34354401,42.9236138,75.45560295,84.64521132,49.16634354,54.28460644,66.22721985,90.50019387,55.79682047,80.41876696,35.47886778,35.05234587,41.87669639,48.50717332,43.03993796,36.37068631,69.36797208,79.60449787,68.47615355,58.12330361,60.5661109,52.46219465,63.97828616,64.94765413,47.34393176,76.65761923,55.13765025,37.378829,71.50058162,51.76424971,25.90151221,69.83326871,70.37611477,7.250872431,54.47848003,54.78867778,48.85614579,61.10895696,62.54362156,6.359053897,0,0,1
1,lig_00000866,ZINC001588321543_1,Brc1ccc(-c2nn[n-]n2)cc1C[NH2+]C1CCC2(CC1)CC2,362.275,2.0445,3,1,4,0.90392828,0,69.38,0.427075484,0.810893965,0.715685272,0.074191324,0.069354507,0.116163836,0.008637312,0.295582831,0.354330653,0.560794181,0.061639957,0.112796055,0.03656682,0.298989413,0.923255527,0.013210515,0.041438191,0.058295731,0.038953305,0.049677885,0.145880903,0.003754745,0.560256112,0.092897231,0.134337038,0.005452453,0.018737129,0.013173852,0.009015383,0.642408508,0.264898829,-5.270592904,26.62512207,16.59606047,-2.594475232,-8.63323257,2.590436227,0.908798798,69.70507769,-2.019768767,4.305324089,56.57231485,46.33578907,31.17487398,36.68088406,63.80379992,99.1857309,22.48933695,45.87049244,78.05350911,56.80496316,38.65839473,56.41721598,43.58278402,41.10120202,28.5381931,74.29236138,81.46568437,56.76618845,49.55409073,41.29507561,30.28305545,39.93796045,27.87902288,56.02946879,68.35982939,63.43544009,56.64986429,76.69639395,69.63939511,45.25009694,36.9523071,50.44590927,51.26017836,46.99495929,56.41721598,36.60333463,36.02171384,70.68631252,48.19697557,33.15238465,40.09305933,48.62349748,31.79526948,59.98449011,54.47848003,40.75222955,43.38891043,69.01899961,70.41488949,0,0,1
1,lig_00000869,ZINC001588320882_1,Brc1ccc(-c2nn[n-]n2)cc1C[NH2+]CC1(c2ccccc2)CCC1,398.308,2.4436,3,1,4,0.692739598,0,69.38,0.496899271,0.857646942,0.670879436,0.369449639,0.642132121,0.13982979,0.120288285,0.194278464,0.82485019,0.561622941,0.68073864,0.120026489,0.061905365,0.320542398,0.986020696,0.011673124,0.013573407,0.10235046,0.171259226,0.050421425,0.10786617,0.031047353,0.741620314,0.375523603,0.404625636,0.018740994,0.10838732,0.104334353,0.020448717,0.665163887,0.446486771,-5.402189575,56.41204252,41.79002027,-34.37564519,-8.862695336,2.668306489,1.479550212,85.58427002,-2.572548087,-4.201220411,64.87010469,52.22954634,31.17487398,36.68088406,63.80379992,73.67196588,22.48933695,45.87049244,82.43505235,62.15587437,32.26056611,78.90655293,89.10430399,48.15820085,68.51492827,65.21907716,93.71849554,56.84373788,86.46762311,42.96238852,40.98487786,41.60527336,38.85226832,52.46219465,32.68708802,72.15975184,82.62892594,77.08414114,59.01512214,77.66576192,49.16634354,70.0271423,78.24738271,66.92516479,85.69212873,64.21093447,49.39899186,72.50872431,61.1865064,27.06475378,67.70065917,72.39240016,2.326483133,57.96820473,59.98449011,50.01938736,64.79255525,59.5579682,11.16711904,0,0,1
1,lig_00001995,ZINC000823827184_1,Brc1ccc([C@H]([NH2+]Cc2cccc(-c3nn[n-]n3)c2)C2CC2)cc1,384.281,2.473,3,1,4,0.709106894,1,69.38,0.446388063,0.868739641,0.836188316,0.421528405,0.568162423,0.173446772,0.088166312,0.254149921,0.775205493,0.544603038,0.704920971,0.124369819,0.068409538,0.343599531,0.996985877,0.008668409,0.013442721,0.127023657,0.128634521,0.028192018,0.095201849,0.010987303,0.749650407,0.257980581,0.220164181,0.010953869,0.060882965,0.056889569,0.009656595,0.60984441,0.397374526,-5.543627808,50.76135228,24.97030524,-19.73085141,-8.949986904,2.642151215,1.453729837,84.38007508,-2.410489069,-2.899140244,61.53547887,52.65606824,31.17487398,36.68088406,63.80379992,76.3861962,54.80806514,45.87049244,79.29430012,63.35789066,57.92943001,80.96161303,86.54517255,56.10701822,63.47421481,70.95773556,92.71035285,55.48662272,87.51454052,43.81543234,42.84606437,43.23381155,53.70298565,44.04808065,32.29934083,74.99030632,77.89841024,63.16401706,53.23768903,62.27219853,49.67041489,64.24970919,63.62931369,57.03761148,77.97595967,55.52539744,37.06863125,67.19658782,58.23962776,21.90771617,62.69872043,57.34780923,8.375339279,57.30903451,57.73555642,49.74796433,62.77626987,62.27219853,16.75067856,0,0,1
1,lig_00000995,ZINC000477439824_1,Brc1ccc(-c2nnc(C[NH2+]C3(c4ccccc4)CC3)o2)o1,361.219,2.8448,4,1,4,0.758901246,0,68.67,0.422947043,0.926784611,0.860562253,0.932299805,0.788884032,0.178438669,0.113183658,0.353691363,0.728210521,0.591920686,0.343985051,0.082955108,0.00704077,0.363767773,0.998736107,0.011476056,0.01970171,0.274646309,0.129455845,0.030378377,0.264390869,0.006282697,0.949319422,0.180716103,0.243128133,0.020472574,0.071010374,0.127342848,0.005267525,0.726374006,0.447943056,-5.17287966,79.60669327,24.59425119,4.698322983,-8.516169315,2.665124202,2.474386321,94.75524155,-3.472742869,-4.721162506,56.22334238,59.51919349,46.47150058,36.68088406,63.80379992,83.24932144,22.48933695,45.25009694,77.78208608,71.4618069,62.58239628,96.39395114,94.06746801,57.23148507,67.39046142,77.85963552,91.35323769,59.98449011,73.98216363,32.22179139,9.848778596,44.552152,63.35789066,51.9581233,44.3582784,86.00232648,77.97595967,65.06397829,86.15742536,54.36215587,79.52694843,59.86816596,65.99457154,68.20473052,80.26366809,66.7312912,28.77084141,78.24738271,61.22528112,38.34819698,82.24117875,57.0763862,46.06436603,61.34160527,59.82939124,69.6006204,82.31872819,41.83792168,9.693679721,0,0,1
1,lig_00003111,ZINC000173283029_1,Brc1cccc(C2([NH2+]Cc3nnc(-c4ccco4)o3)CCC2)c1,375.246,3.2349,4,1,4,0.743573043,0,68.67,0.277153468,0.911479914,0.829473257,0.89544673,0.834497571,0.187556013,0.113036883,0.359084699,0.801112175,0.629615235,0.613375145,0.070931953,0.008223804,0.258662489,0.999345398,0.009755924,0.020294122,0.171794759,0.167652154,0.03160929,0.268723007,0.005538739,0.954906034,0.254336846,0.243506241,0.009026298,0.064624074,0.130306076,0.003848416,0.637165982,0.475919384,-5.286818274,78.27284587,31.44351623,14.17921936,-8.611761787,2.701824798,2.550362765,95.97741165,-3.320213678,-1.38382661,59.48041877,65.18030244,46.47150058,36.68088406,63.80379992,81.23303606,22.48933695,45.25009694,63.66808841,69.21287321,55.95191935,94.88173711,95.19193486,59.24777045,67.31291198,78.20860799,93.36952307,64.09461031,84.06359054,28.30554478,10.43039938,37.22373013,70.18224118,47.15005816,45.13377278,79.21675068,82.04730516,65.9170221,86.35129895,51.88057387,81.65955797,64.01706088,65.99457154,53.93563397,78.75145405,67.08026367,25.35866615,69.87204343,62.27219853,32.37689027,81.58200853,62.89259403,60.44978674,60.25591314,61.72935246,71.34548275,84.25746413,44.47460256,25.74641334,0,0,1
1,lig_00001004,ZINC000451465529_1,Brc1ccc(-c2nnc(C[NH2+][C@@H]3CCC34CCCC4)o2)o1,353.24,2.8783,4,1,4,0.917811432,1,68.67,0.38518464,0.772422957,0.827441049,0.720317888,0.22256626,0.154032317,0.038965163,0.416090433,0.64742952,0.558341235,0.2956827,0.056397682,0.018143397,0.289529391,0.99513737,0.060683947,0.133792284,0.111591122,0.085793281,0.129630498,0.343278262,0.005544199,0.881316876,0.109081623,0.154512271,0.020293104,0.038020762,0.043995298,0.011890005,0.626043469,0.377317134,-5.021484487,37.4593504,3.066148789,17.24585484,-7.156907046,2.646205122,1.946180551,84.29626088,-2.835620259,4.750314531,54.207057,60.06203955,46.47150058,36.68088406,63.80379992,99.80612641,54.80806514,45.25009694,74.87398216,53.23768903,55.6417216,89.87979837,66.18844513,51.37650252,50.60100814,81.54323381,89.29817759,56.72741373,72.15975184,22.56688639,17.72004653,39.35633967,48.73982164,86.62272199,89.10430399,73.32299341,70.53121365,90.18999612,90.53896859,51.88057387,63.82318728,52.73361768,54.71112834,68.08840636,69.94959287,52.42341993,40.94610314,68.70880186,56.84373788,47.77045366,51.14385421,32.14424195,64.24970919,73.74951532,57.89065529,59.1314463,62.73749515,53.93563397,73.12911981,0,0,1
1,lig_00003070,ZINC001588322160_1,Brc1cccc(C2(C[NH2+]Cc3ccc(-c4nn[n-]n4)cc3)CCC2)c1,398.308,2.4436,3,1,4,0.692739598,0,69.38,0.430161318,0.833680356,0.701649022,0.316619813,0.573412949,0.146149608,0.107754435,0.203998175,0.822038746,0.566041714,0.595035595,0.126374127,0.072912858,0.330868885,0.982361281,0.0115891,0.015420432,0.091890212,0.182546994,0.042026099,0.101569235,0.028080456,0.718196887,0.365698653,0.35771504,0.013848905,0.102268387,0.111421369,0.019983725,0.648857814,0.474349046,-5.449735669,51.45869622,40.58577127,-33.72007706,-8.991035875,2.689533501,1.381445317,84.66711711,-2.434277712,-4.162069679,64.87010469,52.22954634,31.17487398,36.68088406,63.80379992,73.67196588,22.48933695,45.87049244,78.20860799,59.36409461,36.7584335,76.92904226,86.81659558,49.63164017,66.77006592,66.34354401,93.67972082,57.0763862,83.63706863,44.20317953,44.16440481,42.45831718,37.34005428,52.19077162,36.79720822,70.41488949,83.79216751,72.46994959,56.37844126,76.19232261,47.61535479,69.48429624,75.22295463,61.69057774,85.14928267,65.14152772,48.93369523,71.26793331,62.15587437,25.28111671,63.51298953,71.22915859,2.481582009,56.76618845,60.9926328,48.62349748,63.16401706,62.03955021,11.32221791,0,0,1
1,lig_00003086,ZINC001217741407_1,Brc1cccc(C2(Cc3nnc(C4CCOCC4)o3)CC[NH2+]CC2)c1,407.332,2.5638,4,1,4,0.846432002,0,64.76,0.057009382,0.804513597,0.576665837,0.003023678,0.03454871,0.025205363,0.007607202,0.294477952,0.472744149,0.69329319,0.031882823,0.017790308,0.011241891,0.085068162,0.901966822,0.002790527,0.02249386,0.017654005,0.022575513,0.015815328,0.120094031,0.000773776,0.77203207,0.135077429,0.073547178,0.00085335,0.011514662,0.004881823,0.003589032,0.540861264,0.413270938,-5.368248018,51.81634462,25.63706598,4.412198922,-8.172149092,2.829267997,1.318233821,66.61090575,-1.979089943,9.420288707,66.96393951,54.32338116,46.47150058,36.68088406,63.80379992,94.72663823,22.48933695,42.80728965,21.86894145,56.22334238,23.80767739,20.43427685,32.0279178,9.305932532,27.1035285,74.25358666,84.99418379,71.81077937,42.03179527,7.716169058,12.40791004,18.30166731,25.90151221,21.75261729,48.54594804,44.9786739,48.50717332,47.18883288,63.35789066,22.72198527,51.45405196,55.17642497,37.378829,21.63629314,46.18069019,25.90151221,24.4280729,61.65180302,59.24777045,28.38309422,63.78441256,57.73555642,45.21132222,64.71500582,69.63939511,47.65412951,39.39511439,69.79449399,90.26754556,0,0,1
1,lig_00001461,ZINC000170871960_1,Brc1ccc(C2([NH2+]Cc3noc(C4CCOCC4)n3)CC2)cc1,379.278,2.4788,4,1,4,0.86714025,0,64.76,0.353873086,0.956485283,0.838693178,0.117216108,0.380388036,0.051919444,0.048895788,0.432096952,0.430646151,0.692476094,0.165789345,0.025036899,0.01292688,0.177607651,0.99759469,0.002989462,0.010370143,0.108031173,0.215149859,0.027327586,0.078587866,0.001648997,0.939503539,0.089698024,0.144819972,0.003800228,0.024401541,0.04631087,0.011014273,0.68401525,0.486999387,-5.427417226,84.93182883,35.85502596,12.47210844,-9.205257028,2.90070439,2.054296428,69.77394895,-2.641123089,7.988139695,60.41101202,52.81116712,46.47150058,36.68088406,63.80379992,96.89802249,22.48933695,42.80728965,72.0822024,77.8208608,58.47227608,62.31097325,77.35556417,18.76696394,53.66421093,82.43505235,83.83094223,71.77200465,63.28034122,10.77937185,13.99767352,30.86467623,56.18456766,22.64443583,26.01783637,72.8964715,86.73904614,62.31097325,44.59092672,32.14424195,76.58006979,50.05816208,53.08259015,41.13997674,61.22528112,53.27646375,39.74408686,74.25358666,62.93136875,26.2892594,84.95540907,66.96393951,58.20085304,54.86622722,73.67196588,61.03140752,43.54400931,57.89065529,87.08801861,0,0,1
1,lig_00003098,ZINC001609018251_1,Brc1cccc(C2([NH2+]Cc3ccccc3-c3nn[n-]n3)CCC2)c1,384.281,2.4011,3,1,4,0.733658797,0,69.38,0.470029342,0.924133515,0.754297173,0.268473259,0.527428564,0.140204753,0.04192659,0.204822563,0.767715526,0.563043702,0.539781576,0.085074901,0.043659121,0.272229956,0.996566629,0.006197465,0.011542314,0.071711737,0.120388541,0.029162772,0.089517991,0.006080093,0.805885446,0.256634761,0.196005831,0.003444107,0.042416585,0.042327489,0.006237427,0.675331271,0.324777931,-5.407637812,62.11240597,42.38743582,-22.77921337,-9.197359816,2.62635868,1.385153374,83.1512591,-2.383697235,-7.06167139,61.53547887,51.37650252,31.17487398,36.68088406,63.80379992,79.60449787,22.48933695,45.87049244,80.41876696,70.99651028,43.42768515,74.29236138,84.99418379,48.19697557,51.45405196,66.45986817,92.47770454,56.8825126,81.54323381,32.95851105,33.2687088,38.34819698,52.30709577,36.71965878,28.38309422,66.69251648,76.65761923,64.24970919,50.63978286,53.50911206,55.25397441,64.17215975,60.68243505,39.58898798,72.19852656,51.91934858,31.09732454,73.47809228,52.81116712,26.87088019,71.81077937,72.81892206,6.708026367,55.0213261,56.41721598,48.70104692,60.79875921,62.50484684,4.303993796,0,0,1
1,lig_00002871,ZINC000236669732_1,Brc1cccc(-c2ccc(C[NH2+]Cc3nnc4n3CCC4)o2)c1,374.262,2.5104,4,1,4,0.746723535,0,60.46,0.49778114,0.794673264,0.857484472,0.452894637,0.215983636,0.08859726,0.014264182,0.35812757,0.175641294,0.734859347,0.156631252,0.134029041,0.00535295,0.433441144,0.992550993,0.012631722,0.019588889,0.051735263,0.058272837,0.031783114,0.186735155,0.008958948,0.823564029,0.524299243,0.153677358,0.003756661,0.02038725,0.007641743,0.003956511,0.692146468,0.316408244,-5.746084106,29.46790098,13.18590915,38.93518437,-9.146399901,2.887512549,2.127691642,81.84206755,-1.852004892,6.197113742,59.28654517,53.27646375,46.47150058,36.68088406,63.80379992,81.65955797,22.48933695,39.04614192,82.5513765,55.13765025,61.8069019,81.81465684,65.41295076,32.37689027,35.63396665,78.13105855,71.50058162,78.24738271,62.50484684,45.94804188,8.491663435,49.82551377,44.552152,54.78867778,44.08685537,61.69057774,63.97828616,66.14967041,78.05350911,59.44164405,56.99883676,76.42497092,54.55602947,40.90732842,57.61923226,30.74835207,25.59131446,75.02908104,52.03567274,16.94455215,43.58278402,44.00930593,81.62078325,55.40907328,73.01279566,62.69872043,58.9375727,71.53935634,80.84528887,0,0,1
1,lig_00003113,ZINC000533369446_1,Brc1cccc(C2([NH2+]Cc3nnnn3-c3ccccc3)CCC2)c1,385.289,2.5676,4,1,4,0.734590984,0,60.21,0.292263943,0.936912429,0.750037205,0.506347752,0.852860785,0.155359352,0.098893241,0.235511574,0.832573497,0.716737771,0.797238827,0.120114196,0.026677943,0.26881275,0.999355006,0.006649063,0.009007703,0.103836299,0.170698974,0.034318383,0.085031224,0.008889735,0.930709672,0.284709799,0.311168012,0.003667384,0.054253567,0.088019001,0.008980608,0.650849593,0.413018984,-5.31635837,78.63537566,50.40502371,-46.4169031,-8.607364084,2.62518544,1.542824542,82.0577532,-2.718013141,-5.700539767,61.8069019,54.47848003,46.47150058,36.68088406,63.80379992,79.68204731,22.48933695,38.38697169,65.56804963,73.67196588,43.07871268,83.05544785,95.6960062,51.84179915,65.10275301,69.75571927,94.02869329,75.5719271,90.61651803,42.96238852,23.73012796,37.99922451,70.33734005,38.38697169,22.87708414,72.276076,82.59015122,68.12718108,48.19697557,59.32531989,73.82706475,65.95579682,72.23730128,40.51958123,75.80457542,61.88445134,36.02171384,71.38425746,59.17022102,30.82590151,81.81465684,77.74331136,0.891818534,60.25591314,56.33966654,51.26017836,59.09267158,56.49476541,6.514152772,0,0,1
1,lig_00003631,ZINC000932374482_1,Brc1ccccc1-c1nnc(C[NH2+][C@@H](c2ccccn2)C2CC2)o1,386.273,3.1088,4,1,4,0.70704477,1,68.42,0.332732813,0.878196645,0.925841248,0.76207552,0.546187043,0.230084091,0.09752425,0.401159954,0.664279914,0.76420356,0.751304114,0.105280042,0.038359177,0.344903031,0.998918891,0.01628835,0.022006428,0.233540078,0.087032044,0.039241745,0.156793791,0.005350217,0.943505394,0.168707108,0.160365373,0.017599704,0.040939488,0.054020015,0.005419375,0.519303191,0.392902344,-5.412015416,76.13002,18.35304535,-28.71519026,-8.899816231,2.79404043,1.962999008,84.06571676,-2.967025059,4.526750775,61.96200078,63.28034122,46.47150058,36.68088406,63.80379992,76.03722373,54.80806514,45.21132222,69.6006204,64.6762311,82.08607988,91.15936409,85.65335401,67.81698333,64.83132997,80.41876696,89.56960062,82.93912369,89.33695231,39.24001551,31.2136487,43.23381155,65.21907716,61.07018224,48.0418767,83.94726638,70.91896084,71.11283443,72.15975184,51.41527724,77.58821249,58.9375727,55.6417216,65.87824738,71.57813106,55.06010081,29.23613804,59.90694067,58.12330361,26.75455603,80.57386584,50.87243117,3.993796045,57.65800698,67.39046142,59.36409461,62.31097325,51.37650252,71.69445522,0,0,1
1,lig_00003716,ZINC000519619338_1,Brc1ccccc1-n1cc(C[NH2+]C2(c3nccs3)CCCC2)nn1,405.345,3.0192,5,1,4,0.710107006,0,60.21,0.436513948,0.865398133,0.807525766,0.675559014,0.78959409,0.242409712,0.149376241,0.216538027,0.586059463,0.660394728,0.911022627,0.084615218,0.018339021,0.349827522,0.999646151,0.013454687,0.01504975,0.406087545,0.399582782,0.060490972,0.205241865,0.017109939,0.915740848,0.296982557,0.340575263,0.015808329,0.151649478,0.151974082,0.009323942,0.605400097,0.46900059,-5.44050269,58.90742081,35.11831335,-16.5653228,-8.742846712,2.312604303,1.908238181,81.46020599,-2.838899961,-0.021689408,66.34354401,62.03955021,59.11205894,36.68088406,63.80379992,76.46374564,22.48933695,38.38697169,78.51880574,63.00891819,52.19077162,88.21248546,94.06746801,69.94959287,71.69445522,67.73943389,87.86351299,68.35982939,95.46335789,32.80341218,17.72004653,43.66033346,75.84335014,56.45599069,36.02171384,90.53896859,94.76541295,80.37999225,80.57386584,69.09654905,70.41488949,66.45986817,73.98216363,63.82318728,89.25940287,69.21287321,36.64210934,66.92516479,61.84567662,25.51376503,69.71694455,66.34354401,10.81814657,59.01512214,36.64210934,58.3171772,58.27840248,53.85808453,36.29313687,0,0,1
1,lig_00003735,ZINC000580863573_1,Brc1ccccc1-n1cc(C[NH2+]Cc2ccc(OC3CCCC3)nc2)nn1,429.342,3.0098,5,1,4,0.627169828,0,69.44,0.261435251,0.630431223,0.804767144,0.462162203,0.736224484,0.232898837,0.129540119,0.264166009,0.71992712,0.773244917,0.823634231,0.112350225,0.033003996,0.317870808,0.995713389,0.005657487,0.006898343,0.129378484,0.223274124,0.034918506,0.097226547,0.02133524,0.918383074,0.362203786,0.390683067,0.007495696,0.121879929,0.070852423,0.011171696,0.375551248,0.494476771,-5.378996569,70.72732295,67.23140978,-46.88151378,-9.218440626,2.705616961,2.227219888,88.14879116,-3.013434321,4.045440037,71.77200465,61.96200078,59.11205894,36.68088406,63.80379992,64.21093447,22.48933695,45.9868166,61.88445134,40.4420318,51.49282668,82.04730516,92.47770454,68.43737883,69.44552152,71.73322993,91.08181466,84.10236526,91.50833656,41.21752617,28.18922063,41.41139977,50.01938736,34.47072509,17.99146956,75.37805351,87.12679333,68.51492827,54.207057,72.31485072,70.95773556,69.29042264,77.51066305,51.29895308,86.89414502,58.47227608,39.86041101,44.552152,63.20279178,27.84024816,77.27801473,86.19620008,0.891818534,54.59480419,62.00077549,64.63745638,70.10469174,50.44590927,68.35982939,0,0,1
1,lig_00004765,ZINC001248718246_1,Brc1cncc(-c2noc(C3CCC4(CC3)C[NH2+]C4)n2)c1,350.24,2.1151,4,1,4,0.900913855,0,68.42,0.120797955,0.69911508,0.850259745,0.796074677,0.108702268,0.078582424,0.055144896,0.454480374,0.167958623,0.538819993,0.599224567,0.014283672,0.025250061,0.364745668,0.998024201,0.031570063,0.058430213,0.444978231,0.188206145,0.062530726,0.120701118,0.000968439,0.909472775,0.008665896,0.055417746,0.022925567,0.01580048,0.030744762,0.037337676,0.409442163,0.48339946,-5.13769084,25.9394243,7.455608822,-29.04466812,-10.21264622,2.932270119,0.92621546,56.73941055,-1.753718597,4.833774186,53.5866615,47.38270648,46.47150058,36.68088406,63.80379992,99.14695618,22.48933695,45.21132222,37.80535091,46.4133385,60.68243505,92.08995735,51.10507949,28.38309422,55.25397441,83.3656456,70.80263668,55.06010081,83.71461807,6.165180302,22.68321055,44.552152,58.47227608,77.35556417,77.12291586,91.70221016,84.29623885,80.92283831,63.59053897,25.31989143,68.82512602,21.09344707,32.49321442,69.91081815,52.88871656,47.77045366,60.44978674,48.54594804,62.621171,40.40325708,39.35633967,37.65025204,3.799922451,44.24195425,75.53315238,40.82977898,28.61574254,72.93524622,73.40054285,0,0,1
1,lig_00004971,ZINC000284841137_1,Brc1cncc([C@H]([NH2+]Cc2nnc(-c3ccccc3)o2)C2CC2)c1,386.273,3.1088,4,1,4,0.70704477,1,68.42,0.167944527,0.884121978,0.912910616,0.920275247,0.741650569,0.234579656,0.33725761,0.366761866,0.796261716,0.706240523,0.94378655,0.049057154,0.044208693,0.386197883,0.999781203,0.016729585,0.023013762,0.321482515,0.17408648,0.044792986,0.150792219,0.003894313,0.966307592,0.147415049,0.165503386,0.016976532,0.056838942,0.084840762,0.00645263,0.495152587,0.459485894,-5.435613756,76.24693971,16.19771181,-25.24778322,-9.225673357,2.907633927,2.02094263,84.56304736,-3.000032333,4.060503966,61.96200078,63.28034122,46.47150058,36.68088406,63.80379992,76.03722373,54.80806514,45.21132222,47.11128344,65.37417604,77.78208608,95.8898798,92.63280341,68.67002714,84.1799147,78.6351299,93.25319891,73.94338891,97.1306708,20.1240791,33.38503296,46.80108569,80.06979449,61.96200078,49.12756883,87.86351299,83.05544785,74.21481194,71.22915859,46.06436603,86.11865064,56.64986429,56.22334238,65.21907716,76.81271811,61.45792943,31.56262117,57.27025979,61.53547887,25.8627375,80.69019,47.69290423,5.312136487,54.51725475,74.25358666,60.3722373,63.16401706,50.7173323,68.47615355,0,0,1
1,lig_00005254,ZINC001257366747_1,Brc1cnn(Cc2cccc(-c3nnc(C45CC[NH+](CC4)CC5)o3)c2)c1,415.315,2.0641,5,1,4,0.709030207,0,61.18,0.100033572,0.516030431,0.437717772,0.030098218,0.025440537,0.037358515,0.007906086,0.325943071,0.217152421,0.668309379,0.047805426,0.05201514,0.016341464,0.347697783,0.519951749,0.014380765,0.072607193,0.08975735,0.027166909,0.02993085,0.199157783,0.000923208,0.643722999,0.062454734,0.096755386,0.005971581,0.00648265,0.009441028,0.023697681,0.456459519,0.456315768,-5.308346574,17.92052661,31.39023502,-35.79297155,-9.482088279,2.592260833,1.650549603,81.52601392,-2.264569034,-2.882189603,68.67002714,46.6072121,59.11205894,36.68088406,63.80379992,76.34742148,22.48933695,39.4338891,33.42380768,31.87281892,15.78131059,46.02559131,28.15044591,13.45482745,27.37495153,76.26987204,74.75765801,68.90267546,46.4133385,21.01589763,16.55680496,43.58278402,17.33229934,57.61923226,81.89220628,69.79449399,51.3377278,64.6762311,79.75959674,24.8545948,42.03179527,45.87049244,43.19503684,48.27452501,35.67274137,32.88096161,51.64792555,53.5866615,61.45792943,31.29119814,30.5932532,62.85381931,2.09383482,51.72547499,54.55602947,53.3927879,58.3171772,64.90887941,16.828228,0,0,1
1,lig_00005255,ZINC001257379751_1,Brc1cnn(Cc2cccc(-c3nnc(C4CC[NH+](C5CC5)CC4)o3)c2)c1,429.342,2.6686,5,1,4,0.67779989,0,61.18,0.088688344,0.63074308,0.475392532,0.023184709,0.052603174,0.044887179,0.006739947,0.41490185,0.533936507,0.705144107,0.120831011,0.034173954,0.018418607,0.192828882,0.743896163,0.005486234,0.026600314,0.056345295,0.010942046,0.017689602,0.160623624,0.000361073,0.653657711,0.054643283,0.088500638,0.002931721,0.009135395,0.010249669,0.006293965,0.480381602,0.412444088,-5.543030839,23.50260265,12.99976097,-35.02696208,-8.805075717,2.794603404,1.987084395,76.01518886,-2.104223082,1.921504055,71.77200465,56.64986429,59.11205894,36.68088406,63.80379992,71.30670803,22.48933695,39.4338891,31.17487398,40.48080651,18.22411788,43.1174874,39.16246607,16.59557968,25.63008918,81.42690965,86.77782086,73.78829003,58.35595192,14.38542071,17.75882125,32.18301667,21.48119426,33.69523071,53.85808453,62.97014347,39.04614192,49.4765413,73.05157038,16.24660721,42.65219077,44.08685537,41.02365258,37.02985653,41.99302055,33.54013183,31.2136487,55.91314463,59.09267158,21.90771617,36.25436216,43.81543234,2.171384257,58.51105079,67.50678558,59.71306708,50.60100814,67.31291198,53.50911206,0,0,1
1,lig_00005265,ZINC001257372419_1,Brc1cnn(Cc2cccc(-c3nnc([C@H]4C[NH+]5CCC4CC5)o3)c2)c1,415.315,2.136,5,1,4,0.709614437,1,61.18,0.079474211,0.510299134,0.607427007,0.01361967,0.037006531,0.045751012,0.008962653,0.354461694,0.240319976,0.70841341,0.112566704,0.059955431,0.019376486,0.319294459,0.794981897,0.008992253,0.070104777,0.101479858,0.01438776,0.021440431,0.149629067,0.000558873,0.680962121,0.085024521,0.082645678,0.003935034,0.005898472,0.006730616,0.008261649,0.367810008,0.458198822,-5.418680734,15.96073698,28.85777763,-35.26527863,-9.36862201,2.597888091,1.611367864,83.36188468,-2.307596133,0.283890224,68.67002714,47.69290423,59.11205894,36.68088406,63.80379992,76.46374564,54.80806514,39.4338891,28.38309422,31.48507173,26.44435828,36.91353238,33.22993408,16.78945328,28.88716557,77.85963552,75.99844901,74.44746026,57.03761148,23.6138038,18.37921675,41.41139977,22.60566111,45.05622334,81.27181078,72.0822024,42.4970919,55.21519969,70.91896084,20.04652966,44.74602559,49.4765413,39.58898798,41.72159752,33.57890655,29.35246219,35.20744475,43.81543234,61.49670415,26.67700659,29.08103916,60.68243505,2.132609539,52.81116712,54.67235363,52.50096937,60.9926328,64.17215975,39.0073672,0,0,1
1,lig_00003158,ZINC001609018178_1,Brc1cccc(C2CC([NH2+]Cc3cccc(-c4nn[n-]n4)c3)C2)c1,384.281,2.2679,3,1,4,0.732919658,0,69.38,0.492070439,0.922601259,0.774190831,0.418122971,0.657223761,0.138519894,0.05688938,0.286679433,0.879230368,0.532420427,0.430038044,0.108371475,0.039051044,0.344045699,0.994405413,0.005461796,0.011470932,0.148666463,0.079010138,0.017735705,0.085818835,0.007268659,0.74209044,0.286759174,0.205681969,0.00406996,0.051889256,0.050945973,0.006547217,0.690125823,0.450958085,-5.432805653,53.12075392,27.37948117,-29.23564944,-9.138786846,2.720390534,1.256866897,82.00034253,-2.17646018,-5.635325103,61.53547887,49.2826677,31.17487398,36.68088406,63.80379992,79.44939899,22.48933695,45.87049244,81.96975572,70.88018612,46.52966266,80.88406359,89.5308259,47.77045366,55.83559519,73.59441644,95.6960062,54.28460644,77.51066305,40.2481582,31.44629701,43.23381155,47.46025591,33.65645599,28.15044591,77.43311361,69.25164793,49.63164017,48.50717332,56.22334238,49.16634354,66.14967041,62.15587437,42.65219077,75.33927879,54.28460644,31.79526948,74.60255913,61.38037999,25.90151221,65.02520357,59.63551764,3.683598294,55.40907328,62.97014347,46.37456378,59.01512214,66.49864288,6.669251648,0,0,1
1,lig_00001499,ZINC000896953839_1,Brc1ccc(C2(c3noc(CCc4[nH]cc[nH+]4)n3)CC2)cc1,360.235,2.8394,3,1,4,0.76081872,0,68.85,0.492091027,0.839108276,0.931287205,0.421728379,0.535619417,0.172827952,0.123610409,0.171441914,0.614347082,0.660279226,0.603450635,0.145369051,0.165118634,0.423729682,0.999740422,0.009719546,0.009320312,0.183570865,0.396934542,0.02827591,0.134519258,0.005533167,0.825805151,0.166295537,0.505063403,0.016253079,0.095014888,0.482159874,0.027252089,0.792695749,0.498198742,-5.514815067,74.64886845,16.83580009,-11.19714605,-10.86955873,2.995183681,2.227739414,83.64832551,-3.113845075,7.648609125,55.87436991,59.36409461,31.17487398,36.68088406,63.80379992,83.55951919,22.48933695,45.36642109,81.96975572,60.06203955,83.48196976,80.96161303,85.07173323,55.95191935,68.86390074,62.38852268,88.44513377,68.35982939,83.86971694,48.00310198,62.23342381,49.16634354,78.13105855,47.03373401,23.65257852,80.45754168,94.64908879,63.39666537,66.77006592,51.88057387,57.27025979,58.62737495,83.79216751,64.28848391,84.14113998,84.99418379,54.32338116,83.28809616,63.51298953,22.72198527,79.8759209,48.93369523,17.56494765,37.88290035,78.40248158,64.63745638,61.45792943,48.58472276,85.80845289,1,0,3
28,lig_00002239,ZINC001155139806_1,CCN1CCN(C(=O)[C@H](O)c2ccc(C(F)(F)F)cc2)C(C)(C)C1=O,358.36,2.2081,3,1,4,0.901255404,1,60.85,0.152881386,0.936903346,0.813071501,0.004164908,0.266561708,0.212968699,0.0181512,0.064682714,0.007685536,0.60035404,0.08390599,0.334755367,0.130437707,0.219832318,0.999850237,0.004397527,0.08265535,0.001434714,0.037387469,0.001660436,0.043784826,0.000464079,0.97508105,0.184525265,0.071662224,0.000165154,0.000359567,0.007442459,0.000952088,0.228117254,0.418321031,-4.639818907,31.95420154,6.49044283,-5.06378001,-11.27243325,2.278030857,1.673529513,64.07962283,-2.147873161,3.665490363,55.40907328,48.42962389,31.17487398,36.68088406,63.80379992,99.14695618,54.80806514,39.39511439,44.43582784,73.67196588,53.00504071,23.41993021,70.06591702,64.52113222,39.47266382,38.92981776,21.71384257,60.79875921,52.96626599,76.54129508,57.03761148,34.58704924,82.97789841,29.39123691,84.1799147,12.21403645,56.10701822,8.763086468,22.10158976,18.14656844,89.99612253,60.17836371,36.9523071,9.0345095,4.84683986,30.43815432,12.36913532,24.69949593,59.59674292,71.4618069,45.90926716,36.44823575,27.53005041,33.54013183,34.23807677,53.97440869,36.02171384,66.77006592,65.9170221,0,0,1
28,lig_00000095,ZINC001296809397_1,CCN1CCN(C(=O)C2CC(O)(c3cccc(Cl)c3)C2)C(C)(C)C1=O,364.873,2.4069,3,1,4,0.895485472,0,60.85,0.074350552,0.9372262,0.823984051,0.007020309,0.841498005,0.403957072,0.119672568,0.07912831,0.052388564,0.87220782,0.859115243,0.117216124,0.115914033,0.190389362,0.999983859,0.003577531,0.048173149,0.021688264,0.047987412,0.010839764,0.062302934,0.00193438,0.990058053,0.121899992,0.190347302,0.000972169,0.004358057,0.025007737,0.001810186,0.252743319,0.189407164,-4.562394988,40.35052226,19.13661587,11.0934454,-9.474175191,2.696045703,1.82267179,55.96005091,-2.547449475,1.645847052,57.11516092,51.57037611,31.17487398,36.68088406,63.80379992,98.83675843,22.48933695,39.39511439,27.02597906,73.7107406,54.94377666,29.66265995,95.50213261,87.74718883,68.39860411,42.80728965,51.26017836,96.74292361,93.2144242,42.4970919,54.59480419,31.98914308,95.23070958,25.70763862,72.00465297,48.35207445,60.17836371,37.68902675,34.47072509,34.50949981,97.44086855,53.85808453,60.06203955,23.10973245,28.26677007,44.62970143,17.4486235,29.35246219,41.25630089,76.30864676,54.05195812,51.80302443,55.87436991,51.76424971,61.45792943,56.72741373,27.76269872,59.94571539,51.37650252,0,0,1
28,lig_00000098,ZINC001529991046_1,CCN1CCN(C(=O)CCC(=O)N[C@@H](C)c2ccccc2)C(C)(C)C1=O,359.47,2.1133,3,1,4,0.845701505,1,69.72,0.138017341,0.753084266,0.623665929,0.000835443,0.152331077,0.228563452,0.012571978,0.067325196,0.01396812,0.741238856,0.336461887,0.154718614,0.119047168,0.195756385,0.995447385,0.003760766,0.02052586,0.004654052,0.006640724,0.004605281,0.034158046,0.000789339,0.949894595,0.051290928,0.090614223,0.00025564,0.001776836,0.001695773,0.001075143,0.44472599,0.167092596,-4.791314545,33.44239649,21.10064605,14.47767222,-10.5440824,2.327920453,0.787037439,49.8304499,-1.843839105,3.132856263,55.83559519,47.34393176,31.17487398,36.68088406,63.80379992,94.61031408,54.80806514,46.18069019,41.72159752,51.45405196,27.87902288,10.19775107,57.30903451,67.46801086,33.65645599,39.82163629,29.7789841,79.0616518,73.78829003,49.94183792,55.29274913,32.37689027,49.4765413,26.71578131,45.40519581,24.27297402,33.69523071,20.97712292,14.69561846,22.9934083,79.79837146,42.96238852,41.6828228,11.7099651,15.54866227,17.02210159,12.98953083,52.03567274,38.89104304,62.23342381,47.30515704,54.09073284,60.68243505,41.0624273,37.61147732,38.58084529,21.94649089,71.61690578,62.00077549,0,0,1
28,lig_00000099,ZINC000635821547_1,CCN1CCN(C(=O)CCC(=O)Nc2c(F)cccc2F)C(C)(C)C1=O,367.396,2.1528,3,1,4,0.867023681,0,69.72,0.243559165,0.93217833,0.750509596,0.001429633,0.224985908,0.376521134,0.03017332,0.057257528,0.006728899,0.828611743,0.098436195,0.264218047,0.172915298,0.450857496,0.998691297,0.003455573,0.037454861,0.003776821,0.00875854,0.001890392,0.017538997,0.000859138,0.977403486,0.091704599,0.065819643,0.00035016,0.000851662,0.001109954,0.002294386,0.220439079,0.393705264,-4.447984956,39.09818508,28.578849,-0.724905627,-10.38238158,2.561791791,1.353204753,55.09883908,-2.452306653,6.670208144,57.61923226,47.8480031,31.17487398,36.68088406,63.80379992,96.89802249,22.48933695,46.18069019,58.89879798,72.23730128,43.1174874,13.7650252,66.45986817,85.80845289,47.07250872,36.60333463,20.47305157,91.7797596,55.25397441,67.9720822,63.08646762,51.10507949,62.69872043,25.35866615,65.49050019,21.71384257,36.60333463,9.887553315,5.854982551,23.84645211,91.08181466,50.32958511,35.3237689,13.88134936,8.879410624,13.3385033,19.96898022,23.45870492,58.16207832,83.63706863,52.92749128,60.44978674,35.55641722,42.38076774,52.65606824,48.35207445,26.98720434,61.72935246,82.66770066,0,0,1
28,lig_00000157,ZINC000450815689_1,CCN1CCN(C(=O)CCc2ccc3ccccc3c2O)[C@@H](C)C1=O,340.423,2.5572,3,1,4,0.930398802,1,60.85,0.376219946,0.819320452,0.601372665,0.145034741,0.508667701,0.634130049,0.143263977,0.386257878,0.049400376,0.868156838,0.510209864,0.099766253,0.134860596,0.396412098,0.999107206,0.018812571,0.053333504,0.07761338,0.041705543,0.061815462,0.266493902,0.022787419,0.954457927,0.304483898,0.324588853,0.016099562,0.01490115,0.053608269,0.041729146,0.420637953,0.497581315,-4.851027999,83.07303474,72.86204288,0.341754087,-10.10514804,2.283179249,2.463592689,82.62421104,-3.441659757,1.49646851,51.68670027,54.12950756,31.17487398,36.68088406,63.80379992,99.96122528,54.80806514,39.39511439,74.02093835,57.73555642,25.94028693,65.60682435,84.25746413,97.67351687,70.91896084,79.60449787,50.32958511,96.47150058,80.14734393,37.14618069,57.6967817,47.42148119,67.04148895,65.18030244,74.91275688,67.77820861,57.92943001,80.72896472,86.19620008,73.24544397,81.46568437,66.65374176,73.12911981,63.97828616,51.45405196,54.98255138,62.31097325,50.05816208,63.39666537,57.85188057,84.06359054,88.36758434,37.68902675,45.40519581,34.62582396,69.29042264,60.02326483,42.38076774,49.9030632,0,0,1
28,lig_00000264,ZINC001436004151_1,CCN1CCN(C(=O)C[C@H]2C(=O)Nc3c(Br)cccc32)C(C)(C)C1=O,408.296,2.3442,3,1,4,0.835061236,1,69.72,0.210397945,0.960896575,0.64927249,0.003058112,0.305842403,0.268291257,0.026996078,0.081038645,0.011478743,0.869521081,0.402688608,0.16900675,0.120894817,0.454322711,0.999381542,0.005666371,0.062049253,0.023459051,0.020647816,0.003807021,0.050271755,0.002042681,0.973441458,0.123192912,0.173942685,0.001215082,0.003485453,0.007670595,0.011540165,0.321553707,0.363975215,-4.600595655,33.75870724,22.45811974,43.90568581,-10.52020142,2.497170303,1.971654014,73.86649859,-3.33044545,1.535620061,67.04148895,50.44590927,31.17487398,36.68088406,63.80379992,93.33074835,54.80806514,46.18069019,53.62543622,78.86777821,29.9728577,20.51182629,73.09034509,73.74951532,45.44397053,43.62155874,26.90965491,96.58782474,76.46374564,52.92749128,55.6417216,51.3377278,70.76386196,34.47072509,78.51880574,49.59286545,47.34393176,17.21597518,26.94842962,35.47886778,89.33695231,53.97440869,57.42535867,26.05661109,24.54439705,30.78712679,40.36448236,37.61147732,55.99069407,73.94338891,47.61535479,55.37029857,84.6064366,41.25630089,47.92555254,59.48041877,48.11942613,44.08685537,50.05816208,0,0,1
28,lig_00000320,ZINC000544659246_1,CCN1CCN(C(=O)NCC2(c3cccc(OC)c3)CCCC2)CC1=O,359.47,2.3807,3,1,4,0.877986423,0,61.88,0.178769772,0.979659176,0.706390572,0.067319598,0.775413728,0.550786048,0.195632116,0.497814512,0.158602405,0.823641694,0.877405,0.040126755,0.294805232,0.298363252,0.999955726,0.001912022,0.018093419,0.040333028,0.019328001,0.005320762,0.059854279,0.004314428,0.991671395,0.19725409,0.212097892,0.007586142,0.00918681,0.033960546,0.012106467,0.236341831,0.486752605,-4.460634238,68.00170565,67.22816643,-15.49960685,-10.00104372,2.878928291,2.141117663,72.03623135,-2.288296067,5.786772881,55.83559519,51.14385421,31.17487398,36.68088406,63.80379992,97.59596743,22.48933695,39.74408686,48.73982164,85.61457929,37.34005428,55.0213261,93.67972082,95.2694843,75.49437767,85.76967817,70.06591702,91.31446297,93.98991857,16.55680496,75.95967429,39.89918573,89.91857309,16.28538193,41.72159752,57.65800698,46.4133385,23.22605661,32.84218689,48.42962389,98.25513765,61.22528112,62.97014347,51.64792555,41.99302055,49.08879411,41.25630089,26.56068244,62.93136875,82.86157425,75.80457542,86.19620008,11.94261342,46.18069019,72.54749903,63.20279178,46.14191547,64.40480807,79.13920124,0,0,1
28,lig_00001125,ZINC000543478179_1,CCN1CCN(C(=O)N[C@H](C)c2ccc(OCC3CC3)c(F)c2)CC1=O,363.433,2.5492,3,1,4,0.844909716,1,61.88,0.259495115,0.963208663,0.898201656,0.066152883,0.510605508,0.57495259,0.113065113,0.366801879,0.051148913,0.773258996,0.722652185,0.122372158,0.281309521,0.434670138,0.99993751,0.004753568,0.054099098,0.015881528,0.014750733,0.004839112,0.074585251,0.006373515,0.963818717,0.167799474,0.172398552,0.009926328,0.003314972,0.010246329,0.007735193,0.121088146,0.292553869,-4.163404928,49.2112828,39.81318905,-17.73917574,-9.29008684,2.829165466,2.322243644,68.27963961,-2.479910545,7.42337718,56.92128732,53.97440869,31.17487398,36.68088406,63.80379992,94.53276464,54.80806514,39.74408686,61.61302831,79.52694843,72.85769678,54.8274525,84.37378829,96.00620396,67.3516867,78.6351299,50.83365646,84.10236526,88.32880962,43.38891043,75.02908104,49.86428848,87.86351299,30.90345095,75.18417991,43.07871268,42.84606437,21.75261729,42.38076774,54.47848003,85.18805739,58.82124855,57.15393563,55.40907328,23.49747964,33.54013183,33.96665374,8.763086468,50.25203567,96.27762699,61.61302831,70.68631252,9.771229159,53.81930981,69.63939511,66.88639007,41.29507561,61.14773168,85.22683211,0,0,1
28,lig_00001277,ZINC000329563636_1,CCN1CCN(C(=O)N[C@H]2CC3(CCCC3)Oc3ccccc32)CC1=O,357.454,2.6967,3,1,4,0.885176484,1,61.88,0.246326712,0.983406341,0.750166643,0.031237656,0.411412013,0.655384505,0.063654097,0.526448202,0.034327415,0.846956849,0.434025371,0.045858638,0.228146121,0.400548047,0.999836862,0.00408528,0.082991191,0.046227023,0.020478988,0.008996029,0.143729861,0.005839855,0.981712174,0.222223382,0.155449733,0.010636979,0.007403771,0.024949228,0.017224304,0.183558778,0.382597166,-4.511682529,47.82846844,45.88896132,12.05611893,-9.783859825,2.784096475,1.952717736,69.10818888,-2.13251711,2.72875553,55.29274913,57.11516092,31.17487398,36.68088406,63.80379992,98.13881349,54.80806514,39.74408686,59.51919349,87.94106243,43.1174874,46.49088794,79.41062427,98.02248934,57.5029081,87.43699108,44.74602559,94.53276464,77.6269872,18.72818922,69.4067468,47.73167895,82.39627763,28.11167119,84.29623885,59.79061652,47.18883288,33.54013183,69.25164793,52.84994184,92.74912757,62.85381931,54.94377666,56.68863901,38.50329585,44.59092672,46.4133385,18.26289259,57.42535867,79.8759209,60.52733618,74.83520744,57.6967817,48.81737107,66.61496704,59.24777045,42.4970919,67.00271423,58.9375727,0,0,1
28,lig_00001894,ZINC000544534662_1,CCN1CCN(C(=O)Nc2cccc(COC3CCCCC3)c2)CC1=O,359.47,3.2319,3,1,4,0.877881857,0,61.88,0.195772356,0.978346503,0.697643626,0.044893351,0.571147287,0.482959962,0.1091266,0.308045319,0.044215032,0.696460819,0.387977046,0.081471647,0.294476154,0.479348034,0.999535096,0.004856633,0.052176839,0.067824364,0.037505358,0.0072366,0.100446289,0.010439131,0.970805001,0.242301264,0.256543124,0.016656914,0.017651216,0.134472733,0.039581528,0.353333667,0.469265187,-4.543965601,72.4349688,49.04533988,14.38079867,-10.21329051,2.544641471,2.825629573,72.31599643,-3.160048243,6.325810441,55.83559519,65.18030244,31.17487398,36.68088406,63.80379992,97.59596743,22.48933695,39.74408686,51.22140364,85.11050795,36.17681272,50.94998061,86.62272199,92.47770454,66.88639007,75.37805351,48.50717332,72.58627375,75.92089957,31.60139589,75.95967429,52.7723924,73.63319116,31.32997286,74.3311361,65.68437379,56.14579294,28.3443195,55.60294688,61.53547887,87.82473827,63.70686313,67.04148895,64.83132997,55.09887553,67.62310973,61.41915471,42.18689415,61.84567662,77.35556417,78.71267933,76.89026755,60.60488561,44.24195425,51.22140364,76.89026755,46.4133385,47.46025591,81.50445909,0,0,1
28,lig_00002248,ZINC000408323117_1,CCN1CCN(C(=O)[C@H]2CCCc3c(O)cccc32)C(C)(C)C1=O,330.428,2.2814,3,1,4,0.90484712,1,60.85,0.224544711,0.85186882,0.485570985,0.023752666,0.594721115,0.474724698,0.133718722,0.220078126,0.046905499,0.90603056,0.659145677,0.057693292,0.107837944,0.14454291,0.999885225,0.005036046,0.037990801,0.027003332,0.049771904,0.05079364,0.200134003,0.00310842,0.975384867,0.045458801,0.177605717,0.00293121,0.006592015,0.058766005,0.012919022,0.427647537,0.248888753,-4.781059785,66.96318242,51.2361761,12.2567543,-9.887912152,2.187805695,1.308350566,61.46852105,-3.066966776,6.712459608,49.24389298,49.4765413,31.17487398,36.68088406,63.80379992,99.22450562,54.80806514,39.39511439,56.02946879,61.61302831,18.65063978,43.46645987,87.70841411,92.12873207,70.14346646,68.08840636,49.36021714,98.72043428,85.45948042,23.03218302,52.88871656,26.71578131,84.37378829,31.91159364,65.87824738,51.76424971,60.79875921,77.2004653,79.91469562,42.3032183,90.18999612,41.29507561,58.00697945,37.02985653,35.9441644,56.06824351,42.10934471,50.63978286,46.95618457,62.77626987,75.18417991,77.97595967,57.96820473,47.38270648,29.23613804,47.49903063,32.84218689,49.4765413,82.90034897,0,0,1
28,lig_00002438,ZINC000436837591_1,CCN1CCN(C(=O)c2ccc(C(F)(F)F)cc2O)[C@@H](C)C1=O,330.306,2.1038,3,1,4,0.903326467,1,60.85,0.208757599,0.951218081,0.879344559,0.175843868,0.380181593,0.396325755,0.068129422,0.291091944,0.015220236,0.661329198,0.119581589,0.305178963,0.064890457,0.39389132,0.99977417,0.005808525,0.056503479,0.011212583,0.027532344,0.012197442,0.130181728,0.002551883,0.959327006,0.059251191,0.117361519,0.003317924,0.002794886,0.025498835,0.013837084,0.307196024,0.346384618,-4.670182188,48.57883587,19.09621855,-9.780826495,-10.222296,2.414223558,1.972276326,81.86612564,-2.4635854,4.699493074,49.16634354,47.26638232,31.17487398,36.68088406,63.80379992,99.1857309,54.80806514,39.39511439,53.31523846,76.54129508,67.70065917,68.24350523,77.35556417,87.16556805,58.78247383,73.98216363,30.78712679,68.43737883,58.04575417,73.09034509,41.64404808,47.38270648,79.60449787,35.16867003,76.30864676,37.18495541,51.45405196,40.40325708,65.95579682,38.85226832,83.21054672,45.28887166,48.50717332,39.20124079,20.9383482,44.90112447,43.42768515,36.09926328,54.59480419,69.4067468,61.03140752,51.80302443,19.46490888,44.16440481,42.72974021,59.48041877,58.9375727,61.49670415,72.78014734,0,0,1
28,lig_00002457,ZINC000331864530_1,CCN1CCN(C(=O)c2ccc(CNC(=O)C3CCCC3)cc2)C(C)(C)C1=O,385.508,2.5759,3,1,4,0.846923926,0,69.72,0.120015244,0.764364219,0.747372222,0.002490299,0.321737456,0.519069844,0.073963587,0.182203524,0.015364812,0.870771694,0.695075023,0.21443931,0.186159769,0.380961788,0.999034512,0.002979404,0.022866615,0.006405896,0.014720484,0.008767866,0.059172178,0.002950256,0.972527313,0.195742086,0.25096086,0.002103681,0.010924856,0.028996993,0.00381536,0.335621592,0.329278269,-4.684154171,41.66395404,41.40480588,1.508608312,-9.218253623,2.764917747,1.63205602,63.8934414,-2.748075829,4.47315503,61.88445134,54.63357891,31.17487398,36.68088406,63.80379992,94.72663823,22.48933695,46.18069019,37.5727026,52.57851881,42.53586661,18.84451338,74.02093835,94.14501745,60.21713843,63.82318728,30.90345095,96.66537418,87.16556805,60.64366033,64.59868166,46.25823963,66.30476929,22.64443583,49.08879411,28.80961613,42.84606437,32.6483133,32.26056611,41.37262505,88.83288096,61.07018224,66.69251648,33.03606049,45.32764637,46.76231097,25.24234199,39.51143854,53.12136487,68.35982939,55.09887553,71.96587825,40.05428461,54.59480419,65.52927491,52.88871656,35.78906553,55.68049632,71.38425746,0,0,1
28,lig_00002540,ZINC001553587396_1,CCN1CCN(C(=O)c2ccc([C@H]3CCCC(=O)N3)cc2)C(C)(C)C1=O,357.454,2.1107,3,1,4,0.900706262,1,69.72,0.100661406,0.702872038,0.668699205,0.000374303,0.048218361,0.201997228,0.01067926,0.067749823,0.002471448,0.754790688,0.028227611,0.150209504,0.115848745,0.332520866,0.980470872,0.004300862,0.038172691,0.002432549,0.006372832,0.005482801,0.086324943,0.000793783,0.917523253,0.05653904,0.060478509,0.000733228,0.003630324,0.002753535,0.002975285,0.320691189,0.118181157,-4.755192808,9.232373638,-3.428336952,18.09449282,-11.07636532,2.283024324,0.204511032,47.90796628,-2.302517163,4.081395555,55.29274913,47.30515704,31.17487398,36.68088406,63.80379992,99.14695618,54.80806514,46.18069019,33.54013183,46.56843738,31.79526948,6.59170221,37.61147732,62.69872043,30.51570376,39.97673517,12.02016285,81.42690965,40.90732842,49.05001939,54.59480419,42.53586661,36.37068631,29.08103916,66.07212098,16.86700271,33.34625824,23.53625436,48.81737107,23.03218302,70.8414114,44.43582784,34.00542846,20.20162854,24.93214424,21.3648701,22.3730128,37.49515316,32.29934083,64.4823575,22.29546336,24.19542458,65.18030244,35.5176425,34.62582396,30.01163242,20.70569988,64.21093447,68.5924777,0,0,1
28,lig_00003023,ZINC000868134797_1,CCN1CC[C@@H](NC(=O)C2(c3ccnc4ccccc34)CC2)C1=O,323.396,2.0034,3,1,4,0.935983694,1,62.3,0.376803261,0.96265763,0.835587716,0.034357732,0.136625456,0.280121928,0.012333514,0.150899579,0.015202248,0.789995074,0.409293865,0.025086549,0.328693143,0.341627365,0.999938214,0.010807978,0.022039968,0.059154677,0.049423467,0.010481658,0.0849918,0.003086441,0.95659312,0.032491919,0.111573204,0.007144554,0.010971226,0.008184829,0.010902719,0.325060335,0.1384442,-4.764233179,50.88531964,16.07474435,31.24515705,-13.02238749,2.971556092,1.274991451,51.42174864,-2.3453115,0.047991669,47.46025591,45.67661884,31.17487398,36.68088406,63.80379992,100,54.80806514,40.01550989,74.05971307,79.41062427,57.81310585,47.57658007,54.86622722,75.30050407,33.30748352,59.20899573,30.78712679,86.46762311,76.81271811,10.81814657,78.13105855,43.07871268,87.90228771,50.29081039,48.0418767,63.66808841,60.72120977,37.06863125,48.19697557,42.03179527,82.08607988,37.41760372,47.38270648,50.67855758,45.32764637,31.60139589,39.55021326,38.34819698,35.24621946,63.74563784,62.77626987,47.69290423,76.3861962,20.31795269,77.39433889,46.91740985,23.30360605,63.31911594,37.06863125,0,0,1
28,lig_00003495,ZINC000632924016_1,CCN1CC[C@H](NC(=O)C2(c3nccc4ccccc34)CC2)C1=O,323.396,2.0034,3,1,4,0.935983694,1,62.3,0.406370395,0.952592921,0.850955415,0.119126175,0.240393117,0.254396302,0.029757848,0.154776977,0.021652891,0.750747573,0.566130114,0.027699661,0.276270425,0.424042192,0.999961472,0.01210185,0.017108493,0.102617964,0.06563034,0.014894973,0.116410267,0.004432414,0.959475434,0.036976805,0.181412618,0.018694459,0.019318349,0.020754318,0.019139204,0.386983803,0.141244763,-4.763217451,51.99357354,15.90686946,31.41186317,-13.29978633,3.043098899,1.681370843,56.37533448,-2.617999149,1.389108168,47.46025591,45.67661884,31.17487398,36.68088406,63.80379992,100,54.80806514,40.01550989,76.73516867,76.77394339,60.91508337,62.621171,67.81698333,71.77200465,46.91740985,59.63551764,36.79720822,80.76773943,82.7452501,11.94261342,74.48623497,49.20511826,90.77161691,53.47033734,40.13183404,72.15975184,65.9170221,45.83171772,62.03955021,48.73982164,83.28809616,38.8134936,58.62737495,66.92516479,56.57231485,42.41954246,48.35207445,45.9868166,35.59519193,63.74563784,63.97828616,47.38270648,76.54129508,18.34044203,80.72896472,54.09073284,28.11167119,58.51105079,48.70104692,0,0,1
28,lig_00003027,ZINC000626972039_1,CCN1CC[C@@H](NC(=O)Cc2coc3ccc(C)cc23)C1=O,300.358,2.02072,3,1,4,0.939368158,1,62.55,0.446789166,0.894946468,0.895153069,0.206697762,0.230756976,0.226159079,0.011563842,0.28627907,0.016086395,0.736033607,0.246407323,0.046950395,0.137932323,0.482009119,0.999864686,0.017248121,0.039973024,0.071194513,0.020941019,0.00945768,0.174109571,0.005189517,0.952692783,0.042145014,0.130172827,0.011525753,0.006930433,0.001901124,0.006834184,0.354809225,0.202818645,-4.726086877,46.84376561,19.10406077,58.7701662,-12.45279484,2.250279873,1.697912621,70.57388367,-2.474981701,-0.874248552,40.48080651,46.14191547,31.17487398,36.68088406,63.80379992,100,54.80806514,40.20938348,79.37184955,66.80884064,71.6556805,70.2210159,66.92516479,67.00271423,31.98914308,73.55564172,31.36874758,78.4412563,68.94145017,19.30981,58.20085304,52.88871656,83.63706863,63.08646762,67.42923614,66.57619232,47.49903063,34.54827453,75.64947654,51.10507949,80.84528887,40.2481582,50.79488174,58.04575417,36.83598294,17.72004653,32.33811555,42.22566886,42.76851493,65.80069794,59.51919349,51.80302443,89.5308259,24.81582009,33.11360993,54.28460644,44.51337728,61.1865064,29.1585886,0,0,1
28,lig_00003043,ZINC001637639030_1,CCN1CC[C@@H](NC(=O)N2CC(Cc3cccc(OC(F)(F)F)c3)C2)C1=O,385.386,2.3899,3,1,4,0.846765321,1,61.88,0.401782602,0.941259384,0.910891545,0.172699852,0.263957792,0.213274975,0.015897998,0.413411754,0.205975282,0.744535017,0.431371865,0.207686198,0.373057544,0.234035522,0.99956063,0.006285199,0.042811401,0.037537214,0.006297406,0.005217315,0.123223165,0.001180583,0.962207222,0.100938047,0.105386799,0.007628031,0.003543922,0.00379652,0.005821394,0.169798347,0.464155257,-4.50122939,21.15171289,17.43643683,-19.91313044,-8.434348528,3.283947044,2.695396528,75.89081484,-2.515266303,2.051280303,61.84567662,51.26017836,31.17487398,36.68088406,63.80379992,94.72663823,54.80806514,39.74408686,76.30864676,74.29236138,76.89026755,67.9720822,69.98836758,64.59868166,37.02985653,81.38813494,74.02093835,79.72082202,77.51066305,59.63551764,81.03916247,35.67274137,74.17603722,37.10740597,69.36797208,56.41721598,33.2687088,22.91585886,64.40480807,27.723924,84.41256301,51.41527724,45.87049244,51.84179915,24.66072121,23.73012796,30.01163242,16.40170609,61.57425359,80.41876696,33.85032959,49.59286545,8.33656456,62.11709965,88.79410624,73.94338891,50.5234587,60.41101202,54.43970531,0,0,1
28,lig_00003048,ZINC000894678555_1,CCN1CC[C@@H](NC(=O)N2CCC(C(=O)c3ccccc3Cl)CC2)C1=O,377.872,2.5651,3,1,4,0.819666651,1,69.72,0.168893458,0.951808345,0.893125999,0.014647808,0.222722682,0.212387842,0.023549872,0.205701749,0.032730747,0.718292272,0.180855066,0.150121668,0.328738999,0.41511718,0.999262571,0.031929821,0.061526656,0.053692388,0.014549199,0.004538314,0.127108595,0.004310901,0.968174696,0.115673259,0.209259479,0.017075019,0.004772964,0.0069244,0.011378801,0.197893661,0.172267903,-4.698970434,46.24336127,-9.492359195,8.2630689,-10.27142731,2.846747585,2.05704663,70.78707872,-3.282908298,4.253930103,60.02326483,54.36215587,31.17487398,36.68088406,63.80379992,91.35323769,54.80806514,46.18069019,47.2276076,76.69639395,71.11283443,37.53392788,66.18844513,64.4823575,43.46645987,66.49864288,43.58278402,75.80457542,64.36603335,49.05001939,78.13105855,48.62349748,68.94145017,77.54943777,78.36370686,62.15587437,42.76851493,20.7444746,65.21907716,48.42962389,86.6614967,53.3927879,62.73749515,65.37417604,29.66265995,29.70143466,40.17060876,20.1240791,39.47266382,67.70065917,59.09267158,16.98332687,51.72547499,43.89298178,70.60876309,61.07018224,44.62970143,45.09499806,69.98836758,0,0,1
28,lig_00003525,ZINC000664846513_1,CCN1CC[C@H](NC(=O)N2CCC3(C=Cc4ccccc4O3)CC2)C1=O,355.438,2.2572,3,1,4,0.885131809,1,61.88,0.298805098,0.98612442,0.721755314,0.034330206,0.160642688,0.309531921,0.013886128,0.473519826,0.030614334,0.838760197,0.068786021,0.0303174,0.315652537,0.286250594,0.999556243,0.009256789,0.100500041,0.08752057,0.014882002,0.006244581,0.218583682,0.003696063,0.976808774,0.092169075,0.183945329,0.016217732,0.004702027,0.003768877,0.021693113,0.233492252,0.493150854,-4.665861754,36.0479238,21.76394874,24.39707674,-10.60927002,2.979576524,1.948096895,77.29803959,-2.561548579,-3.199467324,54.74990306,49.20511826,31.17487398,36.68088406,63.80379992,98.13881349,54.80806514,39.74408686,66.38231873,89.37572703,39.39511439,47.57658007,58.20085304,79.2555254,35.05234587,84.52888717,42.72974021,93.60217138,50.75610702,12.75688251,77.39433889,39.20124079,74.09848779,45.67661884,86.39007367,69.4067468,42.84606437,25.63008918,82.12485459,44.90112447,90.81039162,50.36835983,59.09267158,64.28848391,29.39123691,23.73012796,50.21326095,25.94028693,63.16401706,69.67816983,50.0969368,54.74990306,70.99651028,40.4420318,77.70453664,59.20899573,52.7723924,59.59674292,15.66498643,0,0,1
28,lig_00003675,ZINC000860103481_1,CCN1CC[C@H](OC(=O)C2CC(O)(c3cccc(Cl)c3)C2)C1=O,337.803,2.1016,4,1,4,0.854403264,1,66.84,0.207000725,0.971960044,0.930069554,0.156139304,0.704598248,0.315010035,0.025443891,0.176091857,0.063008697,0.725034213,0.282325205,0.065710708,0.192787308,0.324515787,0.999963546,0.011669224,0.059652825,0.021323642,0.016281603,0.005403679,0.100940503,0.003124422,0.980474818,0.075688678,0.048638744,0.007765632,0.006239615,0.015006556,0.00332162,0.354057696,0.069494929,-4.218526316,86.93272811,14.46385319,17.96463357,-10.54012994,2.672869284,1.496281591,58.75852404,-2.745962925,0.846732484,50.98875533,47.26638232,46.47150058,36.68088406,63.80379992,95.46335789,54.80806514,44.4552152,52.96626599,82.70647538,83.28809616,66.65374176,91.19813881,79.79837146,44.66847615,62.89259403,54.36215587,76.61884451,71.30670803,26.2892594,65.33540132,41.87669639,91.27568825,52.42341993,77.6269872,48.19697557,44.3582784,23.30360605,55.99069407,42.38076774,92.36138038,47.8480031,29.81775882,52.07444746,34.81969756,38.30942226,23.76890268,42.22566886,25.00969368,94.37766576,85.76967817,45.792943,64.98642885,41.10120202,60.33346258,50.32958511,30.55447848,55.71927104,43.54400931,0,0,1
28,lig_00003236,ZINC000849704238_1,CCN1CC[C@@H](OC(=O)c2ccc(C(C)C)cc2O)C1=O,291.347,2.2932,4,1,4,0.864337323,1,66.84,0.317464218,0.880246317,0.761291504,0.675957716,0.553696376,0.34365865,0.069587506,0.301336834,0.087192366,0.51981445,0.073379152,0.055469057,0.111629826,0.408274251,0.999842858,0.009569595,0.039250644,0.022125592,0.05195921,0.065927204,0.290056756,0.009950728,0.981288278,0.080170909,0.072281156,0.037888804,0.015199741,0.048335182,0.019805686,0.484897184,0.194323185,-4.469902126,152.6868118,56.58742511,10.04988429,-11.66269128,2.104061091,1.849197407,76.81783459,-3.131957619,5.233293177,37.99922451,49.67041489,46.47150058,36.68088406,63.80379992,96.82047305,54.80806514,44.4552152,67.93330748,64.87010469,44.59092672,88.21248546,85.96355176,82.78402482,59.20899573,74.60255913,59.59674292,53.00504071,51.45405196,22.25668864,53.66421093,48.11942613,82.70647538,46.49088794,66.92516479,48.97246995,61.65180302,82.24117875,87.86351299,61.07018224,92.55525397,48.42962389,37.14618069,77.0065917,51.84179915,53.78053509,48.81737107,56.30089182,41.87669639,82.43505235,99.03063203,81.50445909,54.09073284,30.08918185,25.20356727,56.96006204,51.99689802,48.23575029,76.03722373,0,0,1
28,lig_00016712,ZINC001271456809_1,CCNC(=O)CN1CC[C@]2(CCN(C(=O)c3ccc(Cl)c(Cl)c3)C2)C1=O,398.29,2.1941,3,1,4,0.845662269,1,69.72,0.079310476,0.733672583,0.796777582,0.039822586,0.198219855,0.110873162,0.025220525,0.092775846,0.067079183,0.77458353,0.753317428,0.158727666,0.232754579,0.354702076,0.998959637,0.028251081,0.046425158,0.035975406,0.031914504,0.010827993,0.073827033,0.004339258,0.951287973,0.054725709,0.170767772,0.006910806,0.016560246,0.010035375,0.011844687,0.374484289,0.352880383,-4.637802671,34.98254767,2.85331337,12.25562819,-10.48998555,2.790648598,1.406694953,63.59660503,-3.45290526,0.513137024,64.83132997,48.19697557,31.17487398,36.68088406,63.80379992,94.61031408,54.80806514,46.18069019,28.30554478,49.4765413,50.36835983,49.4765413,63.59053897,39.12369135,44.62970143,46.83986041,55.25397441,84.29623885,89.33695231,50.83365646,69.91081815,43.93175649,65.52927491,75.33927879,70.8414114,55.71927104,53.93563397,37.68902675,41.79914696,48.54594804,80.37999225,44.08685537,56.80496316,50.13571152,53.97440869,33.4625824,40.90732842,44.3582784,55.17642497,71.61690578,49.01124467,31.91159364,57.96820473,41.56649864,67.00271423,48.93369523,35.3237689,42.18689415,41.02365258,0,0,1
28,lig_00016714,ZINC001271344958_1,CCNC(=O)CN1CC[C@]2(CCN(C(=O)c3cccc(Cl)c3Cl)C2)C1=O,398.29,2.1941,3,1,4,0.845662269,1,69.72,0.113795605,0.758831739,0.778912258,0.032351053,0.204115662,0.110947341,0.022548849,0.078560203,0.054294335,0.776223671,0.796787989,0.14619918,0.237909207,0.352053508,0.999134719,0.0251133,0.040613159,0.030770224,0.03269822,0.010481025,0.075639835,0.004747028,0.95165484,0.049385465,0.189432825,0.006824273,0.015707412,0.006482526,0.011042094,0.419847053,0.351415682,-4.618191141,42.02743724,7.83261671,8.410949081,-10.48655904,2.700069982,1.249540851,62.63608054,-3.396564273,0.901165576,64.83132997,48.19697557,31.17487398,36.68088406,63.80379992,94.61031408,54.80806514,46.18069019,36.40946103,51.99689802,47.57658007,46.91740985,63.93951144,39.12369135,42.88483908,42.69096549,51.88057387,84.56766188,90.61651803,48.11942613,70.29856534,43.66033346,67.42923614,72.54749903,67.85575805,53.70298565,54.28460644,37.06863125,42.88483908,49.78673905,80.4963164,42.34199302,59.86816596,49.94183792,52.7723924,29.1585886,39.74408686,49.86428848,55.0213261,72.58627375,55.48662272,38.07677394,51.91934858,41.56649864,61.69057774,46.33578907,34.12175262,42.80728965,44.20317953,0,0,1
28,lig_00005305,ZINC000189775572_1,CCN1CN(C(=O)NCC2(c3cccc(Cl)c3)CCOCC2)CC1=O,365.861,2.2194,3,1,4,0.889503335,0,61.88,0.36710206,0.977974451,0.792152882,0.135156599,0.802093506,0.160404518,0.130013958,0.0901577,0.054274669,0.747735655,0.515494287,0.098991916,0.279287338,0.376040322,0.999834466,0.012758857,0.026041748,0.048326975,0.044762452,0.006174698,0.086578859,0.010218884,0.983806932,0.046387469,0.29974249,0.016067212,0.018440737,0.014418506,0.035386827,0.544230896,0.314748155,-4.78119548,59.13537195,25.38365397,50.28278832,-11.13593088,2.747083636,2.310512384,74.08962172,-2.852089352,5.376858511,57.34780923,48.73982164,31.17487398,36.68088406,63.80379992,98.52656068,22.48933695,39.74408686,73.20666925,84.91663435,49.67041489,64.44358278,94.37766576,53.08259015,69.52307096,46.10314075,51.88057387,80.22489337,80.41876696,36.87475766,74.91275688,45.52151997,82.39627763,55.17642497,52.96626599,60.41101202,58.89879798,25.39744087,48.85614579,61.30283055,93.87359442,41.45017449,71.42303218,63.97828616,55.99069407,37.61147732,59.20899573,61.96200078,51.99689802,62.77626987,69.83326871,57.5029081,87.39821636,34.97479643,64.44358278,66.57619232,48.42962389,53.54788678,76.89026755,0,0,1
28,lig_00005449,ZINC000063779174_1,CCN1C[C@@H](C(=O)N2CCC(c3c[nH]c4ncccc34)CC2)CC1=O,340.427,2.1373,3,1,4,0.9305566,1,69.3,0.08946317,0.845240939,0.701409042,0.028668923,0.090096262,0.132201578,0.037549048,0.359598929,0.028957963,0.712141836,0.166437633,0.015190382,0.283051378,0.183387858,0.999801505,0.017516705,0.035066646,0.121958395,0.016161217,0.018923689,0.229933041,0.000664252,0.892558801,0.045196423,0.094954662,0.009022161,0.013130574,0.002564166,0.007422628,0.240872166,0.480465454,-5.104560432,35.48361541,14.72088919,-30.06311666,-13.76743558,2.929065984,1.305197777,55.48723574,-2.274862305,3.165588703,51.72547499,47.73167895,31.17487398,36.68088406,63.80379992,99.96122528,54.80806514,45.83171772,31.32997286,60.87630865,36.7584335,45.56029469,47.73167895,45.40519581,49.86428848,78.20860799,41.64404808,74.99030632,63.31911594,6.359053897,75.22295463,31.44629701,80.88406359,63.59053897,63.43544009,74.48623497,44.28072896,51.76424971,83.3656456,21.48119426,65.68437379,41.17875145,42.80728965,53.89685925,49.20511826,20.31795269,33.34625824,27.06475378,62.4272974,42.22566886,49.67041489,46.25823963,3.295851105,15.12214036,75.49437767,47.49903063,27.29740209,64.63745638,62.11709965,0,0,1
28,lig_00005499,ZINC000524846760_1,CCN1C[C@@H](C(=O)NC2(c3ccc(OCc4ccccc4)cc3)CCOCC2)CC1=O,422.525,3.2559,4,1,4,0.743818455,1,67.87,0.20965811,0.456834167,0.835248208,0.009908511,0.221160161,0.250962535,0.116830105,0.214141396,0.030431008,0.903191364,0.770640635,0.167588469,0.147976057,0.450129205,0.992035532,0.017722101,0.042521805,0.036024158,0.026363852,0.024535448,0.121341753,0.026299891,0.915455496,0.670921588,0.471442831,0.023822931,0.050530785,0.039822999,0.058082089,0.137106313,0.482130593,-4.905660933,53.89951779,53.85779426,-2.186085789,-8.848801118,3.15840632,2.127652943,83.55157655,-3.565041919,-1.54097805,70.2210159,65.76192323,46.47150058,36.68088406,63.80379992,81.23303606,54.80806514,44.99806126,53.35401318,27.84024816,57.65800698,33.77278015,66.03334626,71.38425746,67.85575805,67.42923614,42.72974021,98.60411012,89.80224893,52.65606824,59.71306708,51.02753005,43.66033346,64.01706088,69.13532377,55.79682047,50.75610702,59.20899573,63.70686313,75.49437767,70.37611477,82.7452501,82.31872819,70.64753781,74.99030632,51.02753005,67.19658782,11.43854207,62.54362156,54.67235363,65.52927491,79.60449787,32.53198914,58.00697945,85.34315626,62.69872043,61.26405584,39.74408686,24.66072121,0,0,1
28,lig_00005501,ZINC000486906883_1,CCN1C[C@@H](C(=O)NC2(c3cccc(OC(F)(F)F)c3)CCOCC2)CC1=O,400.397,2.5755,4,1,4,0.825135137,1,67.87,0.404610988,0.947946084,0.907094073,0.013906558,0.102910237,0.109104988,0.01358499,0.206287622,0.024685668,0.813656104,0.381661037,0.237127425,0.228137361,0.216560501,0.999029791,0.011298815,0.062024999,0.014377756,0.010114205,0.008702093,0.076306444,0.002074324,0.943859446,0.128831791,0.091643675,0.007973598,0.005205873,0.004017527,0.016248978,0.114983219,0.333681256,-4.54851824,15.4744575,20.02366211,-28.00798658,-7.511498305,3.504053576,2.294471731,73.60380783,-2.816182781,0.157357165,65.25785188,54.63357891,46.47150058,36.68088406,63.80379992,92.16750679,54.80806514,44.99806126,76.65761923,75.92089957,75.7658007,37.14618069,50.32958511,38.61962001,34.85847228,66.61496704,39.0073672,89.68592478,75.7658007,64.4823575,69.4067468,34.39317565,66.22721985,51.14385421,78.51880574,41.17875145,38.11554866,32.37689027,43.31136099,35.63396665,77.74331136,54.47848003,42.22566886,52.46219465,31.25242342,23.96277627,45.59906941,7.677394339,53.54788678,77.16169058,28.38309422,52.84994184,4.187669639,70.80263668,92.47770454,66.34354401,47.92555254,54.32338116,37.92167507,0,0,1
28,lig_00009131,ZINC000340318430_1,CCN1C[C@H](C(=O)NCc2ccc(-c3ccccc3)o2)CC1=O,312.369,2.4312,3,1,4,0.922086868,1,62.55,0.37808201,0.929065359,0.870050168,0.558480257,0.496769786,0.251557332,0.079763611,0.32307198,0.036024891,0.709895682,0.338236266,0.063172177,0.117165085,0.413170245,0.999889588,0.019814854,0.034490269,0.128820945,0.041406356,0.013656347,0.225974607,0.006577832,0.964205527,0.097072034,0.32946769,0.0335863,0.022483762,0.00423885,0.010354068,0.427708691,0.420810106,-4.737995968,54.16074104,11.16252432,16.19516238,-11.32012541,2.568241838,1.968138953,82.1211095,-2.694318376,-4.168637326,44.39705312,51.88057387,31.17487398,36.68088406,63.80379992,99.80612641,54.80806514,40.20938348,74.17603722,71.77200465,65.06397829,84.64521132,83.83094223,71.50058162,61.92322606,76.11477317,45.40519581,74.71888329,73.86583947,25.0484684,54.78867778,48.4683986,84.64521132,66.30476929,63.00891819,75.33927879,57.77433114,43.23381155,82.97789841,54.86622722,85.30438154,50.98875533,73.32299341,75.37805351,59.40286933,24.46684762,38.30942226,50.63978286,59.67429236,65.37417604,65.76192323,41.91547111,62.65994572,33.19115936,52.96626599,59.44164405,59.1314463,56.99883676,11.32221791,0,0,1
28,lig_00009133,ZINC000377789340_1,CCN1C[C@H](C(=O)NCc2ccc(-c3ccncc3)cc2)CC1=O,323.396,2.2332,3,1,4,0.917673306,1,62.3,0.247913378,0.827494764,0.888817382,0.373552191,0.276997513,0.218052286,0.119574775,0.227825487,0.09195374,0.613938987,0.807078171,0.052139344,0.367888731,0.377714598,0.999819863,0.036392628,0.020593197,0.220926744,0.111335665,0.024658062,0.134634088,0.004297742,0.927747297,0.045249502,0.163702652,0.022325689,0.033089989,0.013122222,0.014711739,0.441005027,0.399518895,-4.884968663,32.59369582,4.579707164,-4.304684741,-11.93628643,2.779248759,1.234156439,60.0835121,-2.525975238,-4.881697859,47.46025591,49.01124467,31.17487398,36.68088406,63.80379992,99.76735169,54.80806514,40.01550989,59.79061652,58.54982551,69.91081815,79.0616518,70.72508724,65.64559907,68.39860411,69.13532377,60.79875921,62.15587437,90.88794106,21.09344707,80.53509112,45.67661884,81.85343156,79.44939899,45.48274525,83.13299729,74.91275688,59.36409461,66.80884064,48.39084917,72.97402094,41.21752617,55.91314463,69.63939511,67.42923614,36.56455991,44.08685537,51.80302443,58.43350136,56.02946879,46.25823963,34.00542846,28.65451725,28.26677007,66.30476929,46.06436603,31.71772005,60.13958899,8.995734781,0,0,1
28,lig_00005556,ZINC000629445700_1,CCN1C[C@@H](C(=O)NCc2ccnc(-c3ccccc3)c2)CC1=O,323.396,2.2332,3,1,4,0.917673306,1,62.3,0.239994469,0.927170765,0.906065595,0.295587501,0.231685688,0.224645793,0.042237591,0.278633946,0.048706438,0.67841239,0.524068159,0.053613727,0.334109479,0.336404362,0.999856281,0.034270677,0.029198365,0.151647803,0.030426645,0.011778455,0.141238484,0.002790907,0.956206703,0.046694667,0.105427966,0.013382903,0.014413344,0.004610399,0.007492352,0.360820398,0.296517292,-4.841735544,44.82914398,17.62335662,-9.137470062,-11.7030912,2.75599173,1.372636657,62.41694238,-2.385091891,-4.842470912,47.46025591,49.01124467,31.17487398,36.68088406,63.80379992,99.76735169,54.80806514,40.01550989,58.47227608,71.50058162,75.49437767,75.61070182,67.00271423,66.61496704,51.60915083,72.81892206,50.25203567,70.41488949,80.92283831,21.44241954,78.51880574,42.80728965,83.24932144,78.6351299,57.85188057,77.74331136,53.35401318,39.66653742,68.5924777,40.36448236,82.00853044,41.60527336,45.9868166,61.14773168,50.56223342,25.51376503,33.54013183,43.00116324,50.48468399,58.35595192,57.96820473,49.86428848,20.43427685,29.7789841,64.98642885,48.54594804,33.8891043,62.46607212,8.995734781,0,0,1
28,lig_00005879,ZINC000567302976_1,CCN1C[C@@H](C(=O)Nc2ccc(C(=O)C3CCC3)cc2)CC1=O,314.385,2.4763,3,1,4,0.849112011,1,66.48,0.347389829,0.97001524,0.913626659,0.105107664,0.257142422,0.247244012,0.068594214,0.292247429,0.022283857,0.625734842,0.102717767,0.105338401,0.126003116,0.473606521,0.999573159,0.055013771,0.054623623,0.178127011,0.028410739,0.007398367,0.1637761,0.005873811,0.91858182,0.058200045,0.306670997,0.090711991,0.026871386,0.088268165,0.077180542,0.251989436,0.195160872,-4.654616409,59.13206392,-4.122050498,-4.38461236,-10.44221634,2.956411018,1.881228657,62.01614751,-3.515380605,2.214211916,45.1725475,52.65606824,31.17487398,36.68088406,63.80379992,94.99806126,54.80806514,43.95114385,71.34548275,82.04730516,78.09228383,60.79875921,69.25164793,70.95773556,58.9375727,74.02093835,37.26250485,63.55176425,55.71927104,39.27879023,56.2621171,52.42341993,74.3311361,85.53702986,75.45560295,79.68204731,51.9581233,28.65451725,73.59441644,52.92749128,71.03528499,45.05622334,71.88832881,87.12679333,63.2415665,61.92322606,72.0822024,29.19736332,41.99302055,70.45366421,69.83326871,23.07095774,28.5381931,42.10934471,76.77394339,57.6967817,33.38503296,40.82977898,55.6417216,0,0,1
28,lig_00005884,ZINC000130611174_1,CCN1C[C@@H](C(=O)Nc2ccc(C(=O)N3CCCC3)cc2C)CC1=O,343.427,2.03792,3,1,4,0.909412151,1,69.72,0.204348303,0.89343313,0.832133794,0.012930332,0.025369604,0.158697458,0.012279732,0.17840285,0.006155319,0.734052145,0.039408623,0.14166154,0.141797301,0.369461468,0.994971228,0.024570196,0.074297996,0.020364144,0.010283592,0.007307245,0.145192637,0.000823451,0.882043469,0.034306564,0.07843135,0.007330352,0.007444656,0.00652903,0.020463892,0.245810875,0.445546737,-4.664669398,24.41576165,-8.900766647,10.95404145,-11.60671494,2.725695484,0.707019191,52.22442975,-2.592869847,2.310829257,52.26832105,46.29701435,31.17487398,36.68088406,63.80379992,99.57347809,54.80806514,46.18069019,52.65606824,66.57619232,56.64986429,36.29313687,28.03412175,52.65606824,33.07483521,63.35789066,19.5036836,78.01473439,44.3582784,47.38270648,58.89879798,44.82357503,48.50717332,71.6556805,82.43505235,47.30515704,38.38697169,28.46064366,69.56184568,23.57502908,63.90073672,37.99922451,38.58084529,50.98875533,38.65839473,29.1585886,49.39899186,28.07289647,61.1865064,69.79449399,37.378829,17.48739822,55.6417216,30.78712679,63.31911594,37.26250485,24.07910043,58.9375727,56.49476541,0,0,1
28,lig_00005912,ZINC000097728464_1,CCN1C[C@@H](C(=O)Nc2ccc(CCC(=O)N3CCCC3)cc2)CC1=O,357.454,2.0485,3,1,4,0.847060555,1,69.72,0.18845576,0.883836555,0.686429036,0.016687777,0.07918887,0.116915739,0.026111375,0.226354396,0.021776908,0.788464701,0.183561384,0.104535651,0.150319538,0.225479867,0.990177238,0.037924543,0.081781489,0.029909069,0.013721872,0.015318864,0.171928914,0.003712085,0.846012926,0.110651513,0.204298501,0.019723063,0.019563393,0.010011366,0.048008941,0.303391522,0.46067999,-4.812886667,28.91938188,4.523152703,13.84000038,-10.73781114,2.853084608,1.101567972,54.44875525,-2.477138291,0.166993955,55.29274913,46.37456378,31.17487398,36.68088406,63.80379992,94.72663823,54.80806514,46.18069019,50.13571152,65.37417604,34.50949981,39.08491663,45.59906941,41.13997674,44.90112447,68.94145017,36.83598294,86.35129895,64.6762311,38.96859248,60.13958899,35.05234587,41.95424583,80.41876696,83.94726638,53.43156262,41.79914696,46.4133385,75.10663048,44.9786739,59.1314463,52.96626599,61.8069019,67.62310973,56.92128732,33.42380768,64.17215975,35.71151609,61.57425359,60.48856146,42.80728965,33.96665374,59.86816596,39.16246607,70.95773556,43.93175649,26.56068244,61.14773168,38.07677394,0,0,1
28,lig_00009568,ZINC000177977648_1,CCN1C[C@H](C(=O)Nc2ccc3c(c2)C(=O)CCC3)CC1=O,300.358,2.0125,3,1,4,0.928320482,1,66.48,0.490233877,0.990794671,0.923223174,0.383914766,0.347779849,0.184349883,0.086092779,0.344247249,0.043622722,0.712282217,0.217870709,0.0576671,0.127342682,0.486199671,0.999980021,0.059325115,0.092156122,0.296169496,0.027560534,0.00569218,0.203466487,0.002307329,0.951568925,0.08902235,0.256169343,0.058293435,0.008479186,0.053793478,0.074112072,0.293575996,0.288305998,-4.571298492,51.29493405,5.930023526,-7.381487249,-11.24615363,2.669532277,1.557283545,62.61041104,-3.246920557,0.921882234,40.48080651,46.02559131,31.17487398,36.68088406,63.80379992,99.92245056,54.80806514,43.95114385,81.85343156,92.05118263,81.23303606,79.56572315,75.88212485,58.74369911,63.08646762,77.43311361,48.39084917,74.99030632,67.27413726,23.03218302,56.53354013,53.08259015,94.30011632,86.39007367,85.53702986,87.01046917,51.49282668,23.92400155,80.37999225,37.30127957,80.45754168,50.01938736,67.00271423,81.81465684,41.02365258,54.98255138,71.38425746,34.7033734,50.05816208,75.95967429,63.31911594,35.59519193,23.45870492,33.77278015,60.10081427,51.57037611,34.0829779,45.63784413,44.39705312,0,0,1
28,lig_00007224,ZINC000652832380_1,CCN1C[C@@H](CNC(=O)C2(c3cccc(Br)c3)CC(=O)C2)CC1=O,393.281,2.0344,3,1,4,0.832826927,1,66.48,0.146681475,0.964097738,0.91290009,0.011877801,0.273507038,0.137593588,0.023455561,0.325626287,0.079217714,0.721603286,0.60932247,0.068920907,0.157498847,0.147601278,0.999868441,0.021063025,0.026353583,0.028713516,0.006476411,0.002651544,0.052309195,0.001579842,0.931316543,0.070511785,0.239769688,0.003670813,0.008435254,0.0070583,0.007120968,0.32153272,0.126892602,-4.852266328,62.95331058,18.64992807,-4.837995091,-9.567656822,3.541950783,2.206935698,71.8696475,-2.928622338,-2.00479667,63.97828616,46.29701435,31.17487398,36.68088406,63.80379992,93.13687476,54.80806514,43.95114385,43.35013571,79.99224506,77.78208608,35.47886778,70.56998837,47.53780535,43.42768515,76.26987204,58.12330361,76.19232261,83.94726638,27.45250097,61.30283055,27.18107794,83.83094223,68.01085692,53.54788678,52.73361768,33.4625824,13.22217914,28.07289647,31.4075223,73.98216363,47.15005816,65.72314851,40.55835595,41.02365258,29.93408298,32.80341218,37.61147732,33.50135712,57.81310585,72.50872431,51.06630477,27.87902288,50.79488174,93.05932532,64.36603335,45.94804188,52.11322218,21.24854595,0,0,1
28,lig_00010885,ZINC000869145251_1,CCN1C[C@H](CNC(=O)C2(c3ccnc4ccccc34)CC2)CC1=O,337.423,2.251,3,1,4,0.910142416,1,62.3,0.179526189,0.98057605,0.825100076,0.058556033,0.23045361,0.254367578,0.043236171,0.289889532,0.049914121,0.807123244,0.749727577,0.0217248,0.255123755,0.182350168,0.999981284,0.008706071,0.018006696,0.096996896,0.020029399,0.007688486,0.08993708,0.001349289,0.962778199,0.056945438,0.125508854,0.005370456,0.012278458,0.006279582,0.006261159,0.261933346,0.3426539,-4.800029555,48.76350276,33.46621999,-6.817888205,-11.32242191,3.288843955,1.428153983,59.05222722,-2.391124426,-5.081679799,50.91120589,49.12756883,31.17487398,36.68088406,63.80379992,99.57347809,54.80806514,40.01550989,48.85614579,86.19620008,55.06010081,53.93563397,66.92516479,71.77200465,51.88057387,73.98216363,50.5234587,88.79410624,89.22062815,9.189608375,72.43117487,31.25242342,94.53276464,44.28072896,41.52772392,71.34548275,47.03373401,29.39123691,50.79488174,29.19736332,84.6064366,44.62970143,49.98061264,46.83986041,47.73167895,28.77084141,31.13609926,30.47692904,54.24583172,61.26405584,61.1865064,64.75378054,24.35052346,33.19115936,88.9104304,49.32144242,30.82590151,62.38852268,8.530438154,0,0,1
28,lig_00010886,ZINC000633574115_1,CCN1C[C@H](CNC(=O)C2(c3nccc4ccccc34)CC2)CC1=O,337.423,2.251,3,1,4,0.910142416,1,62.3,0.178303756,0.974703884,0.837649548,0.15209465,0.362058306,0.227455783,0.089270376,0.319346225,0.075309388,0.778618586,0.860075903,0.021569214,0.231943136,0.227897087,0.999986053,0.009288882,0.013256079,0.156691309,0.022615694,0.009909825,0.10885224,0.001591414,0.961982608,0.073893884,0.191685192,0.010911341,0.017681719,0.01137067,0.007639617,0.293550986,0.363797194,-4.798632567,47.68921184,34.00559233,-6.723703732,-11.67784354,3.272403135,1.732255753,63.20135476,-2.663437502,-4.724218951,50.91120589,49.12756883,31.17487398,36.68088406,63.80379992,99.57347809,54.80806514,40.01550989,48.70104692,83.55951919,58.3171772,66.22721985,76.73516867,67.19658782,63.59053897,75.95967429,57.34780923,84.91663435,93.2144242,9.150833656,69.83326871,35.28499418,95.92865452,45.75416828,31.87281892,78.13105855,48.54594804,36.02171384,59.44164405,31.48507173,84.41256301,47.53780535,60.10081427,56.92128732,55.21519969,35.20744475,33.8891043,34.7033734,55.99069407,61.45792943,60.3722373,65.25785188,24.58317177,29.9728577,88.48390849,55.09887553,34.89724699,57.58045754,9.693679721,0,0,1
28,lig_00007494,ZINC000652835608_1,CCN1C[C@@H](CNC(=O)[C@@H](C)CC(=O)c2ccccc2F)CC1=O,334.391,2.0192,3,1,4,0.775937504,2,66.48,0.446889508,0.97742908,0.926133657,0.029780746,0.199907568,0.121913809,0.012375479,0.22859956,0.146839011,0.583833802,0.632433867,0.132806377,0.350026405,0.166962487,0.999947524,0.018482699,0.017447209,0.022536181,0.013345387,0.00229574,0.045947162,0.000638953,0.963218522,0.127359714,0.106520267,0.002446674,0.00146382,0.000945241,0.001565209,0.27328932,0.327545814,-4.623167508,73.02330115,14.36662844,-9.465068792,-10.86447912,3.04739164,1.106398821,51.71797586,-2.112858221,6.702858724,50.17448623,46.14191547,31.17487398,36.68088406,63.80379992,85.53702986,68.86390074,43.95114385,79.37184955,84.52888717,82.20240403,46.02559131,63.70686313,42.34199302,33.38503296,69.17409849,68.74757658,58.74369911,84.52888717,45.792943,79.75959674,29.66265995,89.14307871,64.6762311,40.59713067,49.16634354,41.33385033,11.78751454,23.69135324,21.24854595,84.87785964,54.40093059,46.45211322,34.78092284,13.72625048,12.60178364,16.16905777,31.8340442,53.00504071,72.31485072,78.98410237,45.67661884,19.93020551,37.92167507,81.1167119,44.08685537,23.53625436,67.27413726,82.78402482,0,0,1
28,lig_00010903,ZINC000652843266_1,CCN1C[C@H](CNC(=O)CCc2ccc3ccccc3n2)CC1=O,325.412,2.152,3,1,4,0.885053316,1,62.3,0.229135644,0.980393565,0.8338673,0.202992616,0.196806872,0.179136094,0.026844166,0.371999025,0.053746111,0.828005409,0.483459169,0.030719085,0.213192418,0.205793267,0.999957061,0.01465862,0.020695018,0.103505178,0.010670382,0.006370328,0.117242558,0.001845627,0.973808694,0.115674703,0.107382348,0.005162073,0.009063365,0.001366689,0.004534982,0.334544352,0.494743538,-4.952411759,64.23010106,38.1193035,2.97400381,-11.02041469,2.732097282,1.580501638,63.46126891,-1.946161517,-7.874753109,48.11942613,47.80922838,31.17487398,36.68088406,63.80379992,98.13881349,54.80806514,40.01550989,56.92128732,86.0411012,57.30903451,70.06591702,63.43544009,57.46413339,45.36642109,78.94532765,51.60915083,91.74098488,79.33307484,12.98953083,67.9720822,33.42380768,90.18999612,58.43350136,45.59906941,72.15975184,38.73594416,26.09538581,62.34974796,33.81155487,89.68592478,53.3927879,46.72353625,45.9868166,41.83792168,15.23846452,27.02597906,39.39511439,63.20279178,51.88057387,73.16789453,69.32919736,42.38076774,36.09926328,63.62931369,52.11322218,35.16867003,70.25979062,2.985653354,0,0,1
28,lig_00007244,ZINC000652831648_1,CCN1C[C@@H](CNC(=O)CCc2cnc3ccccc3c2)CC1=O,325.412,2.152,3,1,4,0.885053316,1,62.3,0.200804256,0.975502956,0.858353066,0.132590516,0.162369507,0.161052646,0.019464874,0.375950903,0.073420709,0.80818553,0.515803057,0.033358432,0.283137554,0.185242511,0.999960327,0.011596413,0.017674685,0.095725756,0.008531189,0.005024858,0.103415286,0.001024151,0.968681526,0.094326266,0.081433257,0.003197797,0.007173517,0.001062141,0.00265146,0.31197387,0.45482015,-4.940599,63.6237283,36.01229956,4.457013497,-11.10924402,2.752264878,1.533989627,62.5916152,-1.903287755,-7.258223388,48.11942613,47.80922838,31.17487398,36.68088406,63.80379992,98.13881349,54.80806514,40.01550989,52.22954634,83.83094223,62.00077549,64.17215975,58.43350136,53.31523846,40.28693292,79.10042652,56.80496316,88.98797984,80.41876696,14.03644824,75.22295463,31.56262117,90.61651803,52.19077162,41.0624273,71.22915859,36.25436216,22.25668864,57.27025979,26.17293525,86.89414502,50.60100814,39.31756495,38.61962001,37.61147732,13.1446297,21.40364482,36.83598294,61.45792943,52.46219465,72.81892206,67.23536254,45.32764637,35.09112059,64.79255525,51.06630477,34.0829779,70.88018612,3.877471888,0,0,1
28,lig_00010935,ZINC000652840969_1,CCN1C[C@H](CNC(=O)Cc2ccc(-n3nc(C)cc3C)cc2)CC1=O,354.454,2.01624,4,1,4,0.862911394,1,67.23,0.102264883,0.807483673,0.844706488,0.020869372,0.075706542,0.19395476,0.027210458,0.252103722,0.028658594,0.83769151,0.586066604,0.088682225,0.226977602,0.35462434,0.999379015,0.014103765,0.032871074,0.021712884,0.011772347,0.009198072,0.095700302,0.001971242,0.9452914,0.139415507,0.145195217,0.004689321,0.00693392,0.001900633,0.005367976,0.205290024,0.397216964,-5.048464634,4.551303606,17.7810764,-4.428372436,-11.47123136,2.643724482,1.097781099,61.90378004,-1.835377671,-1.370190119,54.59480419,46.10314075,46.47150058,36.68088406,63.80379992,96.66537418,54.80806514,44.62970143,34.00542846,56.57231485,59.48041877,41.76037224,44.59092672,60.79875921,45.56029469,70.76386196,41.41139977,93.48584723,83.44319504,34.12175262,69.25164793,43.93175649,70.68631252,57.34780923,61.72935246,48.42962389,39.89918573,34.04420318,53.5866615,34.85847228,78.20860799,55.56417216,53.08259015,44.74602559,36.87475766,17.72004653,29.04226444,21.32609539,58.23962776,45.792943,18.30166731,50.13571152,28.42186894,31.95036836,57.77433114,43.93175649,33.22993408,71.73322993,25.82396278,0,0,1
28,lig_00008136,ZINC000868717016_1,CCN1C[C@@H](NC(=O)C2(c3ccnc4ccccc34)CC2)CC1=O,323.396,2.0034,3,1,4,0.935983694,1,62.3,0.300026323,0.973716831,0.820056355,0.034577576,0.159503366,0.287222821,0.011530044,0.172300979,0.019793644,0.807446027,0.534356606,0.018657759,0.268480283,0.304565334,0.999961138,0.006273246,0.017162742,0.060159961,0.024596273,0.005851805,0.075314166,0.001877583,0.958970571,0.036246258,0.085756057,0.004028386,0.009072202,0.004961874,0.007309369,0.309202908,0.142384486,-4.662168803,48.80487835,20.26591268,19.35665153,-12.61627371,3.099756868,1.390745844,53.57571048,-2.443831676,-3.66399391,47.46025591,45.67661884,31.17487398,36.68088406,63.80379992,100,54.80806514,40.01550989,66.45986817,83.3656456,54.16828228,47.61535479,57.96820473,76.3861962,31.98914308,62.4272974,34.78092284,88.87165568,81.27181078,8.103916247,73.7107406,40.36448236,90.77161691,37.10740597,40.20938348,64.0558356,49.51531601,24.38929818,42.76851493,33.8891043,82.97789841,38.73594416,40.32570764,42.38076774,41.83792168,26.01783637,33.15238465,36.40946103,35.75029081,69.91081815,61.1865064,53.16013959,66.42109345,23.57502908,83.21054672,48.77859636,25.35866615,61.92322606,13.1446297,0,0,1
28,lig_00008137,ZINC000633318908_1,CCN1C[C@@H](NC(=O)C2(c3nccc4ccccc34)CC2)CC1=O,323.396,2.0034,3,1,4,0.935983694,1,62.3,0.32080773,0.96676172,0.831927323,0.102230548,0.251234839,0.254787776,0.023156439,0.193526953,0.031424108,0.765783823,0.682192379,0.0195732,0.249871397,0.369427833,0.999970722,0.007071346,0.013169961,0.100386171,0.028349148,0.007880289,0.097565996,0.002063464,0.957773888,0.046336501,0.124938104,0.008448801,0.01286727,0.009274167,0.008797209,0.34206647,0.14970405,-4.643453623,47.58019976,19.43698806,21.25719433,-13.03064403,3.091016552,1.626023309,56.59192502,-2.648301714,-3.369785348,47.46025591,45.67661884,31.17487398,36.68088406,63.80379992,100,54.80806514,40.01550989,68.12718108,80.96161303,56.64986429,60.33346258,68.74757658,71.81077937,43.23381155,65.14152772,42.9236138,83.21054672,86.54517255,8.491663435,72.00465297,44.82357503,92.43892982,39.55021326,31.75649477,71.73322993,51.88057387,29.85653354,54.28460644,35.59519193,82.62892594,41.45017449,49.94183792,53.08259015,48.81737107,32.76463746,35.98293912,40.09305933,36.7584335,71.19038387,60.33346258,51.99689802,68.08840636,20.20162854,82.82279953,52.73361768,28.38309422,57.85188057,14.92826677,0,0,1
28,lig_00008143,ZINC000452938250_1,CCN1C[C@@H](NC(=O)CC(C)(C)CC(=O)c2ccc(C)cc2)CC1=O,344.455,2.72112,3,1,4,0.773543467,1,66.48,0.169293511,0.89621408,0.873983133,0.023745177,0.470119089,0.207473801,0.05636253,0.214109117,0.124453126,0.748876905,0.748779392,0.142759374,0.215674901,0.201174723,0.999590218,0.007046364,0.014457908,0.021664984,0.009550394,0.004556279,0.048659539,0.004106566,0.97657764,0.315740356,0.152875112,0.002887911,0.011024135,0.010061518,0.003043215,0.438537616,0.224791631,-4.561786221,78.26717669,35.2416817,0.598681262,-8.662616522,2.984925163,1.992075291,67.11259878,-2.873734652,3.595286165,52.53974409,57.61923226,31.17487398,36.68088406,63.80379992,85.22683211,54.80806514,43.95114385,47.30515704,67.04148895,66.22721985,43.42768515,82.78402482,64.01706088,55.68049632,67.42923614,66.26599457,80.34121753,89.22062815,47.57658007,68.24350523,32.91973633,74.60255913,39.4338891,34.81969756,48.35207445,37.72780147,20.78324932,25.43621559,47.11128344,90.61651803,67.19658782,54.43970531,36.87475766,45.36642109,33.50135712,22.72198527,51.49282668,45.01744862,76.30864676,81.58200853,66.5374176,38.23187282,59.7518418,78.05350911,59.7518418,39.86041101,53.00504071,65.41295076,0,0,1
28,lig_00011872,ZINC000452977015_1,CCN1C[C@H](NC(=O)CCc2c(C)nn(Cc3ccc(C)cc3)c2C)CC1=O,382.508,2.52626,4,1,4,0.800146226,1,67.23,0.135319524,0.792232072,0.784846699,0.002940216,0.151651827,0.151854667,0.021829777,0.20782617,0.122764555,0.902886343,0.880490172,0.092778223,0.367489493,0.233904822,0.999258649,0.002995939,0.016039971,0.015980448,0.011035944,0.005978533,0.041887601,0.001326149,0.967737138,0.401499856,0.182791772,0.001248169,0.007501527,0.003761089,0.001636039,0.352143788,0.40380756,-5.139604422,43.55869443,48.43416925,9.324288627,-10.10680305,2.68454426,1.803171059,66.36174454,-2.771649752,-0.323787128,60.9926328,53.62543622,46.47150058,36.68088406,63.80379992,89.18185343,54.80806514,44.62970143,41.10120202,55.0213261,48.35207445,20.24040326,57.23148507,50.60100814,42.41954246,66.84761535,66.07212098,98.5653354,94.10624273,35.3237689,80.53509112,35.63396665,68.94145017,22.68321055,38.15432338,43.19503684,39.04614192,24.77704537,20.51182629,28.96471501,86.54517255,71.15160915,58.86002326,26.40558356,38.73594416,23.73012796,16.6343544,42.03179527,58.54982551,40.28693292,56.72741373,76.3861962,53.19891431,45.36642109,60.64366033,56.41721598,39.08491663,55.06010081,33.81155487,0,0,1
28,lig_00008161,ZINC000584511510_1,CCN1C[C@@H](NC(=O)CCc2cc3ccccc3o2)CC1=O,300.358,2.1024,3,1,4,0.919544675,1,62.55,0.453059596,0.975506818,0.841564214,0.24393809,0.302525952,0.216359563,0.009590249,0.358275566,0.030264924,0.788969707,0.148776536,0.031903443,0.136500669,0.356488845,0.999945199,0.006645711,0.023683666,0.052949484,0.013705459,0.003513695,0.137245913,0.002303566,0.972691762,0.108151885,0.117975085,0.004748219,0.005606689,0.000839794,0.003482374,0.396058398,0.344181906,-4.796712537,62.90135149,25.3236813,62.70663626,-12.16024472,2.212270041,2.101178673,77.42261189,-2.43800207,-7.057413372,40.48080651,47.26638232,31.17487398,36.68088406,63.80379992,99.80612641,54.80806514,40.20938348,79.79837146,83.83094223,58.97634742,72.85769678,72.81892206,65.41295076,29.58511051,78.13105855,42.4970919,86.39007367,61.49670415,13.64870105,57.85188057,44.00930593,88.79410624,38.34819698,49.78673905,62.00077549,41.79914696,16.59557968,67.58433501,37.26250485,89.02675456,52.57851881,48.6622722,44.93989919,32.68708802,12.09771229,24.11787515,47.15005816,54.36215587,61.69057774,72.50872431,57.46413339,90.22877084,26.67700659,30.78712679,62.15587437,52.92749128,61.96200078,4.303993796,0,0,1
28,lig_00008186,ZINC000651088388_1,CCN1C[C@@H](NC(=O)Cc2c(C)nc3ccccc3c2C)CC1=O,325.412,2.13114,3,1,4,0.936556508,1,62.3,0.314461742,0.974423957,0.883006191,0.121996482,0.116811894,0.254243305,0.007247935,0.271703267,0.024880034,0.883606672,0.492248657,0.032482762,0.264556852,0.378758997,0.999914587,0.00909155,0.024163037,0.08328492,0.007933922,0.004392714,0.067601621,0.002293439,0.981433439,0.08943202,0.055134764,0.00346155,0.0044926,0.000879288,0.004340433,0.272615415,0.312733388,-4.736647349,46.48330743,37.44099384,21.1218504,-11.46841487,2.671079333,1.412618454,57.26910956,-2.156921125,-2.866781057,48.11942613,47.65412951,31.17487398,36.68088406,63.80379992,100,54.80806514,40.01550989,67.50678558,83.48196976,68.47615355,63.08646762,52.46219465,71.77200465,26.25048468,72.276076,39.20124079,97.7510663,79.72082202,13.88134936,73.43931756,46.02559131,86.15742536,45.32764637,50.32958511,68.86390074,35.59519193,20.1240791,37.88290035,37.14618069,92.63280341,50.05816208,32.41566499,39.70531214,28.77084141,12.21403645,26.2892594,31.8340442,51.80302443,65.41295076,59.20899573,68.55370299,67.93330748,31.98914308,60.25591314,49.01124467,29.11981388,66.69251648,16.86700271,0,0,1
28,lig_00008309,ZINC000571139482_1,CCN1C[C@@H](NC(=O)N2CCC(=Cc3cccc(OC)c3)CC2)CC1=O,357.454,2.5048,3,1,4,0.900588932,1,61.88,0.233742692,0.974302018,0.763387787,0.061316653,0.236240205,0.231572577,0.036028838,0.483081591,0.069088592,0.775803983,0.309472266,0.027073784,0.34038018,0.297071585,0.99974761,0.004078887,0.039349162,0.091436666,0.006819521,0.002838789,0.131368662,0.001422289,0.982355511,0.115602804,0.139993654,0.00907869,0.005252361,0.002828289,0.010350058,0.210436577,0.44707998,-4.598218277,43.61392507,24.07402602,-10.61979803,-11.36351407,2.954338934,1.88361808,73.86024574,-2.503999548,-0.330750775,55.29274913,53.23768903,31.17487398,36.68088406,63.80379992,99.14695618,54.80806514,39.74408686,57.61923226,83.44319504,44.82357503,54.36215587,67.39046142,68.12718108,49.2826677,84.95540907,55.79682047,84.52888717,72.85769678,11.63241566,79.10042652,39.82163629,78.48003102,28.11167119,67.04148895,70.29856534,34.16052734,14.03644824,66.22721985,29.81775882,92.98177588,53.3927879,52.19077162,53.97440869,31.36874758,21.75261729,38.30942226,22.21791392,61.1865064,74.05971307,56.84373788,56.72741373,18.72818922,32.84218689,76.69639395,57.85188057,48.11942613,60.75998449,33.81155487,0,0,1
28,lig_00012036,ZINC000565758585_1,CCN1C[C@H](NC(=O)N2CCC(C(=O)c3ccc(C)cc3C)CC2)CC1=O,371.481,2.52854,3,1,4,0.827105894,1,69.72,0.090385988,0.967431343,0.834982014,0.011287161,0.16081319,0.286241189,0.034996174,0.386945024,0.021555855,0.769607401,0.305353336,0.075101026,0.183642776,0.306408814,0.99961518,0.014085945,0.081076526,0.026853722,0.002883164,0.00175247,0.106063753,0.00087597,0.981502426,0.30476789,0.119680198,0.006963117,0.002900071,0.004113732,0.006100497,0.139162911,0.323006824,-4.559040662,58.71250431,15.88454698,-8.766883808,-9.366162281,2.932422443,2.035164086,67.35249775,-2.411657726,2.455210232,58.82124855,53.66421093,31.17487398,36.68088406,63.80379992,92.32260566,54.80806514,46.18069019,31.36874758,81.19426134,57.58045754,34.93602171,58.20085304,76.23109732,48.81737107,79.60449787,36.60333463,83.67584335,72.66382319,29.46878635,64.40480807,40.4420318,75.33927879,57.34780923,83.83094223,51.72547499,25.20356727,9.112058938,58.43350136,24.00155099,92.67157813,66.69251648,49.12756883,50.21326095,21.5587437,24.2341993,30.70957736,11.82628926,52.7723924,76.46374564,69.56184568,47.34393176,21.13222179,52.81116712,75.5719271,60.68243505,40.13183404,62.27219853,57.5029081,0,0,1
28,lig_00012045,ZINC001228784887_1,CCN1C[C@H](NC(=O)N2CCC(F)(c3ccccc3OC(F)(F)F)CC2)CC1=O,417.403,3.1762,3,1,4,0.765948166,1,61.88,0.298591983,0.979431474,0.771966863,0.013568935,0.079018524,0.084334992,0.004255626,0.181752048,0.051375986,0.721519208,0.154026543,0.095497344,0.246436694,0.174907126,0.999406111,0.01252673,0.211242452,0.010784913,0.014434654,0.00726396,0.108106432,0.001699442,0.967176187,0.141712664,0.095737197,0.005308999,0.003539463,0.003787506,0.010434686,0.138120371,0.391277212,-4.587319286,39.90071571,42.22824332,-15.79679425,-6.825368391,3.322760983,2.757380507,75.08052329,-3.416605501,-1.8712157,69.36797208,64.4823575,31.17487398,36.68088406,63.80379992,84.02481582,54.80806514,39.74408686,66.38231873,85.53702986,46.14191547,36.83598294,45.36642109,30.70957736,20.97712292,63.78441256,50.94998061,76.19232261,62.00077549,36.06048856,71.57813106,30.74835207,71.22915859,54.40093059,92.4001551,36.64210934,42.65219077,28.42186894,59.09267158,32.80341218,86.39007367,56.02946879,43.03993796,46.45211322,24.66072121,23.73012796,38.46452113,11.59364095,58.00697945,74.68010857,53.5866615,72.66382319,11.51609151,76.89026755,89.25940287,75.10663048,49.82551377,42.65219077,22.25668864,0,0,1
28,lig_00012046,ZINC000455401328_1,CCN1C[C@H](NC(=O)N2CCC(OCCc3ccccc3)CC2)CC1=O,359.47,2.0405,3,1,4,0.845473867,1,61.88,0.232144699,0.979094791,0.550482106,0.019216131,0.217863816,0.107106604,0.033331426,0.284574327,0.092794546,0.714268696,0.120984343,0.023017542,0.326548475,0.110315061,0.99915942,0.006778278,0.039495555,0.036964962,0.006292312,0.003422736,0.132209651,0.001843012,0.956545556,0.082492606,0.120012993,0.011569545,0.008349578,0.002865224,0.012552402,0.451012355,0.49525069,-4.625890079,62.20023112,13.11788843,-1.949748814,-10.80678504,2.778409216,1.834784497,61.03728269,-2.187979127,-2.816023478,55.83559519,46.29701435,31.17487398,36.68088406,63.80379992,94.61031408,54.80806514,39.74408686,57.27025979,85.45948042,22.29546336,40.67468011,65.60682435,37.76657619,48.15820085,73.43931756,60.83753393,75.22295463,58.35595192,10.04265219,78.05350911,21.90771617,67.58433501,38.69716945,67.23536254,56.18456766,33.2687088,16.24660721,66.34354401,33.81155487,82.04730516,48.93369523,49.16634354,58.20085304,40.71345483,21.83016673,41.76037224,52.84994184,63.2415665,72.19852656,71.92710353,43.97053121,32.88096161,38.46452113,66.22721985,56.8825126,32.37689027,66.30476929,17.17720047,0,0,1
28,lig_00012062,ZINC000661273949_1,CCN1C[C@H](NC(=O)N2CCC3(CCc4ccccc4O3)CC2)CC1=O,357.454,2.1766,3,1,4,0.88242756,1,61.88,0.218265601,0.984787321,0.658699143,0.023936895,0.162856162,0.22857393,0.014002065,0.48645128,0.09603725,0.862985897,0.087579811,0.020595941,0.2221865,0.134998021,0.999545896,0.004931638,0.102184275,0.037687667,0.006447004,0.005538583,0.215626252,0.001281326,0.976132047,0.192998751,0.073471031,0.005286705,0.004556022,0.00340094,0.010337483,0.20850071,0.489439589,-4.652797915,49.79572709,34.68228105,8.665292705,-9.88598863,2.908947322,2.120042683,74.14482161,-2.135597515,-4.862121169,55.29274913,47.96432726,31.17487398,36.68088406,63.80379992,97.98371462,54.80806514,39.74408686,55.06010081,88.60023265,30.86467623,43.58278402,58.62737495,67.46801086,35.16867003,85.22683211,61.49670415,96.12252811,53.5866615,8.840635905,68.86390074,25.28111671,73.82706475,31.52384645,86.50639783,56.49476541,33.4625824,23.69135324,81.62078325,28.65451725,90.42264444,60.91508337,37.30127957,46.29701435,28.96471501,23.34238077,38.27064754,21.86894145,63.00891819,70.45366421,62.23342381,65.87824738,52.11322218,47.38270648,74.29236138,62.50484684,48.42962389,66.88639007,8.995734781,0,0,1
28,lig_00008931,ZINC001344868836_1,CCN1C[C@@H](OC(=O)C2(c3cccc(Cl)c3)CCOCC2)CNC1=O,366.845,2.3451,4,1,4,0.830431747,1,67.87,0.437050381,0.917346311,0.875362182,0.057723194,0.562632626,0.152929216,0.041461074,0.133321655,0.046465193,0.671627963,0.540992832,0.127893446,0.322614789,0.407349229,0.999598968,0.013151301,0.030044008,0.025827578,0.028138366,0.006621127,0.085817966,0.008268113,0.978526795,0.058700121,0.090468998,0.00868048,0.007040566,0.005051612,0.019485069,0.455210173,0.205125305,-4.618340995,76.62318432,30.69594843,53.35934934,-10.39715228,2.846200914,2.047876106,70.76719565,-2.772714323,3.446571423,57.5029081,50.44590927,46.47150058,36.68088406,63.80379992,92.78790229,54.80806514,44.99806126,78.51880574,70.10469174,66.34354401,53.74176037,86.2349748,50.91120589,51.41527724,56.33966654,49.08879411,69.36797208,81.54323381,44.59092672,77.85963552,48.00310198,74.75765801,55.91314463,59.1314463,51.10507949,51.72547499,26.79333075,48.50717332,58.16207832,91.54711128,45.1725475,41.64404808,53.50911206,37.18495541,26.36680884,48.50717332,53.35401318,43.1174874,72.58627375,80.88406359,62.38852268,88.05738658,42.3032183,70.56998837,61.03140752,44.62970143,55.06010081,64.44358278,0,0,1
28,lig_00012723,ZINC001650472702_1,CCN1C[C@H](OC(=O)c2ccc(Cn3cccc3)cc2)CNC1=O,327.384,2.1069,4,1,4,0.855619894,1,63.57,0.289548111,0.850537789,0.782410467,0.259353384,0.691675651,0.251879905,0.2038893,0.141184704,0.225434577,0.374208248,0.332625437,0.055041465,0.365863574,0.490967137,0.998287654,0.013722063,0.026220408,0.069702449,0.030246606,0.011011237,0.170776249,0.004492695,0.917180049,0.044113126,0.07942303,0.036698637,0.015390295,0.011828521,0.016220063,0.451652014,0.323514774,-4.729538828,101.5725837,40.36757253,32.2466303,-12.71051008,2.457416392,1.972545246,69.80087282,-2.673158613,-2.389020612,48.58472276,47.26638232,46.47150058,36.68088406,63.80379992,95.61845677,54.80806514,41.60527336,65.25785188,61.49670415,47.8480031,73.74951532,90.69406747,71.53935634,76.30864676,57.5029081,75.22295463,39.31756495,73.59441644,22.06281504,80.41876696,53.43156262,60.13958899,56.99883676,53.35401318,66.26599457,53.23768903,38.23187282,74.79643273,49.16634354,70.72508724,40.8685537,38.65839473,76.58006979,52.26832105,35.5176425,45.59906941,52.88871656,52.7723924,65.64559907,90.73284219,70.99651028,77.31678945,22.76075998,45.09499806,59.48041877,43.58278402,57.42535867,19.27103528,0,0,1
28,lig_00008955,ZINC001519543287_1,CCN1C[C@@H](c2nnc(N3CCC(Nc4cccc(C)c4)CC3)n2C)CC1=O,382.512,2.54022,6,1,4,0.860836852,1,66.29,0.132151395,0.903624725,0.821447301,0.009104569,0.117758065,0.108071808,0.021278555,0.389642572,0.112501691,0.881452096,0.404260209,0.042208834,0.234054315,0.301212478,0.999625361,0.002489475,0.018445946,0.052905106,0.006272895,0.005032338,0.09274775,0.000725995,0.966689074,0.368766192,0.185007823,0.00499077,0.013274915,0.00404645,0.004696475,0.184481758,0.458884162,-5.057827821,35.68090538,21.98788996,17.08854762,-9.540108071,2.881505257,2.240098433,73.54401934,-2.544166013,8.837053569,60.9926328,53.78053509,69.5036836,36.68088406,63.80379992,96.43272586,54.80806514,43.50523459,40.32570764,68.1659558,54.36215587,32.60953858,52.65606824,38.15432338,41.95424583,79.64327259,64.21093447,97.67351687,76.65761923,17.4486235,69.98836758,40.05428461,75.49437767,19.54245832,42.38076774,62.00077549,33.19115936,22.29546336,52.1519969,22.29546336,86.2349748,69.67816983,59.17022102,45.48274525,49.51531601,24.04032571,27.53005041,18.37921675,61.53547887,45.25009694,49.98061264,54.98255138,63.93951144,50.94998061,72.62504847,64.98642885,47.77045366,59.98449011,89.18185343,0,0,1
28,lig_00012806,ZINC000072418973_1,CCN1C[C@]2(CCCN(C(=O)Cc3ccc(O)c(Cl)c3)C2)CCC1=O,364.873,2.8392,3,1,4,0.896663255,1,60.85,0.071914968,0.759640384,0.472384703,0.038811583,0.118772153,0.093173523,0.034478633,0.269240209,0.16127359,0.860553432,0.810180473,0.028442448,0.196736711,0.034549804,0.999604213,0.063398517,0.061912493,0.026225905,0.067838975,0.118994118,0.364280176,0.00337354,0.91466552,0.083687951,0.202946112,0.009415813,0.025711327,0.012938298,0.022723488,0.433349031,0.435498714,-5.054336681,73.94576053,32.64464351,-3.770649341,-9.064154481,2.813749069,1.857809953,69.09166116,-3.447471857,1.091346225,57.11516092,59.36409461,31.17487398,36.68088406,63.80379992,98.91430787,54.80806514,39.39511439,26.32803412,52.03567274,18.03024428,49.20511826,52.88871656,33.65645599,48.6622722,72.15975184,70.10469174,95.96742924,91.00426522,12.17526173,65.99457154,8.956960062,74.87398216,87.04924389,78.51880574,51.37650252,66.34354401,89.60837534,91.50833656,43.54400931,70.2210159,49.2826677,61.69057774,54.47848003,62.38852268,36.48701047,51.02753005,51.22140364,60.44978674,45.52151997,79.37184955,64.01706088,29.74020938,56.18456766,68.90267546,57.15393563,42.41954246,42.34199302,45.94804188,0,0,1
28,lig_00013472,ZINC001515952528_1,CCNC(=O)C(C)(C)Cn1c(C)nnc1N1Cc2ccccc2[C@@H]1C,341.459,2.83002,5,1,4,0.908225596,1,63.05,0.161707503,0.922358763,0.864541399,0.002769451,0.108857972,0.14323696,0.034937593,0.095762561,0.113248836,0.880988061,0.540293434,0.160319766,0.182402015,0.186808837,0.999300826,0.002340402,0.0129137,0.044969819,0.017803762,0.00936082,0.053224529,0.00057029,0.945898068,0.168097132,0.133782671,0.000605581,0.005786722,0.009590226,0.002577319,0.279306236,0.33313103,-4.867965978,37.26820585,50.33900012,19.16893507,-8.196889361,3.186584393,2.585057308,76.10041718,-3.348727554,2.89564361,52.03567274,59.28654517,59.11205894,36.68088406,63.80379992,99.49592865,54.80806514,40.28693292,46.06436603,70.8414114,63.55176425,19.65878247,51.18262893,48.85614579,48.81737107,47.69290423,64.32725863,97.67351687,81.54323381,51.10507949,64.24970919,31.64017061,69.48429624,18.6894145,31.17487398,59.32531989,45.36642109,34.35440093,28.57696782,20.16285382,78.40248158,58.86002326,51.18262893,17.95269484,33.15238465,33.07483521,21.09344707,32.60953858,53.50911206,56.92128732,51.14385421,77.74331136,66.18844513,64.24970919,86.11865064,72.04342769,50.79488174,43.85420706,60.33346258,0,0,1
28,lig_00013387,ZINC001767166858_1,CCNC(=O)C(C)(C)Cn1c(C)nnc1N(C)[C@H](C)c1ccc(F)c(F)c1,379.455,3.22442,5,1,4,0.802337736,1,63.05,0.071966593,0.896864665,0.91098609,0.005578413,0.38203689,0.17652258,0.119531765,0.0401034,0.203694645,0.875389266,0.835134172,0.348612177,0.165691578,0.20908627,0.999374831,0.005384228,0.017022763,0.015874411,0.048883657,0.006543018,0.031707321,0.00065037,0.969435048,0.233325025,0.188553458,0.000353472,0.003010888,0.013700199,0.001043013,0.228218251,0.482237518,-4.689591053,41.64560622,56.90299846,23.51770229,-7.568114033,2.861034897,2.435447426,70.42132256,-3.509223869,8.404498623,60.44978674,65.14152772,59.11205894,36.68088406,63.80379992,89.60837534,54.80806514,40.28693292,26.32803412,67.11903839,76.92904226,26.87088019,77.43311361,56.84373788,68.39860411,28.65451725,73.74951532,97.1306708,92.08995735,77.89841024,62.31097325,33.69523071,70.68631252,33.38503296,40.01550989,43.07871268,60.44978674,26.67700659,13.53237689,21.3648701,87.28189221,63.2415665,59.7518418,13.88134936,22.14036448,37.18495541,12.91198139,24.69949593,62.58239628,67.9720822,55.06010081,81.58200853,70.18224118,70.2210159,71.4618069,68.5924777,44.24195425,40.98487786,88.17371074,0,0,1
28,lig_00013385,ZINC001746475657_1,CCNC(=O)C(C)(C)Cn1c(C)nnc1N(C)[C@@H]1CCc2ccccc21,355.486,2.87252,5,1,4,0.865379615,1,63.05,0.140467099,0.954619741,0.86928432,0.005297536,0.222185862,0.194130908,0.070541709,0.173856004,0.203750536,0.922612596,0.751796013,0.155213778,0.245139001,0.168877312,0.999537969,0.002733549,0.014080404,0.075192846,0.028186147,0.013769797,0.055129484,0.000704769,0.966337276,0.234524575,0.196266685,0.001321121,0.008049055,0.033023512,0.003882649,0.238466915,0.482056761,-4.821310366,40.63874407,56.98907029,23.99121565,-7.677132868,3.173616787,2.892504826,82.93418083,-3.466316696,3.286887187,54.78867778,60.06203955,59.11205894,36.68088406,63.80379992,96.89802249,54.80806514,40.28693292,42.22566886,77.2004653,64.79255525,26.32803412,66.14967041,60.83753393,59.36409461,62.69872043,73.78829003,99.3796045,89.33695231,50.01938736,71.38425746,29.85653354,73.63319116,21.24854595,33.81155487,67.39046142,51.80302443,43.46645987,30.01163242,22.10158976,86.11865064,63.35789066,60.68243505,27.29740209,40.09305933,48.77859636,25.39744087,26.75455603,62.54362156,59.71306708,54.36215587,81.62078325,70.64753781,69.44552152,85.88600233,77.89841024,60.33346258,42.07056999,62.97014347,0,0,1
28,lig_00013395,ZINC001433370478_1,CCNC(=O)C(C)(C)Cn1c(C)nnc1N(C)c1ccc(C)cc1,329.448,2.82514,5,1,4,0.885005952,0,63.05,0.068776234,0.922100186,0.908698666,0.010396942,0.249552619,0.226994574,0.066989633,0.134871961,0.074476621,0.874424481,0.560807201,0.23481538,0.136368512,0.258338293,0.999247324,0.001976538,0.010356233,0.049402214,0.02203739,0.00988337,0.047374966,0.000697216,0.973110521,0.123394018,0.164371522,0.000924501,0.007493345,0.00878227,0.001764289,0.287917605,0.343724531,-4.714751098,36.18707366,39.77031335,27.73608447,-8.49241474,2.86276393,2.129573146,71.40721473,-3.132693721,2.185582925,49.12756883,59.24777045,59.11205894,36.68088406,63.80379992,98.13881349,22.48933695,40.28693292,25.55253974,70.80263668,76.19232261,34.31562621,68.55370299,67.08026367,58.43350136,56.57231485,56.99883676,97.09189608,82.47382706,63.97828616,57.85188057,37.18495541,68.7863513,16.59557968,25.97906165,60.75998449,48.19697557,36.02171384,24.73827065,22.02404033,89.25940287,53.97440869,55.99069407,22.48933695,38.73594416,32.29934083,17.17720047,34.04420318,54.32338116,66.45986817,50.25203567,70.68631252,74.25358666,61.61302831,71.6556805,62.77626987,45.40519581,48.19697557,55.37029857,0,0,1
28,lig_00013474,ZINC001710309968_1,CCNC(=O)C(C)(C)Cn1c(C2CC2)nnc1N(C)C1Cc2ccccc2C1,381.524,2.9214,5,1,4,0.80098135,0,63.05,0.242158839,0.960596025,0.8536708,0.009683704,0.497873458,0.369607261,0.12338523,0.245429784,0.315371382,0.932544398,0.8831249,0.13986108,0.251658929,0.238775449,0.999718451,0.001899378,0.010359798,0.065814036,0.017147127,0.009745691,0.044479236,0.001489833,0.981941772,0.341022864,0.27273812,0.003631812,0.017254377,0.040765494,0.005100368,0.239564714,0.472686923,-4.659730072,45.82745182,55.28487228,27.36341355,-7.632137155,3.159146591,3.341553437,83.79744487,-3.848913478,5.171337818,60.87630865,60.64366033,59.11205894,36.68088406,63.80379992,89.37572703,22.48933695,40.28693292,58.62737495,78.79022877,61.30283055,33.38503296,83.83094223,85.26560682,68.86390074,70.45366421,79.10042652,99.61225281,94.33889104,47.18883288,72.12097712,35.82784025,77.47188833,16.24660721,25.97906165,65.37417604,44.90112447,35.47886778,22.76075998,30.51570376,92.82667701,68.24350523,69.01899961,40.36448236,54.8274525,51.41527724,28.49941838,26.90965491,62.07832493,70.0271423,58.74369911,80.65141528,73.94338891,69.67816983,85.34315626,87.32066693,61.76812718,34.62582396,75.7658007,0,0,1
28,lig_00013477,ZINC001296240089_1,CCNC(=O)C(C)(C)Cn1c(C2CC2)nnc1N(C)c1ccc(C)cc1,355.486,3.39412,5,1,4,0.826775652,0,63.05,0.144596346,0.951537693,0.906534576,0.020860558,0.566230115,0.299908915,0.200225244,0.187169319,0.190029052,0.902364373,0.895716226,0.177667724,0.213653676,0.229769284,0.999894309,0.002562571,0.009738477,0.068451081,0.030534724,0.012653717,0.05481516,0.00164175,0.982995999,0.22496618,0.341321027,0.003670708,0.02857858,0.052955097,0.005889716,0.252324879,0.401452351,-4.646758378,48.27847748,51.97171952,20.93819281,-7.406648945,2.977125064,3.164563362,83.89347996,-4.020662005,2.070531635,54.78867778,67.73943389,59.11205894,36.68088406,63.80379992,92.32260566,22.48933695,40.28693292,43.00116324,76.65761923,75.61070182,41.76037224,86.46762311,78.16983327,75.84335014,64.52113222,72.78014734,98.48778596,94.68786351,54.51725475,67.9720822,35.44009306,84.87785964,20.00775494,24.38929818,65.87824738,53.35401318,41.6828228,29.81775882,32.10546724,93.52462195,62.85381931,74.05971307,40.55835595,64.40480807,54.8274525,30.16673129,29.31368748,58.47227608,70.91896084,60.72120977,78.36370686,67.73943389,71.96587825,77.70453664,84.25746413,61.92322606,31.32997286,54.59480419,0,0,1
28,lig_00013500,ZINC001547745984_1,CCNC(=O)C(C)(C)Cn1c(C2CC2)nnc1N1CCc2ccccc2[C@H]1C,381.524,3.4415,5,1,4,0.832517871,1,63.05,0.218855153,0.956608653,0.831486428,0.009476903,0.43723599,0.257165971,0.177328166,0.212386285,0.344017398,0.915696251,0.921223426,0.117861202,0.263884477,0.214635317,0.999834228,0.002630653,0.010260563,0.085772607,0.02990784,0.013726421,0.060283537,0.001994019,0.973070359,0.352843153,0.3694296,0.004099715,0.031462348,0.07194088,0.010848074,0.24631761,0.496355301,-4.878659059,48.87585338,65.30003404,7.788374418,-7.109968468,3.174779544,3.440655213,87.90198001,-4.311203567,3.764483278,60.87630865,68.63125242,59.11205894,36.68088406,63.80379992,93.0205506,54.80806514,40.28693292,55.17642497,77.8208608,56.41721598,33.07483521,81.07793718,72.04342769,74.17603722,67.27413726,80.92283831,99.14695618,95.73478092,42.53586661,73.24544397,34.27685149,82.35750291,20.39550213,25.63008918,69.13532377,52.92749128,43.38891043,33.15238465,35.12989531,89.22062815,68.86390074,75.88212485,42.69096549,66.65374176,58.86002326,39.47266382,28.15044591,63.31911594,56.41721598,61.26405584,85.11050795,51.02753005,74.09848779,85.88600233,88.63900737,69.6006204,25.55253974,66.65374176,0,0,1
28,lig_00013502,ZINC001296238822_1,CCNC(=O)C(C)(C)Cn1c(C2CC2)nnc1N1Cc2ccccc2[C@@H]1C,367.497,3.399,5,1,4,0.849909063,1,63.05,0.246198784,0.949666488,0.834705222,0.007906497,0.344141741,0.229576278,0.135646075,0.155374324,0.246973187,0.896622539,0.885379958,0.123154159,0.22541111,0.203111057,0.999798441,0.002731215,0.009900318,0.073958845,0.031594726,0.014249124,0.062899753,0.00155215,0.966473043,0.209290281,0.321324474,0.003025169,0.024676419,0.060880213,0.00999198,0.283961585,0.373051447,-4.857955965,43.53029693,56.12065943,8.48663701,-7.277935539,3.182748776,3.391243023,86.07042229,-4.318762447,2.454565881,57.65800698,67.85575805,59.11205894,36.68088406,63.80379992,95.03683598,54.80806514,40.28693292,59.48041877,76.30864676,57.46413339,31.01977511,75.72702598,67.73943389,70.29856534,59.7518418,76.15354789,98.29391237,94.53276464,43.50523459,69.09654905,33.22993408,80.84528887,21.24854595,24.66072121,67.15781311,53.85808453,44.3582784,34.89724699,31.09732454,86.15742536,62.07832493,72.81892206,37.76657619,61.57425359,56.37844126,37.80535091,33.61768127,56.41721598,57.54168282,56.68863901,81.15548662,51.91934858,73.01279566,86.0411012,88.21248546,65.64559907,25.43621559,57.46413339,0,0,1
28,lig_00013588,ZINC001767184492_1,CCNC(=O)C(C)(C)Cn1c(CC2CC2)nnc1N1Cc2ccccc2[C@@H]1C,381.524,3.4741,5,1,4,0.797589158,1,63.05,0.254673265,0.9568151,0.806490588,0.007737772,0.401571918,0.229315826,0.159237962,0.172232096,0.428233993,0.90661943,0.930854785,0.138112508,0.293347384,0.187834081,0.99982276,0.002447183,0.007885844,0.071031398,0.033265516,0.013644597,0.051309781,0.001697266,0.967661548,0.323054484,0.348560578,0.002440961,0.031905155,0.073632428,0.009232718,0.316176513,0.484927112,-4.914809166,48.80889836,66.15284731,7.399076201,-6.911095456,3.202416771,3.504700087,88.69760552,-4.350908934,3.445005054,60.87630865,69.21287321,59.11205894,36.68088406,63.80379992,88.63900737,54.80806514,40.28693292,61.03140752,77.8208608,51.84179915,30.78712679,78.67390461,67.70065917,72.85769678,62.4272974,83.75339279,98.72043428,96.12252811,46.80108569,75.84335014,31.71772005,81.930981,19.23226057,20.43427685,66.5374176,54.86622722,43.23381155,27.56882513,32.76463746,86.39007367,67.62310973,74.75765801,34.78092284,67.04148895,59.20899573,36.37068631,37.22373013,62.73749515,53.97440869,61.1865064,85.65335401,50.36835983,75.84335014,86.42884839,89.49205118,70.88018612,24.81582009,64.44358278,0,0,1
28,lig_00013838,ZINC001313975373_1,CCNC(=O)C1(Cn2c(C)nnc2N2CCc3cc(C)ccc32)CCC1,353.47,2.89554,5,1,4,0.897694527,0,63.05,0.188485607,0.978629839,0.895084524,0.028813525,0.321604007,0.227829239,0.099384766,0.283744228,0.217270967,0.894321024,0.908437836,0.077189628,0.24809289,0.224221282,0.999966145,0.004825182,0.025061384,0.10178456,0.026706097,0.014603161,0.094015978,0.001593164,0.972360301,0.336048284,0.234437285,0.010357863,0.023182601,0.032910969,0.012732286,0.201842494,0.46344952,-4.859024274,42.88722394,58.53486731,19.07065429,-7.83586283,3.0928062,3.158720177,83.40365161,-3.57164521,4.115577453,54.28460644,60.33346258,59.11205894,36.68088406,63.80379992,99.03063203,22.48933695,40.28693292,50.13571152,85.34315626,71.57813106,45.792943,73.98216363,67.19658782,65.18030244,73.40054285,74.75765801,98.10003877,95.30825902,29.9728577,71.88832881,34.97479643,91.74098488,31.2136487,51.84179915,72.12097712,50.94998061,45.1725475,52.65606824,31.48507173,88.75533152,68.04963164,64.94765413,56.2621171,60.02326483,48.77859636,41.99302055,20.7444746,61.57425359,57.5029081,56.22334238,82.04730516,66.14967041,67.73943389,82.86157425,84.14113998,61.03140752,39.58898798,68.7863513,0,0,1
28,lig_00013857,ZINC001433370437_1,CCNC(=O)C1(Cn2c(C)nnc2N2Cc3ccccc3C2)CCC1,339.443,2.41312,5,1,4,0.9085715,0,63.05,0.298690736,0.980081451,0.913440156,0.028523266,0.272551826,0.205658634,0.066418621,0.245986199,0.197931111,0.842391324,0.666796851,0.076230862,0.20473441,0.182137207,0.999936795,0.00393644,0.015258152,0.07404796,0.016776556,0.010256079,0.079936232,0.001173401,0.944380665,0.17241922,0.160841279,0.007950238,0.01691734,0.019298583,0.008881991,0.311425623,0.40045765,-4.877906404,35.22793603,47.20642186,12.24624741,-8.096314675,3.20466516,2.742510385,76.67367259,-3.290941174,0.567247243,51.45405196,51.68670027,59.11205894,36.68088406,63.80379992,99.57347809,22.48933695,40.28693292,66.38231873,85.92477705,78.01473439,45.48274525,70.45366421,63.55176425,58.3171772,70.45366421,73.40054285,93.98991857,85.80845289,29.74020938,67.11903839,31.25242342,87.82473827,27.41372625,36.37068631,67.15781311,44.552152,36.56455991,45.13377278,27.68514928,77.85963552,59.24777045,55.68049632,52.42341993,54.55602947,41.29507561,36.02171384,36.7584335,58.43350136,56.45599069,49.2826677,75.61070182,57.96820473,65.45172547,86.42884839,74.91275688,51.76424971,44.9786739,41.56649864,0,0,1
28,lig_00013758,ZINC001767188896_1,CCNC(=O)C1(Cn2c(C)nnc2N(C)C2Cc3ccccc3C2)CCC1,367.497,2.49652,5,1,4,0.852052786,0,63.05,0.25940211,0.974945641,0.905226004,0.012605395,0.299001966,0.319266614,0.041962683,0.26753999,0.217191869,0.919612586,0.858200037,0.096795493,0.310257183,0.186461554,0.999858963,0.003140518,0.020481293,0.054320839,0.01223165,0.009052839,0.056336665,0.001028697,0.971783817,0.348812923,0.151983538,0.006226223,0.010547252,0.015450403,0.004198765,0.208888708,0.463757145,-4.737969586,47.29783281,54.15146857,32.95333627,-7.7954956,3.154311748,3.11485669,81.69266215,-3.233883476,6.381943387,57.65800698,53.12136487,59.11205894,36.68088406,63.80379992,95.23070958,22.48933695,40.28693292,61.61302831,83.63706863,74.87398216,36.06048856,72.54749903,80.26366809,51.49282668,72.00465297,74.75765801,99.30205506,93.0205506,36.25436216,77.12291586,31.60139589,83.32687088,23.6138038,45.36642109,62.46607212,40.48080651,33.69523071,30.74835207,26.25048468,88.44513377,68.70880186,54.28460644,48.77859636,44.59092672,38.65839473,25.97906165,21.94649089,61.57425359,65.37417604,60.10081427,79.83714618,77.78208608,68.28227995,85.14928267,83.01667313,58.74369911,45.83171772,81.73710741,0,0,1
28,lig_00013786,ZINC001695917563_1,CCNC(=O)C1(Cn2c(C)nnc2N(C)[C@H](C)c2ccc(F)c(F)c2)CCC1,391.466,3.36852,5,1,4,0.786115871,1,63.05,0.206351884,0.960365593,0.928215134,0.012463408,0.407256767,0.18563074,0.142839001,0.074909934,0.307524151,0.857290399,0.965284312,0.228933062,0.339714515,0.198461377,0.999921644,0.011744702,0.02670819,0.020814357,0.05511588,0.007744232,0.043729943,0.001046261,0.962062168,0.281817278,0.254152408,0.003076339,0.006877286,0.040142358,0.002931059,0.192985314,0.464034498,-4.649051929,51.31145885,64.42198807,11.13329155,-7.186536294,2.907623091,2.910248881,77.26198801,-3.89847041,6.708594249,63.43544009,67.19658782,59.11205894,36.68088406,63.80379992,87.01046917,54.80806514,40.28693292,52.84994184,78.79022877,82.62892594,35.9441644,79.13920124,59.01512214,70.91896084,41.60527336,78.86777821,95.65723149,98.25513765,63.08646762,78.94532765,32.68708802,86.62272199,52.61729352,53.97440869,47.53780535,62.77626987,29.50756107,22.02404033,26.44435828,84.41256301,65.64559907,66.88639007,37.96044979,36.7584335,51.14385421,22.21791392,19.38735944,61.57425359,70.76386196,63.31911594,84.83908492,55.91314463,73.67196588,74.25358666,78.40248158,52.73361768,33.77278015,82.86157425,0,0,1
28,lig_00013956,ZINC000121655081_1,CCNC(=O)C1CN(C(=O)[C@@H](C)c2cc3ccccc3o2)C1,300.358,2.1308,3,1,4,0.940597982,1,62.55,0.112084806,0.953247535,0.765849829,0.235645971,0.429174939,0.227771297,0.039423664,0.352562124,0.032522701,0.725729263,0.232353105,0.027483006,0.067976057,0.281546809,0.999947166,0.007450245,0.018713866,0.09099856,0.01862193,0.005008101,0.101683258,0.001576394,0.958960962,0.053335333,0.18089921,0.004249945,0.008380164,0.00125796,0.002535847,0.314314458,0.386401507,-4.708970892,52.2273304,14.20474427,34.42615505,-11.59343616,2.484018389,1.709778351,75.043574,-2.615628171,-6.066080295,40.48080651,47.65412951,31.17487398,36.68088406,63.80379992,100,54.80806514,40.20938348,36.138038,77.0065917,45.09499806,72.35362544,80.65141528,67.19658782,50.79488174,77.78208608,43.54400931,76.69639395,68.28227995,11.9038387,42.72974021,38.85226832,89.10430399,40.67468011,42.72974021,70.2210159,46.06436603,22.21791392,56.49476541,31.32997286,82.97789841,43.7378829,58.62737495,43.07871268,40.82977898,14.61806902,20.9383482,37.10740597,57.77433114,66.96393951,64.24970919,45.32764637,79.17797596,30.86467623,46.87863513,54.74990306,49.78673905,58.51105079,5.777433114,0,0,1
28,lig_00014145,ZINC000110621325_1,CCNC(=O)CCC(=O)N(C)[C@H](C)c1cc2ccccc2o1,302.374,2.8685,3,1,4,0.892168268,1,62.55,0.132265505,0.959213936,0.695444441,0.133805853,0.278115651,0.254342556,0.0311169,0.264777148,0.052752827,0.733937335,0.0867459,0.065220872,0.076556519,0.223584671,0.999508965,0.010484723,0.02165405,0.043200425,0.019946832,0.009045891,0.126410463,0.001583776,0.955715895,0.051752464,0.083689636,0.002183467,0.006969188,0.002986978,0.003056683,0.331736571,0.386380357,-4.69279949,69.57781776,55.1242228,75.43198076,-10.70605761,2.028388781,2.05685962,79.01947731,-2.64266563,-2.661119222,41.29507561,59.98449011,31.17487398,36.68088406,63.80379992,98.759209,54.80806514,40.20938348,40.32570764,78.51880574,35.63396665,64.40480807,70.88018612,71.77200465,47.26638232,71.84955409,51.3377278,78.01473439,53.43156262,26.05661109,44.9786739,34.81969756,72.97402094,49.43776658,47.38270648,58.66614967,47.03373401,33.69523071,65.14152772,31.44629701,81.89220628,42.96238852,39.74408686,33.61768127,36.9523071,22.21791392,22.72198527,39.0073672,57.77433114,67.89453276,76.69639395,80.4963164,92.90422644,39.4338891,21.17099651,61.03140752,55.447848,57.89065529,17.75882125,0,0,1
28,lig_00014169,ZINC000604028794_1,CCNC(=O)CCC(=O)N1CCC(C(=O)c2c(F)cc(F)cc2F)CC1,370.371,2.4415,3,1,4,0.782512398,0,66.48,0.152185093,0.983264732,0.919742894,0.00721569,0.109127695,0.119214936,0.030189368,0.219015652,0.040738671,0.654269624,0.042335752,0.138029449,0.182731557,0.253052479,0.998606718,0.032603021,0.052746908,0.007764023,0.005267214,0.001513596,0.04345619,0.00075659,0.956050396,0.098479958,0.063604699,0.003171024,0.000882814,0.000642448,0.002853921,0.12161008,0.321574141,-4.540504001,33.27552009,-4.788268784,11.75719622,-9.193346407,3.160037826,1.317648835,53.4956654,-2.56170182,4.544774759,58.35595192,52.1519969,31.17487398,36.68088406,63.80379992,86.42884839,22.48933695,43.95114385,44.39705312,87.86351299,79.8759209,29.9728577,51.18262893,41.6828228,47.11128344,68.04963164,47.49903063,67.50678558,44.93989919,46.80108569,64.32725863,36.7584335,62.23342381,77.74331136,74.68010857,31.91159364,31.32997286,8.220240403,21.86894145,22.60566111,81.96975572,51.18262893,34.74214812,38.42574641,9.073284219,10.31407522,22.06281504,8.801861187,52.61729352,77.6269872,47.07250872,22.3730128,57.03761148,55.06010081,85.49825514,47.65412951,25.31989143,59.59674292,71.69445522,0,0,1
28,lig_00014177,ZINC000854756075_1,CCNC(=O)CCC(=O)N1CCC(c2ccnc3ccccc23)CC1,339.439,2.8571,3,1,4,0.910985805,0,62.3,0.080762662,0.985305429,0.563667953,0.035697777,0.266666304,0.148374002,0.05171288,0.367636102,0.116454952,0.81113528,0.229545696,0.018515959,0.263493964,0.157730488,0.999721408,0.011503495,0.029790483,0.08548187,0.013547628,0.007965347,0.145596041,0.001100433,0.967960775,0.167430748,0.131369513,0.002653418,0.013279402,0.001878707,0.004027,0.331503338,0.443604833,-4.902547335,50.81993109,30.29373994,17.20630935,-10.38869585,2.547989816,1.923082026,70.56465399,-2.478255035,-2.776660088,51.41527724,59.90694067,31.17487398,36.68088406,63.80379992,99.68980225,22.48933695,40.01550989,28.73206669,89.02675456,22.83830942,47.92555254,70.10469174,50.13571152,54.32338116,78.71267933,64.75378054,89.49205118,68.08840636,8.026366809,73.24544397,28.61574254,77.58821249,51.99689802,58.78247383,69.09654905,41.60527336,30.08918185,69.63939511,26.79333075,86.58394727,58.82124855,50.94998061,36.09926328,49.51531601,17.68127181,25.6688639,38.96859248,61.03140752,54.90500194,62.77626987,62.11709965,64.09461031,42.34199302,51.45405196,58.54982551,44.51337728,61.14773168,17.37107406,0,0,1
28,lig_00014188,ZINC000131644072_1,CCNC(=O)CCC(=O)N1CCC[C@@H](C(=O)c2ccc(F)cc2)C1,334.391,2.1633,3,1,4,0.8109,1,66.48,0.197367139,0.986479473,0.905900121,0.034597546,0.163398242,0.110717124,0.020585673,0.386465287,0.116717277,0.634010339,0.164016274,0.066976921,0.267732951,0.139837915,0.999842823,0.031619235,0.047704472,0.025414441,0.009470463,0.003279676,0.098094595,0.000501392,0.963767552,0.118186589,0.090415515,0.003865888,0.002169865,0.000766912,0.002215916,0.210823183,0.368711957,-4.730606769,51.7809209,-6.512656204,-0.400599304,-9.839758281,2.793915391,1.527449883,57.64357143,-2.345547548,7.847044375,50.17448623,47.8480031,31.17487398,36.68088406,63.80379992,90.53896859,54.80806514,43.95114385,51.57037611,89.56960062,75.37805351,47.61535479,58.66614967,39.08491663,41.48894921,79.60449787,64.83132997,64.83132997,63.20279178,26.63823187,73.67196588,26.01783637,82.70647538,77.35556417,71.50058162,50.91120589,37.53392788,15.54866227,54.47848003,18.84451338,85.14928267,53.5866615,41.60527336,41.41139977,17.75882125,11.63241566,19.73633191,22.25668864,56.22334238,65.56804963,63.78441256,20.00775494,36.29313687,48.11942613,67.39046142,51.02753005,29.43001163,63.31911594,86.6614967,0,0,1
28,lig_00014199,ZINC000104021936_1,CCNC(=O)CCC(=O)N1CCC[C@@H]1c1ccc2c(c1)OCCO2,332.4,2.0376,4,1,4,0.895840005,1,67.87,0.16414022,0.927729309,0.801640368,0.054792699,0.167982906,0.094564828,0.016475744,0.328679836,0.046990171,0.728254139,0.252640963,0.038122248,0.08048204,0.218592234,0.999092162,0.017299852,0.054737895,0.019016361,0.009654592,0.010334687,0.185935655,0.00193041,0.893827009,0.073939226,0.099861843,0.004278453,0.004453399,0.001122635,0.007314639,0.24606823,0.18867646,-4.778110659,58.90249603,13.38182421,31.50392553,-10.6351791,2.116450853,1.229163665,64.58375697,-2.50922486,1.546277771,49.70918961,46.29701435,46.47150058,36.68088406,63.80379992,98.91430787,54.80806514,44.99806126,46.49088794,71.61690578,51.10507949,53.31523846,59.1314463,33.96665374,37.68902675,76.34742148,49.39899186,77.27801473,69.48429624,15.78131059,46.37456378,34.47072509,66.96393951,63.16401706,75.49437767,45.9868166,37.76657619,36.91353238,77.89841024,34.47072509,65.99457154,47.53780535,44.00930593,43.27258627,28.77084141,13.3385033,33.15238465,28.15044591,41.25630089,62.93136875,69.71694455,44.20317953,76.58006979,40.28693292,25.78518806,46.02559131,36.7584335,60.72120977,50.05816208,0,0,1
28,lig_00014375,ZINC000185819743_1,CCNC(=O)CCCC(=O)N1C[C@H]2CCC(=O)c3cccc1c32,314.385,2.3997,3,1,4,0.907281453,1,66.48,0.310125282,0.991047895,0.831679106,0.251782613,0.427026376,0.190586758,0.137377504,0.354014155,0.164033265,0.716001916,0.289280218,0.086312833,0.110488559,0.338580778,0.99983741,0.058421112,0.07495551,0.156972519,0.017031513,0.004753901,0.174967942,0.002670275,0.970411468,0.197311561,0.1639136,0.020320036,0.010315445,0.052860476,0.066884375,0.295461372,0.286843538,-4.759194302,60.07010405,15.49831115,5.287730978,-9.534291293,2.923143247,1.755667129,57.41220076,-2.703072843,0.87165605,45.1725475,51.37650252,31.17487398,36.68088406,63.80379992,99.49592865,54.80806514,43.95114385,67.04148895,92.32260566,56.53354013,73.24544397,80.57386584,60.06203955,70.60876309,77.85963552,70.33734005,75.41682823,71.6556805,33.34625824,53.3927879,42.88483908,82.39627763,86.31252423,82.59015122,78.13105855,44.78480031,21.63629314,75.84335014,39.55021326,87.6696394,61.22528112,55.95191935,68.08840636,44.24195425,54.78867778,69.48429624,34.85847228,50.01938736,64.0558356,70.37611477,46.99495929,46.87863513,51.06630477,75.06785576,55.56417216,29.19736332,56.84373788,43.7378829,0,0,1
28,lig_00054398,ZINC001192359857_1,CCOC(=O)C1(CC)CCN(C(=O)c2ccc([C@@H](C)O)cc2)CC1,333.428,2.9354,4,1,4,0.841449721,1,66.84,0.047888998,0.847064185,0.753001332,0.014021943,0.127634479,0.162143557,0.07703894,0.193672977,0.011935982,0.587102157,0.035039145,0.070169131,0.078139412,0.114233566,0.999152577,0.018090844,0.072049531,0.00979637,0.011419181,0.007069942,0.10930611,0.000911908,0.973130167,0.090164092,0.012816152,0.002082227,0.003722163,0.004539166,0.002752018,0.247048216,0.432949317,-4.216835355,76.74408462,33.6327645,9.449112528,-9.3239187,2.230567249,1.293300696,51.43570822,-2.503009613,-2.832129409,49.98061264,60.87630865,46.47150058,36.68088406,63.80379992,94.02869329,54.80806514,44.4552152,19.11593641,61.07018224,43.35013571,37.22373013,53.89685925,53.47033734,60.9926328,65.14152772,27.45250097,59.01512214,42.88483908,28.03412175,45.44397053,22.48933695,67.54556029,64.36603335,81.85343156,35.12989531,39.47266382,28.03412175,59.67429236,24.77704537,89.25940287,50.13571152,12.25281117,32.84218689,25.12601784,25.31989143,21.79139201,28.15044591,60.41101202,94.4552152,81.00038775,64.83132997,53.43156262,53.3927879,31.48507173,47.26638232,23.30360605,60.75998449,17.06087631,0,0,1
28,lig_00016056,ZINC000057024870_1,CCNC(=O)CN(CC)C(=O)[C@@H]1CCCN(C(=O)c2ccc(Cl)cc2)C1,379.888,2.1768,3,1,4,0.823107429,1,69.72,0.066136155,0.874037802,0.794804168,0.031109734,0.240214017,0.09868942,0.022769636,0.145034131,0.142819644,0.766728127,0.746988618,0.113814327,0.279430822,0.160658917,0.999603558,0.007257357,0.015705946,0.020669447,0.010185518,0.003345741,0.046238058,0.000886945,0.97711637,0.046989632,0.078412397,0.001950235,0.00751845,0.001808151,0.001667469,0.397558081,0.406586933,-4.693320597,36.5527569,-1.070383608,22.04116513,-9.736773201,2.321127631,1.52199033,64.23926539,-3.029014113,4.422295913,60.52733618,47.96432726,31.17487398,36.68088406,63.80379992,91.89608375,54.80806514,46.18069019,24.50562233,64.0558356,50.17448623,46.45211322,67.81698333,35.09112059,43.07871268,58.12330361,68.28227995,83.3656456,89.22062815,41.6828228,74.91275688,29.04226444,74.87398216,40.32570764,37.34005428,47.42148119,38.15432338,15.89763474,23.88522683,24.27297402,90.88794106,41.72159752,38.58084529,31.98914308,38.77471888,17.37107406,16.78945328,47.30515704,58.78247383,67.81698333,50.48468399,27.18107794,68.7863513,49.36021714,37.10740597,50.98875533,36.25436216,50.13571152,71.03528499,0,0,1
28,lig_00014261,ZINC000264720070_1,CCNC(=O)CCCC(=O)N(C)C1CCN(C(=O)c2ccccc2)CC1,359.47,2.056,3,1,4,0.810049755,0,69.72,0.042284881,0.946306968,0.585055745,0.005129924,0.078412498,0.099014971,0.018826197,0.233341041,0.03293529,0.698602784,0.053890076,0.049629627,0.102399653,0.113858756,0.994558644,0.006604006,0.024095418,0.00646368,0.002253402,0.002123822,0.066559447,0.000289525,0.95359633,0.043043028,0.04541651,0.000626006,0.003452082,0.000624302,0.001162126,0.45295766,0.379030392,-4.860178323,36.97369054,-4.701336845,-3.064336153,-10.43600388,2.451043538,0.452274445,48.92675734,-1.923668978,-3.905397149,55.83559519,46.49088794,31.17487398,36.68088406,63.80379992,90.46141915,22.48933695,46.18069019,16.86700271,75.37805351,24.4280729,25.97906165,45.13377278,35.28499418,39.6277627,69.63939511,43.66033346,72.74137263,47.69290423,20.27917798,51.49282668,22.45056223,47.69290423,38.15432338,50.17448623,28.96471501,22.64443583,11.01202016,37.22373013,14.65684374,81.1167119,40.36448236,28.84839085,18.37921675,24.2341993,10.19775107,13.37727801,52.92749128,57.15393563,57.34780923,50.7173323,22.48933695,30.86467623,42.14811943,44.78480031,33.81155487,21.28732067,70.49243893,12.36913532,0,0,1
28,lig_00033589,ZINC000546081951_1,CCNS(=O)(=O)c1ccc(CC(=O)N(C)[C@@H](C)C(C)(C)C)cc1,340.489,2.4203,3,1,4,0.864684064,1,66.48,0.05052301,0.826537442,0.751473224,0.004822694,0.20288443,0.528637102,0.044344209,0.098648271,0.05933968,0.824283135,0.408259083,0.407737136,0.054349934,0.20716718,0.997526181,0.001170388,0.009780784,0.009473251,0.011428917,0.012530251,0.036311559,0.000764617,0.984971356,0.024601326,0.058749983,0.000123075,0.003967064,0.024128389,0.00033482,0.56222983,0.259316541,-4.631677956,62.15022356,54.8347134,-0.126011102,-7.800992635,2.779936984,1.811257792,70.38742412,-3.250115748,-2.732978425,51.80302443,51.68670027,31.17487398,36.68088406,63.80379992,96.82047305,54.80806514,43.95114385,19.81388135,58.3171772,43.23381155,25.39744087,63.861962,94.41644048,52.19077162,48.4683986,53.19891431,91.31446297,76.81271811,82.86157425,38.42574641,33.50135712,55.95191935,11.74873982,24.4280729,34.78092284,39.47266382,41.37262505,16.20783249,22.68321055,94.53276464,33.92787902,33.4625824,7.561070182,26.32803412,44.20317953,6.514152772,63.12524234,47.88677782,71.84955409,71.81077937,80.22489337,36.83598294,68.28227995,66.38231873,56.49476541,44.20317953,45.63784413,17.52617294,0,0,1
28,lig_00019309,ZINC000347406171_1,CCNC(=O)Cc1nc([C@@H](c2ccccc2C)C(C)C)no1,301.39,2.84452,4,1,4,0.890535284,1,68.02,0.078685635,0.941815913,0.957831562,0.207882459,0.816482663,0.314690053,0.14406499,0.117971705,0.023357053,0.823644531,0.753782856,0.138249737,0.047387376,0.452561599,0.999989128,0.000674496,0.010544796,0.087170532,0.087232511,0.010392522,0.054606217,0.001464996,0.99394455,0.090760624,0.137792663,0.002528437,0.007894631,0.017370431,0.000813538,0.465327048,0.10431191,-4.850280143,64.39507356,42.0418388,25.29065232,-8.314481588,2.687883742,2.443564016,73.12777162,-3.229331358,8.980238546,40.90732842,59.51919349,46.47150058,36.68088406,63.80379992,98.5653354,54.80806514,45.09499806,28.07289647,74.48623497,92.16750679,70.29856534,94.72663823,79.79837146,71.07405971,53.16013959,38.11554866,91.31446297,89.33695231,46.83986041,34.85847228,51.22140364,96.54905002,7.754943777,26.32803412,69.36797208,70.99651028,36.99108181,29.54633579,30.32183017,98.99185731,50.21326095,51.99689802,35.12989531,39.89918573,39.89918573,11.12834432,54.55602947,30.5932532,57.85188057,73.32299341,72.46994959,72.12097712,63.28034122,60.87630865,68.82512602,47.26638232,46.02559131,89.41450174,0,0,1
28,lig_00019258,ZINC000350424698_1,CCNC(=O)Cc1nc(C2(c3cccc(C)c3)CC2)no1,285.347,2.13652,4,1,4,0.91352797,0,68.02,0.198330993,0.985339355,0.970971155,0.254271065,0.682246596,0.329113793,0.042343717,0.141329367,0.011044855,0.774070513,0.565719366,0.050843195,0.044000813,0.445217967,0.999997139,0.001038578,0.009944734,0.061602367,0.032528722,0.007428321,0.052310882,0.001093302,0.991857064,0.033236747,0.105981602,0.005795155,0.008077052,0.009781001,0.001327096,0.489692348,0.028611406,-4.616533221,79.41049495,42.79584491,7.526211167,-8.989247792,2.461834728,2.289854959,71.20017427,-3.107679061,4.974663543,36.25436216,47.73167895,46.47150058,36.68088406,63.80379992,99.72857697,22.48933695,45.09499806,51.84179915,89.02675456,95.81233036,73.43931756,90.53896859,81.38813494,51.64792555,57.5029081,26.52190772,84.1799147,82.7452501,20.7444746,33.30748352,50.56223342,98.79798371,10.89569601,24.97091896,64.59868166,54.28460644,28.73206669,28.07289647,26.75455603,98.33268709,37.61147732,46.14191547,47.88677782,40.17060876,33.2687088,14.69561846,56.84373788,16.51803024,72.66382319,82.08607988,73.12911981,50.7173323,56.76618845,45.28887166,66.18844513,45.09499806,48.6622722,74.40868554,0,0,1
28,lig_00015191,ZINC000680742694_1,CCNC(=O)CCc1nc(C2Cc3ccccc3C2)no1,285.347,2.0207,4,1,4,0.912276574,0,68.02,0.383946121,0.993832707,0.955610204,0.501026422,0.759704387,0.160160455,0.048855611,0.333275545,0.042111279,0.814951336,0.269297206,0.069121137,0.060974093,0.485738048,0.999993706,0.001879866,0.010482545,0.135042177,0.029971209,0.006217232,0.080427268,0.001100396,0.988481343,0.15448489,0.130379719,0.006762178,0.00735472,0.010225831,0.002585866,0.576594204,0.14237549,-4.886813333,55.57509374,39.59571668,8.462620271,-8.697915899,2.555830603,1.743649374,65.20746578,-2.280429896,-4.805461094,36.25436216,46.14191547,46.47150058,36.68088406,63.80379992,99.72857697,22.48933695,45.09499806,74.75765801,94.41644048,91.39201241,82.90034897,93.2144242,53.08259015,53.5866615,76.69639395,47.73167895,89.91857309,70.53121365,27.53005041,40.79100427,53.08259015,97.7510663,16.16905777,26.21170997,75.84335014,53.08259015,25.55253974,45.63784413,26.79333075,96.39395114,57.42535867,50.83365646,49.86428848,38.23187282,33.54013183,21.09344707,64.52113222,35.75029081,55.95191935,66.84761535,70.53121365,51.91934858,59.40286933,52.07444746,55.33152385,37.53392788,64.55990694,9.150833656,0,0,1
28,lig_00014570,ZINC000277843696_1,CCNC(=O)CCCc1nc(Cc2ccc3c(c2)CCC3)no1,313.401,2.6079,4,1,4,0.852929376,0,68.02,0.235129556,0.988329971,0.924212134,0.513259161,0.921997261,0.167069066,0.173443495,0.297361106,0.15694367,0.854513371,0.847901738,0.083172343,0.106802282,0.425348818,0.999989295,0.003308653,0.025951032,0.205449873,0.108366781,0.015899782,0.105511958,0.003034058,0.99010613,0.3745316,0.270900059,0.009774356,0.018150598,0.046096705,0.006367015,0.472157562,0.238800511,-5.116080197,51.38327997,45.36571814,19.70946867,-7.886869619,2.767153463,2.258448325,72.32361533,-2.757907226,0.323658417,44.93989919,55.37029857,46.47150058,36.68088406,63.80379992,95.30825902,22.48933695,45.09499806,57.89065529,90.61651803,81.65955797,83.21054672,97.24699496,54.47848003,73.98216363,74.36991082,69.79449399,95.46335789,92.63280341,32.29934083,52.69484296,49.2826677,96.54905002,24.38929818,52.7723924,81.930981,74.36991082,47.34393176,58.12330361,41.87669639,97.47964327,69.98836758,68.70880186,55.0213261,55.447848,53.23768903,31.32997286,55.06010081,46.14191547,41.60527336,63.47421481,74.68010857,66.92516479,67.42923614,65.68437379,65.37417604,46.4133385,55.48662272,39.39511439,0,0,1
28,lig_00015260,ZINC000680746335_1,CCNC(=O)CCc1nc([C@H]2CCc3ccccc32)no1,285.347,2.2164,4,1,4,0.914268612,1,68.02,0.317572817,0.991660285,0.956229484,0.31191048,0.50688706,0.173451288,0.028644569,0.299400908,0.022141578,0.790611506,0.242864692,0.063496793,0.066256071,0.490060136,0.999992085,0.002928893,0.016993972,0.107745703,0.033986325,0.008686544,0.104330739,0.001182246,0.983728135,0.138538197,0.122250783,0.007203519,0.007522708,0.012398683,0.003632267,0.502297831,0.100669444,-4.889896595,52.87485191,35.21365998,11.21874196,-8.975978368,2.592687338,1.697839356,64.1878357,-2.285902762,-3.610443985,36.25436216,48.6622722,46.47150058,36.68088406,63.80379992,99.72857697,54.80806514,45.09499806,67.93330748,92.71035285,91.62466072,76.73516867,84.1799147,56.10701822,46.25823963,74.48623497,37.10740597,86.50639783,68.82512602,25.24234199,42.3032183,53.35401318,97.28576968,22.41178751,39.93796045,72.81892206,55.06010081,32.29934083,57.6967817,27.76269872,93.87359442,55.48662272,49.39899186,50.75610702,38.8134936,36.06048856,24.54439705,58.12330361,30.05040713,55.75804575,64.63745638,66.45986817,56.06824351,57.03761148,54.55602947,54.28460644,36.17681272,64.4823575,13.37727801,0,0,1
28,lig_00018590,ZINC000836001802_1,CCNC(=O)C[C@H](C)OC(=O)C1(c2ccc(C)c(OC)c2)CCCC1,347.455,3.27332,4,1,4,0.768980959,1,64.63,0.427503017,0.889996004,0.924463058,0.243282298,0.802240753,0.24776457,0.256251517,0.311446097,0.120127704,0.859479451,0.975085187,0.131305491,0.168238822,0.230237626,0.999955511,0.008795736,0.019303851,0.048857488,0.026791919,0.037204496,0.084213018,0.00772759,0.992120922,0.203247115,0.141808717,0.018135566,0.016046561,0.063501549,0.028728089,0.250644246,0.306459576,-4.109536001,132.5413622,116.1073164,-13.66688526,-6.984287563,2.833114267,2.796513695,80.68431106,-3.931997385,0.777847627,52.96626599,66.1108957,46.47150058,36.68088406,63.80379992,84.45133773,54.80806514,42.72974021,78.05350911,65.9170221,81.69833269,72.81892206,94.37766576,70.99651028,79.83714618,75.49437767,65.33540132,95.92865452,98.64288484,45.48274525,62.621171,35.47886778,89.80224893,44.47460256,43.58278402,60.64366033,50.98875533,69.87204343,47.92555254,56.92128732,98.37146181,61.57425359,52.53974409,66.30476929,53.3927879,56.92128732,55.09887553,28.80961613,51.22140364,97.1306708,97.44086855,97.71229159,14.11399767,75.22295463,69.87204343,76.19232261,57.38658395,33.34625824,43.15626212,0,0,1
28,lig_00045671,ZINC001185146364_1,CCOC(=O)C(C)(C)NC(=O)CC1(c2cccc(Cl)c2)CCOCC1,367.873,3.2362,4,1,4,0.783795976,0,64.63,0.038853487,0.766444087,0.721700585,0.057763129,0.926102149,0.078841014,0.407200772,0.035008015,0.099631461,0.750579417,0.86073997,0.0970563,0.07717824,0.371913284,0.999914384,0.007186905,0.011492087,0.018008525,0.083340239,0.020174347,0.04775657,0.01259894,0.991543078,0.076677088,0.164654773,0.001553388,0.020948507,0.031209115,0.011055522,0.393573415,0.226302235,-4.803546432,79.86316078,59.28090087,36.71668795,-8.075788938,2.539709373,2.797572496,88.19440232,-3.602330524,7.452960994,57.6967817,65.18030244,46.47150058,36.68088406,63.80379992,86.58394727,22.48933695,42.72974021,15.62621171,52.73361768,39.39511439,53.81930981,97.3245444,28.49941838,87.01046917,25.70763862,61.88445134,80.72896472,93.25319891,36.33191159,45.05622334,45.1725475,86.11865064,39.93796045,28.18922063,45.32764637,70.0271423,53.62543622,25.08724312,64.52113222,98.21636293,47.96432726,55.99069407,29.27491276,58.16207832,48.08065142,39.74408686,46.80108569,45.21132222,60.9926328,82.43505235,82.20240403,80.4963164,65.64559907,50.87243117,76.19232261,70.10469174,39.08491663,85.34315626,0,0,1
28,lig_00016265,ZINC000165500068_1,CCNC(=O)CN(CC)C(=O)c1cccc(-c2ccccn2)c1C,325.412,2.65522,3,1,4,0.887954327,0,62.3,0.182703072,0.898509157,0.907778656,0.267562102,0.265718332,0.480507046,0.061973798,0.192615461,0.030784866,0.737512636,0.537575483,0.202025315,0.220784503,0.480272752,0.999221599,0.011840226,0.022183976,0.067308244,0.017777861,0.010533307,0.093226703,0.002572489,0.979306054,0.025473208,0.031528103,0.004890426,0.007379207,0.007873838,0.002909181,0.348911771,0.26958684,-4.367817487,78.04258779,68.40495579,22.27195816,-11.02052498,2.338066947,1.665642975,58.83824484,-2.432421466,2.045641904,48.08065142,56.37844126,31.17487398,36.68088406,63.80379992,98.33268709,22.48933695,40.01550989,49.2826677,67.31291198,75.99844901,74.17603722,70.06591702,92.4001551,56.99883676,65.14152772,42.72974021,78.67390461,81.38813494,58.89879798,68.74757658,52.7723924,68.32105467,52.92749128,48.27452501,65.56804963,45.36642109,37.14618069,52.22954634,39.04614192,91.85730903,34.35440093,22.14036448,45.25009694,38.30942226,31.05854983,22.21791392,41.41139977,48.70104692,88.52268321,81.54323381,86.77782086,69.05777433,36.09926328,38.07677394,53.78053509,30.74835207,62.03955021,54.40093059,0,0,1
28,lig_00023477,ZINC000046007741_1,CCNC(=O)[C@H](C)OC(=O)c1cc(C)n([C@@H](C)c2ccccc2)c1C,342.439,3.39564,4,1,4,0.818670416,2,60.33,0.085789201,0.864191294,0.900696814,0.395157975,0.787517703,0.394946942,0.269095522,0.181846492,0.258886021,0.706456089,0.811977637,0.147387318,0.149709821,0.487429339,0.999684465,0.009548186,0.025222341,0.017628068,0.040668088,0.019837083,0.091492319,0.006804288,0.988251638,0.375909173,0.041412809,0.004595919,0.009560651,0.038233471,0.002695723,0.360391659,0.350905445,-4.560792452,114.7929911,97.36107041,16.63295068,-8.365397523,2.618071046,2.868156402,85.35139421,-3.66233257,3.602096718,52.19077162,67.77820861,46.47150058,36.68088406,63.80379992,91.35323769,68.86390074,38.38697169,30.36060489,62.97014347,73.47809228,79.75959674,94.06746801,87.12679333,80.72896472,63.82318728,76.89026755,73.94338891,91.04303994,48.19697557,60.06203955,53.27646375,76.61884451,46.49088794,52.03567274,44.9786739,57.5029081,53.31523846,51.49282668,55.17642497,96.35517642,70.0271423,27.25862737,44.51337728,43.03993796,50.60100814,21.63629314,42.88483908,54.94377666,76.34742148,94.18379217,95.19193486,63.39666537,62.69872043,56.10701822,77.54943777,64.44358278,38.11554866,65.45172547,0,0,1
28,lig_00015261,ZINC000680769483_1,CCNC(=O)CCc1nc([C@H]2CCc3ccccc3C2)no1,299.374,2.4108,4,1,4,0.92030348,1,68.02,0.348383781,0.992849684,0.955566108,0.578871965,0.786774945,0.182123762,0.070098095,0.398042029,0.065080596,0.840766275,0.513849014,0.065004427,0.087198009,0.472715348,0.99999485,0.002528206,0.0178748,0.173501807,0.054152455,0.008935508,0.109159503,0.001566508,0.991243851,0.225246517,0.182200645,0.010034792,0.010270657,0.022749374,0.003783219,0.504629886,0.208462325,-4.944033764,63.59050622,46.60690528,11.22826621,-8.376873064,2.614680934,2.144585347,70.17522904,-2.518665202,-3.384716063,40.32570764,51.64792555,46.47150058,36.68088406,63.80379992,99.80612641,54.80806514,45.09499806,71.38425746,93.56339667,91.39201241,85.34315626,94.06746801,58.39472664,59.28654517,80.30244281,54.86622722,93.95114385,80.41876696,26.01783637,47.88677782,52.42341993,97.90616518,19.81388135,41.37262505,79.2555254,62.54362156,33.2687088,59.51919349,31.29119814,98.17758821,62.85381931,58.74369911,55.6417216,44.04808065,43.38891043,25.16479256,58.43350136,43.27258627,52.1519969,72.81892206,75.37805351,56.10701822,62.621171,55.79682047,63.35789066,44.04808065,60.33346258,14.85071733,0,0,1
28,lig_00015395,ZINC001177687927_1,CCNC(=O)CN(C)C(=O)[C@H](C)c1ccc(C(=O)c2cccs2)cc1,358.463,2.6771,4,1,4,0.774028333,1,66.48,0.129273935,0.740768206,0.637511086,0.103592728,0.461402833,0.347400177,0.152071469,0.099975283,0.282117212,0.631905794,0.763549614,0.196926245,0.127092575,0.401308709,0.9858073,0.036025986,0.032678191,0.064184005,0.038651191,0.023472018,0.124130209,0.01155867,0.919543672,0.164127739,0.096423923,0.014115252,0.027371371,0.037325917,0.024757823,0.462089169,0.192071509,-4.729554158,89.37565035,55.84102897,50.88705036,-10.1082692,2.63289724,2.429720605,70.71544872,-2.819704673,-4.649068476,55.52539744,56.80496316,46.47150058,36.68088406,63.80379992,85.30438154,54.80806514,43.95114385,39.82163629,50.32958511,29.1585886,60.60488561,82.35750291,83.28809616,71.88832881,48.81737107,77.78208608,64.52113222,89.64715006,58.27840248,56.45599069,47.73167895,38.73594416,79.2555254,61.61302831,65.10275301,56.41721598,57.89065529,64.55990694,63.08646762,71.22915859,58.54982551,43.1174874,62.07832493,63.43544009,50.29081039,52.42341993,54.40093059,41.60527336,65.64559907,86.62272199,81.00038775,87.43699108,45.32764637,57.0763862,68.47615355,44.62970143,54.16828228,9.887553315,0,0,1
28,lig_00015396,ZINC001183439764_1,CCNC(=O)CN(C)C(=O)[C@H](C)c1ccc(C[C@@H]2CCCC2=O)cc1,344.455,2.2963,3,1,4,0.825213102,2,66.48,0.102607837,0.828425682,0.883629751,0.018767631,0.209309421,0.284925371,0.025129927,0.187666339,0.089586541,0.708212745,0.753260589,0.095464031,0.183007121,0.091545827,0.999522686,0.019468591,0.039118208,0.024377927,0.011079111,0.007827339,0.055322383,0.002545479,0.947697914,0.055241168,0.077019025,0.002428654,0.007672224,0.011271286,0.002784942,0.29417291,0.082003722,-4.596047654,85.49386959,36.04057352,-0.842681283,-9.197816495,2.986275011,1.803261757,56.96209058,-2.218599538,6.523101077,52.53974409,49.70918961,31.17487398,36.68088406,63.80379992,92.16750679,68.86390074,43.95114385,34.0829779,58.78247383,68.5924777,40.48080651,64.4823575,75.99844901,44.59092672,64.52113222,60.06203955,74.36991082,89.33695231,36.06048856,64.36603335,19.34858472,73.36176813,65.9170221,66.69251648,50.17448623,39.12369135,29.81775882,30.08918185,38.8134936,78.94532765,44.24195425,38.30942226,34.66459868,39.27879023,34.97479643,21.86894145,34.7033734,27.21985266,74.1372625,85.22683211,67.31291198,35.44009306,55.0213261,78.09228383,56.41721598,28.77084141,65.87824738,82.16362931,0,0,1
55,lig_00065631,ZINC000360351341_1,COC1CCC(N(C)c2ncc(C(N)=O)cc2Cl)CC1,297.786,2.2277,4,1,4,0.925106137,0,68.45,0.282008462,0.984827852,0.974486864,0.034997002,0.226787183,0.340225434,0.037177589,0.123229989,0.008679171,0.739730084,0.013601281,0.075907685,0.088603937,0.484403658,0.999917221,0.005914177,0.022788104,0.130232776,0.051224964,0.018043392,0.096235412,0.002907237,0.978184664,0.01723276,0.099178567,0.029682478,0.027721314,0.061628306,0.044678717,0.089237409,0.091541482,-4.323588004,82.30193805,46.53538695,41.30313265,-11.89628794,2.761537534,2.689630922,63.41856471,-3.08247483,17.24647026,39.82163629,48.89492051,46.47150058,36.68088406,63.80379992,99.84490112,22.48933695,45.21132222,64.24970919,88.60023265,96.66537418,47.73167895,66.49864288,82.5513765,49.78673905,54.207057,23.10973245,78.86777821,35.40131834,29.66265995,48.27452501,53.00504071,86.27374952,35.55641722,48.93369523,75.49437767,61.41915471,50.29081039,53.81930981,41.10120202,91.50833656,30.12795657,43.85420706,73.59441644,63.74563784,56.45599069,63.20279178,4.187669639,29.08103916,90.345095,83.63706863,75.33927879,82.93912369,28.57696782,65.18030244,73.78829003,35.12989531,49.12756883,97.09189608,0,0,1
55,lig_00008996,ZINC001140416597_1,COC(=O)c1cnc2c(c1)C[NH+](Cc1ccc(-c3ccc(Cl)nn3)cc1)CC2,395.87,2.1198,5,1,4,0.685146651,1,69.41,0.123575753,0.334149602,0.527276444,0.347711787,0.139012926,0.08881107,0.022376314,0.30173046,0.553382468,0.694879293,0.328474796,0.088060863,0.016270693,0.431454676,0.624750465,0.065917519,0.036063951,0.126695672,0.048777777,0.08980417,0.181804174,0.00725245,0.821877909,0.391745228,0.062652593,0.022424623,0.024169826,0.01916847,0.01559963,0.412802008,0.492905343,-5.286016303,67.05369605,83.97471372,-7.160597745,-10.41609427,2.53545054,2.185811686,82.33154928,-3.003830272,12.58365093,64.4823575,47.38270648,59.11205894,36.68088406,63.80379992,72.43117487,54.80806514,45.9868166,38.73594416,20.31795269,21.05467235,78.13105855,55.17642497,32.41566499,42.80728965,74.68010857,87.20434277,72.276076,73.516867,33.8891043,16.47925553,49.63164017,19.65878247,87.39821636,64.09461031,74.99030632,60.41101202,86.70027142,77.2004653,56.14579294,56.92128732,70.80263668,34.58704924,69.63939511,61.14773168,41.10120202,44.90112447,49.01124467,63.16401706,32.41566499,75.22295463,92.28383094,23.69135324,42.22566886,50.60100814,64.01706088,59.63551764,50.63978286,94.22256689,0,0,1
55,lig_00021163,ZINC001192508341_1,COC(=O)c1ncccc1C(=O)NCC1(C)CCC(F)(F)CC1,326.343,2.8136,4,1,4,0.864037423,0,68.29,0.211243549,0.995334554,0.952374089,0.418054745,0.650928497,0.256044328,0.186220166,0.127415,0.083451397,0.662073481,0.311313063,0.096538824,0.157246071,0.404017863,0.99997921,0.00991957,0.014437398,0.042218369,0.038743572,0.00958382,0.050060268,0.000943383,0.98933754,0.048133641,0.064596403,0.010477283,0.009168593,0.084962546,0.006643264,0.240212581,0.329997353,-3.858251693,96.39726401,73.06797266,-31.57153932,-8.595487696,2.911592305,2.504776996,69.2407484,-3.492309688,6.784238205,48.27452501,59.09267158,46.47150058,36.68088406,63.80379992,96.78169833,22.48933695,45.13377278,53.78053509,96.00620396,90.07367197,80.88406359,89.33695231,72.00465297,75.02908104,55.17642497,58.86002326,68.55370299,72.85769678,36.25436216,61.22528112,47.77045366,94.06746801,47.65412951,34.81969756,58.23962776,56.41721598,35.05234587,26.71578131,25.00969368,97.1306708,42.03179527,34.97479643,56.41721598,41.99302055,61.45792943,32.0279178,26.94842962,53.23768903,99.41837922,89.14307871,88.44513377,3.063202792,60.25591314,74.3311361,70.41488949,42.69096549,41.33385033,83.01667313,0,0,1
120,lig_00000906,ZINC000603420840_1,N#Cc1cc(NC23CC(c4ccccc4)(C2)C3)ncn1,262.316,2.63448,4,1,4,0.923283663,0,61.6,0.385689408,0.973220909,0.964673591,0.589117521,0.713523179,0.503318733,0.226976852,0.305260205,0.091614914,0.582280242,0.48443523,0.105195126,0.134011205,0.470830637,0.999969387,0.013712839,0.037220164,0.342008129,0.455074936,0.112907653,0.22981049,0.007536611,0.97993654,0.058093321,0.29939625,0.168862745,0.060960655,0.514627022,0.118156299,0.351623595,0.44692519,-4.716547264,63.69788293,47.50056446,17.80974051,-8.679465298,2.649232824,3.658699966,96.16579572,-4.726620867,0.74992944,30.32183017,55.87436991,46.47150058,36.68088406,63.80379992,99.80612641,22.48933695,39.51143854,74.87398216,83.24932144,94.06746801,85.69212873,91.62466072,93.52462195,77.85963552,75.18417991,60.60488561,58.62737495,79.33307484,39.12369135,57.58045754,52.38464521,92.2062815,56.99883676,65.14152772,88.63900737,96.27762699,89.06552927,83.3656456,56.64986429,92.08995735,44.9786739,71.34548275,92.74912757,78.01473439,86.00232648,77.58821249,41.83792168,61.1865064,66.34354401,72.85769678,75.7658007,64.75378054,59.63551764,58.12330361,91.7797596,84.8003102,18.14656844,42.88483908,0,0,1
120,lig_00087315,ZINC000826139982_1,NC(=O)[C@@H]1CCN(C(=O)c2cccc(SC(F)(F)F)c2)C1,318.32,2.2459,3,1,4,0.869517671,1,63.4,0.22137199,0.989984548,0.960665965,0.221806695,0.323854163,0.258503667,0.032943126,0.250770456,0.018865709,0.568781334,0.124644458,0.229645056,0.136490101,0.329036279,0.999868321,0.029276302,0.040250311,0.017947872,0.030996514,0.025010802,0.181825855,0.008965811,0.936359048,0.024501782,0.132267287,0.005910024,0.010583841,0.009708199,0.018860961,0.451051092,0.28486699,-4.792854973,31.39384589,-8.609695891,-21.23993579,-10.33491773,2.810532465,1.6302401,61.03668332,-2.927620669,3.668898291,46.33578907,49.08879411,31.17487398,36.68088406,63.80379992,96.97557193,54.80806514,41.56649864,55.56417216,91.50833656,92.67157813,71.50058162,74.1372625,72.15975184,48.08065142,70.72508724,33.8891043,57.30903451,58.70492439,63.20279178,57.85188057,42.22566886,83.83094223,76.15354789,67.66188445,45.25009694,53.43156262,59.7518418,77.2004653,59.48041877,75.53315238,33.8891043,51.02753005,48.15820085,44.59092672,33.22993408,47.96432726,52.84994184,49.86428848,62.00077549,45.52151997,17.91392012,7.522295463,43.07871268,68.55370299,52.84994184,32.37689027,52.1519969,65.9170221,0,0,1
120,lig_00082957,ZINC000650601229_1,NC(=O)CSc1ccccc1C(=O)N1CCC2(CC1)CC2(F)F,340.395,2.5254,3,1,4,0.856881193,0,63.4,0.322334306,0.99733789,0.955757463,0.081312118,0.669727039,0.311830714,0.15746573,0.203004175,0.033793943,0.705525398,0.318332483,0.131504375,0.240412048,0.254445356,0.999977708,0.017529179,0.038338108,0.018229894,0.035325516,0.024375179,0.197312126,0.005864937,0.965082681,0.048835655,0.103520097,0.028379835,0.016496534,0.027580508,0.022822009,0.32122322,0.458149627,-4.771777494,19.98830772,-0.928971028,-22.84560172,-10.23246997,2.666166141,1.335269111,49.92822326,-3.434236081,2.831129121,51.64792555,53.62543622,31.17487398,36.68088406,63.80379992,95.81233036,22.48933695,41.56649864,68.35982939,97.40209383,91.39201241,57.61923226,90.03489725,79.56572315,72.70259791,66.22721985,44.08685537,73.78829003,73.12911981,45.48274525,70.91896084,36.91353238,93.79604498,63.59053897,66.1108957,45.59906941,55.447848,59.01512214,79.52694843,52.92749128,85.49825514,42.14811943,45.01744862,73.09034509,53.89685925,45.94804188,51.14385421,37.53392788,61.49670415,63.31911594,32.80341218,27.37495153,6.708026367,44.08685537,59.90694067,47.96432726,21.98526561,42.45831718,59.63551764,0,0,1
120,lig_00094482,ZINC000870248439_1,NC(=O)c1ccc(C(=O)N2CCC3(CCSCC3)CC2)cc1,318.442,2.5349,3,1,4,0.91118777,0,63.4,0.078221038,0.89274472,0.881736791,0.010991736,0.020075474,0.192322326,0.011095616,0.430993354,0.021358188,0.521009117,0.003020366,0.082288523,0.172660337,0.275002813,0.978126371,0.057569651,0.113681911,0.004163096,0.00968838,0.049240439,0.225450373,0.001516994,0.860902679,0.064038461,0.038042357,0.005883775,0.006540126,0.004018663,0.011759435,0.228040779,0.41174472,-5.055360484,26.5005727,3.318141627,-9.599521782,-11.44245008,2.116244805,0.63926546,47.11652759,-3.52452759,3.404384501,46.52966266,53.78053509,31.17487398,36.68088406,63.80379992,99.72857697,22.48933695,41.56649864,27.95657231,66.49864288,68.1659558,34.7033734,25.20356727,60.3722373,31.48507173,82.39627763,36.37068631,53.04381543,24.19542458,31.98914308,63.00891819,38.58084529,35.63396665,86.0411012,87.6696394,22.95463358,37.84412563,76.50252036,82.86157425,31.01977511,60.75998449,46.14191547,25.6688639,48.11942613,35.82784025,23.96277627,40.71345483,24.66072121,59.09267158,45.40519581,39.97673517,32.41566499,19.77510663,32.18301667,25.78518806,36.48701047,19.96898022,40.71345483,64.28848391,0,0,1
120,lig_00094559,ZINC000583127796_1,NC(=O)c1ccc(C(=O)N2CCC[C@@]3(CCSC3)C2)cc1,304.415,2.1448,3,1,4,0.910277165,1,63.4,0.076787033,0.910359609,0.939133203,0.035638027,0.040289163,0.12947569,0.010376303,0.382498902,0.026947573,0.399327826,0.355019206,0.040105022,0.37196953,0.220935589,0.999749637,0.051901694,0.076531921,0.008598637,0.022630969,0.031895038,0.224244773,0.001722431,0.915027475,0.043315323,0.045387468,0.005070589,0.005815765,0.004263059,0.007916564,0.265112677,0.360538587,-4.975174581,35.3359905,3.902551432,-12.56034371,-12.33779819,2.072251804,0.310010666,41.4791187,-3.182320619,4.081007399,41.91547111,47.73167895,31.17487398,36.68088406,63.80379992,99.61225281,54.80806514,41.56649864,27.60759984,68.94145017,86.07987592,47.92555254,34.50949981,44.62970143,30.28305545,79.33307484,40.36448236,41.76037224,74.40868554,16.55680496,80.92283831,34.66459868,78.6351299,84.99418379,82.90034897,33.38503296,48.54594804,66.18844513,82.78402482,32.99728577,70.33734005,40.63590539,28.84839085,45.71539356,33.38503296,24.50562233,34.23807677,30.63202792,55.91314463,50.48468399,49.51531601,33.2687088,15.85886002,25.51376503,23.26483133,31.4075223,15.31601396,47.03373401,68.5924777,0,0,1
120,lig_00083029,ZINC000618182290_1,NC(=O)CSc1ccccc1C(=O)N1CC[C@@H](C2CCCCC2)C1,346.496,3.3064,3,1,4,0.832103261,1,63.4,0.112664539,0.960134161,0.900358069,0.156816412,0.469116986,0.521389931,0.112741518,0.460803491,0.124349955,0.633666223,0.899044526,0.106011964,0.240126449,0.361772355,0.999913204,0.013466872,0.030700975,0.013029355,0.017266088,0.026545272,0.188068435,0.026139373,0.95206213,0.401447403,0.251734677,0.010620733,0.07043669,0.060029403,0.018665735,0.440266725,0.432411987,-4.981315804,66.82709592,54.29289777,-18.68487932,-8.75427996,2.215884685,2.183883201,68.24806351,-3.749888633,8.012439194,52.88871656,66.49864288,31.17487398,36.68088406,63.80379992,92.98177588,54.80806514,41.56649864,36.25436216,78.71267933,73.40054285,66.65374176,82.78402482,94.18379217,67.27413726,83.75339279,66.26599457,64.79255525,94.92051183,39.55021326,70.80263668,44.39705312,86.11865064,56.49476541,59.63551764,39.24001551,44.9786739,61.38037999,78.32493214,75.41682823,80.57386584,71.15160915,66.69251648,56.68863901,80.03101978,56.22334238,47.77045366,51.76424971,60.33346258,50.0969368,75.10663048,79.91469562,9.073284219,58.86002326,30.94222567,63.97828616,41.21752617,36.64210934,87.08801861,0,0,1
120,lig_00098123,ZINC001228612316_1,NC(=O)c1cccc(O[C@@H](c2cccnc2)C2CC2)c1,268.316,2.7106,3,1,4,0.906304794,1,65.21,0.16225136,0.954687214,0.981350482,0.77052511,0.647796822,0.421750921,0.299798986,0.234881943,0.079592021,0.470453697,0.792914891,0.026304053,0.142595888,0.457352078,0.999996448,0.006275012,0.025705999,0.116199462,0.078604355,0.049851532,0.170560831,0.002575179,0.978182101,0.017468506,0.077229963,0.041826825,0.025052092,0.055343676,0.013125151,0.18553966,0.059989132,-4.407577625,67.37247555,12.27636995,5.082373013,-12.54511286,2.654673241,1.657106336,67.72520018,-3.300296865,-2.962060618,31.95036836,57.34780923,31.17487398,36.68088406,63.80379992,99.49592865,54.80806514,43.19503684,46.10314075,77.23924002,98.41023653,91.46956185,89.22062815,88.83288096,82.47382706,69.71694455,58.20085304,48.73982164,90.42264444,11.47731679,59.01512214,51.49282668,98.48778596,37.10740597,52.53974409,73.7107406,69.13532377,76.69639395,74.71888329,39.04614192,91.50833656,30.24428073,38.30942226,78.05350911,61.76812718,55.17642497,42.41954246,18.45676619,23.38115549,86.15742536,75.37805351,42.88483908,46.6072121,24.11787515,58.51105079,53.5866615,40.40325708,44.82357503,16.71190384,0,0,1
120,lig_00005976,ZINC000356232138_1,N#Cc1ccc(C(=O)CNC(=O)[C@@H]2CC[C@@H](C(F)(F)F)C2)cc1,324.302,2.83578,3,1,4,0.865910652,2,69.96,0.463153604,0.983242106,0.974784327,0.357171237,0.346595898,0.277208713,0.077002399,0.248933047,0.019444146,0.61550681,0.214906509,0.319520235,0.083771584,0.495872644,0.999842048,0.214867816,0.164695463,0.106338352,0.088973713,0.027357462,0.141097565,0.01188081,0.935355604,0.093481037,0.204258695,0.08696945,0.009393244,0.386307454,0.131405087,0.172691125,0.2095653,-4.315697098,59.04173265,11.24153223,-25.40224027,-7.895132165,3.140787063,2.533990781,84.46699094,-3.725206511,1.47297735,47.57658007,59.36409461,31.17487398,36.68088406,63.80379992,96.89802249,68.86390074,46.18069019,80.37999225,87.86351299,96.74292361,78.48003102,75.84335014,74.87398216,60.9926328,70.56998837,34.27685149,62.46607212,67.00271423,74.36991082,47.18883288,53.62543622,82.62892594,93.33074835,90.73284219,72.66382319,71.30670803,62.31097325,68.55370299,63.35789066,75.37805351,50.5234587,61.8069019,86.62272199,42.53586661,81.19426134,79.13920124,16.828228,43.38891043,90.77161691,69.83326871,41.99302055,5.312136487,67.31291198,84.68398604,71.03528499,62.97014347,37.02985653,49.55409073,0,0,1
120,lig_00005898,ZINC000356230410_1,N#Cc1ccc(C(=O)CNC(=O)C2CCC(C(F)(F)F)CC2)cc1,338.329,3.22588,3,1,4,0.857078254,0,69.96,0.310702653,0.980891192,0.96637218,0.23500082,0.490802363,0.313897046,0.131820725,0.232008377,0.026729376,0.638651073,0.268593917,0.461534578,0.074510721,0.465013906,0.99967407,0.16711034,0.161516072,0.082608399,0.077829466,0.04062108,0.174277285,0.017056482,0.92273134,0.160339438,0.266394641,0.065910835,0.013322908,0.492869142,0.134423983,0.166435941,0.275376728,-4.323481958,57.87055048,15.37931931,-22.78744366,-7.139077899,3.127494925,2.807231099,87.49641834,-4.06166659,1.209670325,51.02753005,65.14152772,31.17487398,36.68088406,63.80379992,95.81233036,22.48933695,46.18069019,67.08026367,86.39007367,94.49398992,72.35362544,83.59829391,79.75959674,69.98836758,69.32919736,40.2481582,65.37417604,70.49243893,86.35129895,44.51337728,52.07444746,76.3861962,92.67157813,90.57774331,68.7863513,68.90267546,71.73322993,75.68825126,69.01899961,72.19852656,58.08452889,68.04963164,83.21054672,49.51531601,85.22683211,79.41062427,15.89763474,49.24389298,90.345095,69.09654905,46.87863513,6.708026367,73.98216363,83.9860411,76.58006979,68.7863513,30.43815432,47.11128344,0,0,1
120,lig_00005950,ZINC000356177604_1,N#Cc1ccc(C(=O)CNC(=O)[C@@H]2CC23CCCCC3)cc1,296.37,2.82758,3,1,4,0.868515453,1,69.96,0.311142111,0.859308267,0.921793008,0.304253995,0.419738042,0.316290832,0.139290552,0.283597554,0.044476075,0.644466782,0.505959696,0.184196133,0.137155008,0.403414792,0.999483597,0.280773293,0.167972425,0.127551258,0.225030941,0.107074144,0.25233559,0.023923561,0.934887457,0.144713031,0.360407585,0.173495692,0.038559463,0.441499746,0.204943509,0.317367402,0.239299354,-4.483280764,80.29861466,38.24118777,-23.47503392,-8.27185081,2.613328786,2.412829143,79.4343717,-4.297986179,-0.085506022,39.47266382,59.28654517,31.17487398,36.68088406,63.80379992,96.97557193,54.80806514,46.18069019,67.15781311,62.31097325,80.76773943,76.23109732,79.95347034,79.95347034,70.68631252,73.40054285,48.54594804,66.34354401,80.06979449,55.87436991,58.12330361,47.77045366,72.46994959,93.79604498,90.92671578,75.10663048,87.16556805,88.63900737,84.87785964,73.94338891,75.30050407,56.45599069,75.33927879,92.86545173,70.25979062,83.28809616,85.57580458,37.30127957,46.14191547,81.58200853,82.51260178,69.36797208,6.320279178,63.55176425,55.79682047,68.12718108,55.91314463,25.94028693,35.82784025,0,0,1
120,lig_00047561,ZINC000330048860_1,N#Cc1cccc(C2(C(=O)NC[C@H]3CCCC3=O)CC2)c1,282.343,2.07528,3,1,4,0.918747317,1,69.96,0.290344042,0.931769085,0.959236455,0.11106495,0.121233143,0.268902327,0.025701829,0.323954287,0.011268384,0.727917063,0.236729204,0.096632264,0.136579631,0.194777884,0.999880123,0.078613534,0.081761865,0.063802969,0.065908343,0.029135904,0.127470419,0.003506482,0.968146932,0.016780241,0.079625935,0.021815007,0.005696071,0.053735459,0.050709528,0.214518217,0.090237621,-4.283880512,73.6200683,11.52053312,-15.63959747,-10.82031453,2.919100012,1.777632282,68.34014321,-3.055024301,-0.037963608,35.44009306,46.76231097,31.17487398,36.68088406,63.80379992,99.80612641,54.80806514,46.18069019,65.41295076,72.15975184,92.32260566,61.65180302,53.12136487,73.86583947,44.70725087,76.19232261,26.67700659,77.23924002,68.47615355,36.25436216,57.89065529,32.29934083,84.21868941,88.75533152,83.94726638,65.10275301,65.95579682,64.21093447,65.25785188,44.04808065,86.6614967,29.66265995,38.73594416,69.29042264,32.91973633,54.98255138,65.25785188,22.68321055,28.92594029,91.97363319,79.10042652,42.3032183,11.78751454,38.30942226,74.79643273,55.83559519,41.45017449,49.67041489,36.21558744,0,0,1
120,lig_00047678,ZINC000533259551_1,N#Cc1cccc(C2(C(=O)N[C@H]3CCOC4(CCC4)C3)CC2)c1,310.397,2.80778,3,1,4,0.933529675,1,62.12,0.412275642,0.931820309,0.911457062,0.044607133,0.246614189,0.122695826,0.073791035,0.208397047,0.016255315,0.709408772,0.482294892,0.057510261,0.221048436,0.207466124,0.999867523,0.01652256,0.051632076,0.030437417,0.204500186,0.065377087,0.113855328,0.010041199,0.968158138,0.085621482,0.127297465,0.020002449,0.027740251,0.127166045,0.116398637,0.32072798,0.269246466,-4.632838158,41.45606728,11.70825158,11.31011963,-9.060962414,2.648696914,1.578875212,68.49697058,-3.46666585,-0.257607564,43.89298178,59.05389686,31.17487398,36.68088406,63.80379992,99.96122528,54.80806514,39.74408686,77.2004653,72.23730128,77.08414114,50.91120589,68.32105467,42.57464133,60.13958899,66.96393951,31.60139589,74.68010857,79.29430012,22.87708414,68.7863513,33.50135712,83.79216751,61.41915471,74.05971307,53.62543622,85.80845289,82.16362931,61.38037999,61.07018224,86.6614967,49.55409073,50.21326095,68.01085692,63.74563784,66.69251648,77.35556417,37.49515316,48.6622722,71.84955409,54.94377666,42.45831718,56.22334238,56.18456766,58.08452889,52.11322218,41.79914696,42.03179527,34.54827453,0,0,1
120,lig_00009704,ZINC000270547363_1,N#Cc1ccc(CC(=O)N2CCC(O)(C(F)(F)F)CC2)cc1,312.291,2.01658,3,1,4,0.908420753,0,64.33,0.211023253,0.98868103,0.90346514,0.012148894,0.44396475,0.129220942,0.043731263,0.131400821,0.004593278,0.556009305,0.017615394,0.157763129,0.201785726,0.15694215,0.999723279,0.041070762,0.09630436,0.008744418,0.066377022,0.013737611,0.110083892,0.002432785,0.957500708,0.052286356,0.0415158,0.006896895,0.001134644,0.006758592,0.011775815,0.278018543,0.41916945,-4.243294205,5.568209632,-11.95764432,-23.76952248,-10.45498564,3.553031365,1.107785178,50.70665525,-2.411943728,-0.250067335,44.39705312,46.14191547,31.17487398,36.68088406,63.80379992,99.49592865,22.48933695,42.28383094,53.70298565,90.77161691,74.40868554,35.71151609,81.42690965,44.59092672,52.07444746,56.02946879,17.13842575,56.57231485,37.18495541,50.56223342,66.84761535,28.49941838,77.6269872,81.81465684,86.00232648,33.61768127,65.99457154,43.38891043,60.13958899,38.34819698,82.39627763,43.1174874,27.37495153,50.13571152,11.59364095,29.46878635,40.71345483,32.41566499,59.67429236,93.52462195,19.38735944,15.00581621,6.048856146,41.87669639,93.36952307,44.08685537,22.76075998,62.27219853,34.58704924,0,0,1
120,lig_00048152,ZINC000554551801_1,N#Cc1cccc(CC(=O)N2CC[C@@H](O)C23CCCC3)c1,284.359,2.00678,3,1,4,0.903166722,1,64.33,0.12707737,0.879430258,0.840945733,0.050530464,0.399545798,0.249516693,0.068993602,0.246145782,0.009130844,0.625597602,0.411033994,0.026961076,0.146047281,0.129683305,0.99995935,0.018911468,0.121521877,0.031103079,0.054943022,0.014692771,0.130966607,0.003156446,0.967508066,0.063060945,0.056611598,0.006721599,0.006086311,0.032491857,0.02434782,0.310030659,0.291669047,-4.358828711,40.7269094,4.953124664,12.90909006,-12.1460753,2.450063642,1.05962528,48.2684376,-2.731621114,-1.284011098,35.71151609,45.71539356,31.17487398,36.68088406,63.80379992,99.1857309,54.80806514,42.28383094,39.35633967,64.83132997,58.78247383,52.1519969,78.6351299,71.30670803,59.05389686,70.45366421,23.88522683,63.55176425,76.81271811,11.63241566,59.28654517,24.54439705,90.57774331,65.33540132,88.40635905,53.74176037,62.77626987,45.40519581,66.14967041,42.69096549,86.39007367,45.90926716,32.68708802,49.74796433,34.39317565,48.62349748,52.07444746,36.52578519,50.25203567,89.02675456,54.43970531,34.43195037,58.51105079,26.75455603,44.70725087,43.15626212,20.89957348,56.14579294,26.32803412,0,0,1
120,lig_00009826,ZINC000557141585_1,N#Cc1ccc(CC(=O)NCC2(c3ccccn3)CCC2)cc1,305.381,2.73388,3,1,4,0.923383578,0,65.78,0.18384662,0.908104205,0.901758718,0.173059082,0.563412392,0.276348609,0.157864261,0.262693077,0.134815687,0.711800873,0.799639916,0.121184066,0.333617458,0.170874529,0.999845815,0.027718531,0.030477617,0.071786615,0.182829627,0.066888044,0.101302753,0.005563645,0.96523968,0.051605857,0.107843725,0.022257028,0.022629807,0.118181591,0.027650205,0.331975815,0.286510417,-4.573939672,67.87684804,32.49412237,-6.527564794,-10.77252062,2.737987488,2.034853135,70.2492307,-3.626317337,-7.128529063,42.18689415,58.00697945,31.17487398,36.68088406,63.80379992,99.80612641,22.48933695,43.42768515,49.36021714,68.67002714,73.67196588,68.01085692,86.27374952,74.79643273,72.74137263,71.61690578,67.3516867,74.9515316,90.73284219,43.19503684,78.4412563,30.32183017,82.86157425,74.91275688,59.51919349,66.69251648,83.86971694,82.62892594,56.2621171,51.9581233,85.53702986,42.96238852,46.83986041,69.6006204,59.5579682,65.99457154,54.51725475,39.04614192,49.94183792,75.7658007,75.72702598,63.74563784,24.8545948,38.73594416,63.78441256,60.68243505,44.08685537,38.85226832,4.148894921,0,0,1
120,lig_00048195,ZINC000560333501_1,N#Cc1cccc(CC(=O)NC[C@@H]2CCOC3(CCC3)C2)c1,298.386,2.56628,3,1,4,0.928964883,1,62.12,0.325904801,0.962700152,0.929411614,0.114983292,0.31427633,0.12998469,0.05388709,0.401795852,0.05557382,0.711375594,0.488461703,0.0433558,0.172237614,0.100391842,0.99992739,0.006388736,0.037789685,0.062881642,0.077511563,0.030867627,0.115747935,0.003816223,0.971202099,0.057448386,0.058514751,0.012391207,0.017628742,0.049829268,0.025387511,0.299100131,0.34705945,-4.58311398,44.26607711,13.63688424,1.063431833,-9.578783145,2.283669531,1.636024221,67.54617913,-3.165131472,0.417416456,39.97673517,54.40093059,31.17487398,36.68088406,63.80379992,99.96122528,54.80806514,39.74408686,69.01899961,79.41062427,83.13299729,62.07832493,73.55564172,44.78480031,54.8274525,80.53509112,52.22954634,74.91275688,79.56572315,18.069019,62.89259403,20.55060101,87.01046917,37.30127957,65.76192323,64.98642885,68.7863513,65.37417604,61.84567662,45.52151997,87.97983715,44.90112447,33.38503296,59.32531989,55.06010081,54.05195812,52.92749128,35.20744475,54.71112834,75.18417991,57.38658395,44.66847615,38.96859248,50.63978286,34.62582396,53.04381543,40.20938348,47.34393176,40.32570764,0,0,1
120,lig_00009915,ZINC000278284893_1,N#Cc1ccc(CC(=O)NCc2ccc3c(n2)CCCC3)cc1,305.381,2.69098,3,1,4,0.944158507,0,65.78,0.33601169,0.897950089,0.924960828,0.416255796,0.631494296,0.296523482,0.167250648,0.359571576,0.127408147,0.82053715,0.679581165,0.229810332,0.268721491,0.392529437,0.999684513,0.023108263,0.05381608,0.154883368,0.171168186,0.081296277,0.128421837,0.015149493,0.968361807,0.180227483,0.141342209,0.058028562,0.023804072,0.252002612,0.076805317,0.330859351,0.38033812,-4.872353986,46.08520431,46.20839203,0.895660635,-10.39313334,2.723787761,2.449587957,76.64890148,-3.728980408,-4.790190523,42.18689415,56.96006204,31.17487398,36.68088406,63.80379992,100,22.48933695,43.42768515,69.87204343,67.19658782,81.89220628,80.72896472,88.79410624,77.8208608,73.516867,78.20860799,66.84761535,90.92671578,86.39007367,63.20279178,73.78829003,47.30515704,76.61884451,70.18224118,75.06785576,78.09228383,82.59015122,85.49825514,65.41295076,67.31291198,86.73904614,59.79061652,52.53974409,81.73710741,60.72120977,75.95967429,71.96587825,38.85226832,57.27025979,56.84373788,58.89879798,75.02908104,38.61962001,42.3032183,63.08646762,68.94145017,51.72547499,36.99108181,9.305932532,0,0,1
120,lig_00056076,ZINC001181803968_1,N#Cc1ccccc1CC(=O)N[C@@H]1CCCc2cccnc21,291.354,2.68958,3,1,4,0.945161816,1,65.78,0.431393111,0.904363811,0.920374048,0.338780725,0.429404294,0.288903075,0.115586157,0.271529561,0.083627154,0.777034867,0.655073315,0.146916918,0.328115019,0.371703053,0.999886167,0.019733465,0.039692526,0.156718098,0.187808226,0.061607678,0.130128864,0.009670167,0.95647701,0.10400199,0.107973469,0.040868143,0.018938954,0.128940782,0.055419559,0.369168383,0.266533127,-4.67948865,60.25142994,44.06999727,-1.855665085,-10.9733353,2.462135408,2.1370324,73.04418899,-3.543789376,-5.110289065,37.99922451,56.96006204,31.17487398,36.68088406,63.80379992,100,54.80806514,43.42768515,78.28615743,68.28227995,80.18611865,77.74331136,80.69019,76.65761923,67.70065917,72.276076,58.86002326,84.64521132,85.34315626,48.15820085,78.13105855,45.13377278,84.41256301,66.22721985,67.31291198,78.13105855,84.29623885,80.69019,65.95579682,60.68243505,82.04730516,51.9581233,46.83986041,77.8208608,56.45599069,66.88639007,66.57619232,44.00930593,48.42962389,68.74757658,70.53121365,73.86583947,32.99728577,36.68088406,45.28887166,63.00891819,47.18883288,40.32570764,8.452888717,0,0,1
120,lig_00009958,ZINC000194851727_1,N#Cc1ccc(CC(=O)N[C@@H]2CCCc3occc32)cc1,280.327,2.88758,3,1,4,0.939693725,1,66.03,0.302004418,0.755445981,0.909707034,0.204809658,0.402200606,0.377800024,0.12414088,0.319004869,0.026956435,0.765007079,0.220640135,0.176850323,0.122925,0.427783293,0.998979223,0.03199162,0.085188466,0.058332504,0.110082537,0.064662028,0.279426387,0.012453965,0.933400702,0.105438441,0.151979128,0.056167302,0.016064688,0.10175267,0.092657578,0.279423696,0.2449837,-4.667955279,50.78202346,31.49899957,57.18454312,-10.97632094,2.795296688,2.423453111,87.98311907,-3.616691486,-4.368881298,34.93602171,60.21713843,31.17487398,36.68088406,63.80379992,100,54.80806514,43.42768515,66.57619232,51.72547499,76.65761923,70.14346646,78.67390461,85.88600233,68.90267546,75.95967429,40.36448236,83.05544785,67.54556029,54.207057,55.87436991,49.43776658,65.68437379,77.54943777,84.6064366,63.43544009,74.56378441,81.85343156,87.32066693,64.17215975,74.75765801,52.22954634,54.28460644,81.46568437,53.43156262,63.55176425,74.79643273,32.60953858,46.72353625,69.44552152,62.69872043,63.00891819,89.14307871,36.56455991,67.54556029,68.20473052,69.75571927,39.0073672,10.4691741,0,0,1
120,lig_00010277,ZINC000554489900_1,N#Cc1ccc(CCC(=O)N2CC[C@H](O)C23CCCC3)cc1,298.386,2.39688,3,1,4,0.931621261,1,64.33,0.22969895,0.84172523,0.830569458,0.06761795,0.554285604,0.253334427,0.143370776,0.243440415,0.010441108,0.729460907,0.489598185,0.041864374,0.135519538,0.154390782,0.999921858,0.03564308,0.145649384,0.026122134,0.07763153,0.03164407,0.224513748,0.00643022,0.975809169,0.166681118,0.108130743,0.018667717,0.011817405,0.078809714,0.070541065,0.305354539,0.403791988,-4.467637523,48.94057169,19.67547967,5.191562621,-11.03688163,2.503005903,1.714906829,56.85719015,-2.833384244,-3.38820927,39.97673517,51.37650252,31.17487398,36.68088406,63.80379992,99.96122528,54.80806514,42.28383094,56.96006204,60.5661109,56.22334238,55.06010081,85.96355176,71.69445522,70.91896084,70.14346646,25.55253974,77.51066305,79.60449787,17.17720047,57.77433114,28.22799535,86.62272199,79.17797596,89.68592478,51.29895308,68.82512602,65.95579682,82.78402482,54.59480419,90.38386972,58.66614967,46.83986041,66.92516479,46.99495929,60.48856146,70.53121365,35.75029081,58.54982551,82.47382706,61.30283055,52.30709577,46.80108569,35.9441644,48.31329973,54.86622722,28.69329197,53.93563397,14.85071733,0,0,1
120,lig_00048299,ZINC001182341985_1,N#Cc1cccc(CCC(=O)N[C@@H]2CCCc3cccnc32)c1,305.381,3.07968,3,1,4,0.943682803,1,65.78,0.407513088,0.895394492,0.914438081,0.40403474,0.579094288,0.318398988,0.248705231,0.352377754,0.132220085,0.836051273,0.798261166,0.175808608,0.395929748,0.365627366,0.999870825,0.032719208,0.065296163,0.179595675,0.23933775,0.094019339,0.17518273,0.014626718,0.971504033,0.214582945,0.197552641,0.062907884,0.029168146,0.219518146,0.094998644,0.292075823,0.392749527,-4.753154807,68.06841548,46.47203812,4.105508276,-10.30790948,2.474131669,2.625489336,77.3676509,-3.839811655,-5.482163078,42.18689415,62.81504459,31.17487398,36.68088406,63.80379992,100,54.80806514,43.42768515,76.77394339,66.88639007,78.48003102,80.30244281,87.01046917,80.10856921,79.44939899,77.78208608,67.15781311,93.13687476,90.61651803,54.0131834,82.97789841,44.59092672,83.94726638,77.89841024,79.75959674,79.99224506,87.94106243,87.4757658,75.84335014,66.96393951,88.21248546,62.31097325,60.95385808,82.7452501,64.98642885,74.02093835,75.06785576,34.43195037,58.08452889,64.55990694,75.88212485,75.30050407,44.62970143,43.42768515,45.90926716,72.62504847,52.88871656,34.85847228,7.212097712,0,0,1
120,lig_00010466,ZINC000160978497_1,N#Cc1ccc(CCC(=O)N[C@@H]2CCOC3(CCCCC3)C2)cc1,326.44,3.48898,3,1,4,0.921045615,1,62.12,0.455178416,0.915720809,0.901302516,0.082478509,0.508089159,0.16660325,0.155577939,0.276962277,0.042815172,0.763113606,0.683638632,0.112201264,0.23456545,0.286610323,0.999694932,0.01179464,0.046419093,0.048232889,0.174426571,0.060995725,0.116406928,0.017114409,0.974090981,0.326692189,0.216738544,0.030815378,0.050865032,0.237508136,0.110838263,0.344205892,0.450501207,-4.754983718,74.99074768,52.24613352,1.665908383,-8.082280503,2.427509221,2.767773968,81.62599654,-4.0109496,-2.422884318,48.39084917,69.4067468,31.17487398,36.68088406,63.80379992,99.80612641,54.80806514,39.74408686,79.79837146,69.91081815,73.59441644,57.73555642,84.25746413,54.47848003,72.46994959,72.66382319,48.08065142,82.82279953,86.58394727,41.21752617,70.0271423,39.20124079,76.92904226,52.84994184,70.8414114,60.41101202,83.05544785,80.53509112,62.03955021,69.09654905,89.80224893,67.70065917,63.31911594,74.1372625,75.06785576,75.10663048,76.77394339,40.59713067,61.30283055,64.4823575,79.99224506,78.67390461,40.28693292,65.64559907,43.27258627,75.37805351,58.54982551,31.56262117,19.07716169,0,0,1
120,lig_00010869,ZINC000892686007_1,N#Cc1ccc(CCNC(=O)[C@@H]2CCOC3(CCC3)C2)cc1,298.386,2.56628,3,1,4,0.928964883,1,62.12,0.458265662,0.944239116,0.912501824,0.168333703,0.342794544,0.141293382,0.085244404,0.416248268,0.049310387,0.748424757,0.475147173,0.049793042,0.183908862,0.149833263,0.999841034,0.017197014,0.051216121,0.069252558,0.143835706,0.056075529,0.137212572,0.00921369,0.966580164,0.084456576,0.129136217,0.038854703,0.032117126,0.074204634,0.099381605,0.342461738,0.388048062,-4.555905947,47.56364755,8.225480311,8.547362608,-9.610626391,2.395905328,1.833972731,68.94043239,-3.12398544,0.176941952,39.97673517,54.40093059,31.17487398,36.68088406,63.80379992,99.96122528,54.80806514,39.74408686,80.10856921,74.99030632,77.58821249,67.58433501,75.64947654,48.62349748,62.85381931,81.54323381,50.32958511,80.30244281,79.0616518,20.35672741,64.40480807,27.45250097,82.5513765,62.93136875,73.82706475,66.07212098,79.68204731,79.10042652,67.58433501,60.06203955,86.19620008,49.43776658,50.5234587,77.12291586,67.08026367,59.32531989,75.49437767,40.17060876,57.85188057,76.58006979,60.33346258,38.34819698,52.03567274,50.29081039,41.41139977,56.8825126,42.18689415,48.39084917,38.1930981,0,0,1
120,lig_00047578,ZINC000435351830_1,N#Cc1cccc(C2(C(=O)NCc3ccc(F)cn3)CC2)c1,295.317,2.44038,3,1,4,0.941810623,0,65.78,0.453484529,0.961606896,0.972246015,0.281415004,0.439427915,0.336732113,0.10693936,0.104375191,0.025029535,0.724942982,0.478251833,0.143064862,0.246952201,0.44714112,0.999974275,0.011204931,0.026723522,0.101997029,0.272924483,0.025044247,0.060078237,0.002373307,0.973034704,0.018136061,0.117050394,0.027897229,0.005914081,0.084648886,0.03593582,0.231529534,0.136286952,-4.281088214,70.08643545,32.80457603,-12.25050988,-12.38800916,2.929053706,2.367314896,71.7148657,-3.74989466,-3.689524621,39.0073672,52.11322218,31.17487398,36.68088406,63.80379992,100,22.48933695,43.42768515,79.79837146,79.0616518,96.16130283,75.06785576,81.27181078,82.04730516,66.77006592,49.94183792,39.24001551,76.61884451,79.21675068,47.61535479,71.6556805,50.79488174,93.17564948,50.87243117,54.0131834,72.15975184,89.7246995,59.82939124,33.07483521,37.96044979,89.22062815,30.5932532,48.50717332,72.8964715,33.69523071,61.45792943,59.44164405,25.6688639,34.89724699,92.12873207,76.92904226,64.09461031,16.20783249,25.20356727,75.49437767,67.62310973,45.67661884,36.64210934,13.06708026,0,0,1
120,lig_00017794,ZINC000367967684_1,N#Cc1ccc(F)c(CNC(=O)C2(c3cccnc3)CCCC2)c1,323.371,3.22058,3,1,4,0.939259256,0,65.78,0.416807014,0.958748043,0.948129189,0.479568356,0.880946171,0.332118657,0.614430988,0.138828577,0.148536185,0.712546217,0.981515598,0.108273871,0.400723112,0.457055944,0.999995899,0.014498278,0.02411959,0.163862272,0.673269439,0.064376916,0.076143317,0.005875517,0.983284938,0.085821214,0.240425262,0.031747628,0.018217693,0.410588118,0.066321603,0.258599071,0.493377912,-4.378872269,73.96472502,39.79515152,-6.933782264,-10.98655394,2.923959589,2.599117586,73.6891943,-4.110317047,-3.259706936,47.46025591,65.10275301,31.17487398,36.68088406,63.80379992,100,22.48933695,43.42768515,77.31678945,78.40248158,88.94920512,82.5513765,96.31640171,81.54323381,93.0205506,57.15393563,68.94145017,75.02908104,99.10818147,40.2481582,83.171772,51.49282668,98.33268709,57.96820473,50.29081039,78.71267933,98.79798371,81.73710741,43.23381155,52.92749128,93.67972082,49.63164017,65.76192323,74.64133385,55.56417216,82.24117875,69.44552152,30.05040713,63.16401706,87.97983715,79.37184955,70.68631252,24.15664986,36.37068631,75.06785576,72.15975184,47.92555254,29.46878635,15.35478868,0,1,1
120,lig_00011712,ZINC000766940351_1,N#Cc1ccc(CNC(=O)C2CCC(C(F)(F)F)CC2)nc1,311.307,2.93818,3,1,4,0.933072462,0,65.78,0.448020276,0.982769465,0.969123137,0.162848176,0.46496954,0.253848436,0.062719843,0.139082114,0.01014192,0.731686306,0.215675163,0.259552529,0.170017061,0.286391588,0.999922442,0.031547862,0.082932001,0.076201576,0.116359195,0.050316762,0.12484352,0.004107323,0.970794463,0.03077844,0.10678737,0.043548568,0.008853649,0.0866112,0.023520799,0.164153904,0.144318347,-4.227826554,33.2746325,1.368664797,-9.005996467,-9.416779394,2.933313676,2.410795103,75.43366441,-3.481289713,0.87507293,44.04808065,60.91508337,31.17487398,36.68088406,63.80379992,99.96122528,22.48933695,43.42768515,79.41062427,87.55331524,95.2694843,67.08026367,82.5513765,71.73322993,57.23148507,57.15393563,25.35866615,77.70453664,67.00271423,67.46801086,62.69872043,39.20124079,86.73904614,77.35556417,84.29623885,67.54556029,75.64947654,77.04536642,64.75378054,47.15005816,87.82473827,36.60333463,46.52966266,78.71267933,41.64404808,61.65180302,51.64792555,15.50988755,36.09926328,94.14501745,47.07250872,30.28305545,20.62815045,52.50096937,75.5719271,68.08840636,50.17448623,41.52772392,43.81543234,0,0,1
120,lig_00012058,ZINC000781062110_1,N#Cc1ccc(CNC(=O)Cc2ccc3c(c2)CCC3)nc1,291.354,2.30088,3,1,4,0.93964868,0,65.78,0.430631894,0.900453591,0.925071335,0.574569684,0.793844962,0.305410314,0.192202201,0.360129321,0.124539855,0.796841192,0.711432052,0.174552463,0.206178811,0.397384894,0.999836576,0.020014482,0.045907896,0.242378989,0.273252523,0.097478549,0.179135028,0.011958023,0.97583276,0.158613882,0.172114162,0.085744789,0.020485261,0.241615117,0.062344638,0.362638676,0.320083225,-4.831442517,63.5455969,51.04293541,3.121441103,-11.22299675,2.548057172,2.446736799,78.38457214,-3.764887699,-4.497959566,37.99922451,49.70918961,31.17487398,36.68088406,63.80379992,100,22.48933695,43.42768515,78.24738271,67.54556029,81.96975572,85.18805739,94.10624273,78.86777821,75.33927879,78.28615743,66.26599457,87.28189221,87.70841411,53.89685925,67.31291198,47.53780535,82.39627763,66.69251648,70.60876309,84.37378829,89.76347421,87.78596355,76.69639395,63.43544009,90.38386972,57.96820473,57.0763862,86.46762311,57.65800698,75.33927879,68.24350523,43.19503684,52.42341993,59.01512214,72.81892206,77.97595967,42.57464133,34.04420318,51.49282668,68.86390074,54.36215587,36.40946103,10.19775107,0,0,1
120,lig_00012060,ZINC000781056905_1,N#Cc1ccc(CNC(=O)Cc2ccc3c(c2)CCCC3)nc1,305.381,2.69098,3,1,4,0.944158507,0,65.78,0.424837023,0.896039057,0.915407526,0.57516104,0.865579069,0.332206565,0.306605549,0.375133806,0.191155583,0.825503862,0.821215904,0.22384686,0.283250335,0.408131319,0.999804747,0.020091376,0.046840999,0.268559402,0.370041132,0.117745748,0.155614868,0.021299448,0.976956105,0.26397472,0.268534464,0.101901366,0.032811713,0.454181767,0.098528569,0.349714711,0.475229478,-4.897290704,68.53133258,58.93840194,9.656262166,-10.5245561,2.649493201,2.824331746,81.74723971,-4.119052733,-3.16821316,42.18689415,56.96006204,31.17487398,36.68088406,63.80379992,100,22.48933695,43.42768515,77.93718496,67.00271423,78.6351299,85.22683211,96.08375339,81.54323381,82.82279953,79.0616518,72.8964715,91.39201241,91.43078713,62.46607212,75.22295463,48.11942613,81.03916247,66.84761535,71.11283443,85.92477705,93.56339667,89.49205118,71.84955409,72.31485072,90.88794106,64.44358278,68.47615355,88.56145793,67.31291198,83.75339279,75.33927879,41.52772392,62.23342381,55.17642497,76.07599845,82.08607988,53.5866615,41.21752617,58.12330361,76.89026755,58.82124855,29.39123691,15.8200853,0,0,1
120,lig_00012965,ZINC000782025922_1,N#Cc1ccc(CNC(=O)[C@@H]2CCCc3ccccc32)nc1,291.354,2.68958,3,1,4,0.945161816,1,65.78,0.486484671,0.907014358,0.939239693,0.471919489,0.557613501,0.313762966,0.157002348,0.299976677,0.065331111,0.781406748,0.607755995,0.136402214,0.286898345,0.42939344,0.999894392,0.02440771,0.044645332,0.188098738,0.287961239,0.075131081,0.143599996,0.009572043,0.970138884,0.136284828,0.142248982,0.080332839,0.019576943,0.198406292,0.082483326,0.345268315,0.311119896,-4.764966659,72.04977782,52.75426538,0.761619449,-11.13083119,2.552110251,2.514683587,76.33151302,-3.756812125,-3.763172176,37.99922451,56.96006204,31.17487398,36.68088406,63.80379992,100,54.80806514,43.42768515,81.65955797,68.55370299,86.15742536,82.27995347,86.07987592,79.75959674,72.66382319,74.52500969,54.94377666,85.26560682,83.94726638,46.25823963,75.33927879,49.55409073,84.87785964,71.30670803,70.0271423,80.96161303,90.26754556,84.76153548,69.25164793,60.5661109,87.55331524,55.17642497,52.57851881,85.92477705,56.92128732,72.70259791,73.05157038,40.75222955,51.5316014,63.74563784,78.40248158,78.86777821,38.50329585,34.97479643,51.76424971,70.49243893,51.10507949,36.60333463,12.83443195,0,0,1
82,lig_00055190,ZINC001842805813_1,C[C@H](C(=O)N1CC2(CCCN2C(=O)CC(F)(F)F)C1)c1ccc(O)cc1,370.371,2.6515,3,1,4,0.889944193,1,60.85,0.24044309,0.853559828,0.57262491,0.011417842,0.216019921,0.08683938,0.04128419,0.092567273,0.052569956,0.758825696,0.448298153,0.153685407,0.129527649,0.100640173,0.998260319,0.038351019,0.061468908,0.007919416,0.082802685,0.040659504,0.271774909,0.0029035,0.825883234,0.05163905,0.281508398,0.006512351,0.011372934,0.050689782,0.055587173,0.370539063,0.432249522,-4.921907396,32.244245,20.18208544,-11.15014242,-8.383324188,3.269832879,2.103977181,75.77714987,-3.304208721,1.651285647,58.35595192,56.33966654,31.17487398,36.68088406,63.80379992,98.5653354,54.80806514,39.39511439,58.54982551,61.8069019,23.49747964,34.93602171,65.41295076,31.64017061,51.37650252,46.76231097,51.29895308,82.04730516,78.48003102,49.82551377,56.84373788,20.58937573,59.90694067,80.57386584,78.32493214,32.29934083,69.87204343,71.73322993,86.70027142,41.10120202,57.27025979,42.96238852,69.83326871,49.2826677,45.87049244,54.16828228,66.57619232,44.04808065,60.33346258,53.66421093,46.14191547,53.08259015,17.72004653,62.50484684,88.40635905,62.27219853,50.48468399,44.78480031,51.45405196,0,0,1
82,lig_00006463,ZINC001273398010_1,C[C@@]1(C(=O)N2CC3(CCN3C(=O)Nc3cc(F)ccc3F)C2)CCCO1,365.38,2.3525,3,1,4,0.875226296,1,61.88,0.515117323,0.956128895,0.896778178,0.00992375,0.070380023,0.159149411,0.01536219,0.151004883,0.004034157,0.66415236,0.083685435,0.192935266,0.405527645,0.399508002,0.999478626,0.013908443,0.093314377,0.011884291,0.014361753,0.003165796,0.10172313,0.002029767,0.956981456,0.025537521,0.100438419,0.007765583,0.002351213,0.005154726,0.015336395,0.26121805,0.490255845,-4.457128097,39.67240038,3.325151632,35.29251609,-11.42081632,3.074423607,1.744400787,63.00225081,-2.872307356,-5.220654063,57.11516092,50.63978286,31.17487398,36.68088406,63.80379992,97.47964327,54.80806514,39.74408686,83.79216751,77.70453664,72.19852656,33.77278015,43.81543234,52.81116712,36.48701047,59.20899573,15.62621171,68.5924777,52.96626599,57.5029081,83.52074447,47.69290423,72.39240016,57.15393563,85.69212873,37.84412563,42.45831718,15.04459093,56.53354013,35.3237689,82.31872819,34.39317565,44.12563009,52.07444746,18.6894145,26.56068244,44.66847615,30.28305545,63.0476929,83.13299729,53.3927879,32.45443971,79.48817371,32.33811555,82.16362931,55.33152385,34.62582396,53.04381543,8.142690965,0,1,1
82,lig_00006811,ZINC000374286108_1,C[C@@]1(C(=O)N2CCC(c3ncccc3Cl)CC2)CCC(=O)NC1,335.835,2.3573,3,1,4,0.902076965,1,62.3,0.058480494,0.924152029,0.824420476,0.008437809,0.245468228,0.075160041,0.027979225,0.121722709,0.040534188,0.811630249,0.586693937,0.031210667,0.278799137,0.102598947,0.999952936,0.008854723,0.021415947,0.026769624,0.024486884,0.016562115,0.180500041,0.000865521,0.971087658,0.034905396,0.208439947,0.001860143,0.010239932,0.00106361,0.001776074,0.300229475,0.161217479,-4.748005262,21.14646735,1.02580399,-0.049027765,-10.86413848,2.782696532,1.418358946,51.60112901,-2.49468344,0.072336671,50.48468399,50.7173323,31.17487398,36.68088406,63.80379992,99.14695618,54.80806514,40.01550989,22.14036448,70.99651028,54.98255138,31.64017061,68.20473052,27.14230322,45.94804188,53.89685925,47.46025591,89.5308259,83.48196976,13.26095386,74.79643273,20.86079876,89.56960062,44.66847615,46.87863513,51.64792555,49.4765413,48.35207445,76.92904226,23.84645211,87.94106243,38.1930981,62.54362156,31.44629701,44.04808065,13.1446297,17.2547499,35.28499418,38.38697169,64.71500582,33.85032959,29.89530826,37.06863125,37.92167507,66.49864288,49.12756883,23.49747964,60.9926328,37.22373013,0,0,1
82,lig_00070274,ZINC000626514229_1,C[C@H](C(=O)NC(C)(C)C)N(C)C(=O)[C@H]1CC(=O)N(c2ccc(F)c(F)c2)C1,381.423,2.0793,3,1,4,0.868238501,2,69.72,0.180603028,0.938293934,0.798004127,0.008262956,0.218109715,0.219604874,0.024773491,0.075484829,0.049288321,0.792415833,0.578176731,0.243679753,0.191654938,0.332572526,0.998743355,0.006527123,0.051167199,0.008283482,0.039330007,0.004203759,0.032663754,0.000850233,0.970657265,0.172140306,0.126730807,0.001006847,0.002791382,0.007119787,0.002164205,0.196638933,0.404367208,-4.609316713,48.20719257,36.34629971,16.76771805,-9.782027883,2.827010814,1.967880133,62.00023399,-2.876605953,10.138091,60.83753393,46.83986041,31.17487398,36.68088406,63.80379992,96.97557193,68.86390074,46.18069019,49.01124467,73.86583947,50.5234587,31.4075223,65.64559907,65.87824738,44.3582784,41.87669639,50.32958511,86.6614967,83.171772,65.37417604,65.21907716,42.53586661,63.43544009,37.76657619,73.78829003,32.80341218,56.84373788,19.11593641,14.03644824,23.76890268,87.74718883,59.20899573,50.13571152,23.49747964,20.9383482,30.01163242,19.5036836,19.96898022,58.58860023,73.28421869,60.72120977,67.66188445,63.59053897,48.81737107,69.6006204,59.44164405,33.34625824,53.00504071,91.66343544,0,0,1
82,lig_00072181,ZINC000292969927_1,C[C@H](C(=O)NC1CCN(C(=O)c2ccncc2)CC1)C(C)(F)F,325.359,2.0937,3,1,4,0.921938045,1,62.3,0.103246293,0.984124768,0.906075573,0.020771436,0.625205916,0.156307486,0.359481156,0.070195033,0.032196336,0.632296038,0.502569813,0.059893507,0.324618521,0.227586603,0.999984407,0.001735533,0.004605908,0.032212737,0.0808798,0.003977438,0.065425645,0.000249887,0.98134948,0.015702314,0.086638118,0.001005793,0.006729116,0.004155954,0.001271171,0.332264909,0.432908687,-4.460806885,19.63840377,-11.52623131,-10.27044938,-11.47856918,3.064083133,1.185750622,45.11159708,-2.233230761,0.594066441,48.0418767,47.2276076,31.17487398,36.68088406,63.80379992,99.80612641,54.80806514,40.01550989,34.31562621,88.2900349,75.49437767,41.6828228,88.7165568,52.11322218,85.11050795,40.71345483,43.38891043,64.59868166,80.03101978,23.6138038,78.01473439,35.28499418,95.42458317,15.04459093,12.56300892,54.43970531,69.63939511,18.26289259,36.37068631,13.92012408,92.63280341,29.19736332,40.67468011,23.38115549,36.40946103,24.2341993,14.26909655,39.08491663,60.41101202,82.86157425,32.29934083,15.27723924,19.03838697,31.87281892,81.77588212,45.40519581,18.45676619,65.60682435,41.91547111,0,0,1
82,lig_00008668,ZINC000899211605_1,C[C@@]1(C(=O)N2CCc3oc(-c4ccccc4)cc3C2)CCNC(=O)C1,338.407,2.7476,3,1,4,0.91572173,1,62.55,0.17396187,0.935859621,0.767232895,0.133265702,0.361784178,0.219368528,0.135778248,0.25626651,0.032359865,0.777059686,0.501726711,0.038348365,0.184296966,0.332918099,0.999932826,0.02450023,0.07347294,0.059816303,0.091827316,0.033804798,0.267884314,0.009321749,0.967829335,0.291509555,0.387572551,0.019956174,0.02450467,0.009648766,0.01623447,0.277481301,0.434143567,-4.791366207,26.77683974,34.27677532,44.53891374,-9.419237787,2.92698031,2.225205692,85.5858302,-2.98604079,-4.346056922,51.06630477,58.23962776,31.17487398,36.68088406,63.80379992,99.72857697,54.80806514,40.20938348,47.80922838,73.40054285,45.32764637,64.28848391,76.73516867,65.80069794,70.33734005,71.15160915,43.42768515,84.64521132,80.03101978,15.97518418,64.4823575,42.53586661,87.43699108,71.57813106,82.08607988,63.93951144,71.88832881,67.62310973,86.27374952,60.29468786,86.54517255,66.34354401,77.43311361,68.01085692,61.34160527,33.15238465,45.59906941,32.29934083,60.44978674,62.23342381,40.2481582,65.60682435,84.87785964,52.38464521,75.41682823,64.55990694,64.79255525,50.98875533,10.66304769,0,0,1
82,lig_00002463,ZINC000812670894_1,C[C@@](O)(C(=O)OCc1nn(-c2ccc(F)cc2)c2c1CCC2)C1CCC1,358.413,3.0944,5,1,4,0.834472929,1,64.35,0.260621428,0.988788581,0.938231361,0.590358835,0.760003519,0.238779296,0.61998632,0.148203965,0.112283175,0.728935814,0.692045987,0.051316074,0.156705816,0.458500051,0.999997783,0.0586072,0.224125537,0.115204817,0.283536527,0.052193898,0.176861538,0.019660923,0.989581239,0.445319408,0.174068581,0.060208929,0.007980166,0.229563037,0.028140638,0.127976065,0.450051349,-4.27222677,60.51505676,47.38596842,-6.252883695,-7.819471416,2.767391024,3.065036537,87.50335096,-4.092466812,0.782877688,55.40907328,63.08646762,59.11205894,36.68088406,63.80379992,93.2144242,54.80806514,42.41954246,61.76812718,90.77161691,85.92477705,85.69212873,93.2144242,69.32919736,93.17564948,58.74369911,64.21093447,77.43311361,87.08801861,20.82202404,61.07018224,51.60915083,99.26328034,86.35129895,92.74912757,73.63319116,90.03489725,77.78208608,76.15354789,71.22915859,97.16944552,72.97402094,57.42535867,82.24117875,40.05428461,74.44746026,54.90500194,9.73245444,61.30283055,92.43892982,70.8414114,75.68825126,25.51376503,68.01085692,65.68437379,82.20240403,68.82512602,29.85653354,43.23381155,0,0,1
82,lig_00006464,ZINC001275957994_1,C[C@@]1(C(=O)N2CC3(CCN3C(=O)Nc3cc(F)ccc3F)C2)CCOC1,365.38,2.21,3,1,4,0.874176573,1,61.88,0.344514146,0.933851802,0.846213877,0.005213321,0.030966603,0.081520082,0.007447622,0.100670107,0.006582922,0.655126369,0.091561074,0.122186556,0.416632181,0.24577239,0.99792105,0.027197067,0.101858549,0.011547092,0.015572798,0.004087083,0.062061577,0.001540611,0.886410081,0.01588786,0.114903387,0.009669657,0.001815423,0.003206413,0.0214515,0.165654989,0.436986989,-4.433734684,39.2706154,11.081525,19.54076073,-10.89389833,3.235232784,1.932415921,60.16031977,-2.888259484,-1.740599596,57.11516092,48.54594804,31.17487398,36.68088406,63.80379992,97.28576968,54.80806514,39.74408686,70.95773556,72.78014734,59.86816596,26.13416053,30.55447848,29.58511051,26.79333075,48.89492051,20.1240791,67.54556029,54.207057,43.35013571,84.06359054,36.29313687,57.6967817,74.40868554,86.50639783,37.45637844,43.50523459,18.6894145,34.31562621,31.09732454,64.4823575,29.31368748,48.19697557,54.86622722,15.8200853,22.87708414,50.05816208,15.66498643,60.60488561,84.52888717,53.12136487,41.79914696,66.61496704,37.5727026,87.4757658,58.78247383,31.75649477,52.88871656,23.38115549,0,0,1
82,lig_00001524,ZINC001180489420_1,C[C@@](O)(C(=O)N1CCC2(CC1)CC(=O)c1cc(F)ccc1O2)C(F)(F)F,375.318,2.4654,4,1,4,0.766187943,1,66.84,0.256438813,0.983870459,0.913576448,0.023403951,0.322025028,0.100285468,0.169041927,0.142741726,0.031822042,0.702811027,0.105496093,0.11946734,0.198355088,0.44312607,0.999931562,0.038693006,0.112231605,0.026320018,0.123872502,0.007341703,0.119755711,0.004297454,0.96700381,0.237075557,0.226830816,0.011135605,0.003642526,0.069928832,0.033776844,0.109537486,0.487102705,-4.345183563,36.76770941,18.36903779,-24.20176848,-8.688378617,3.800760821,2.150958847,78.21334162,-2.783173981,4.7819967,59.48041877,52.50096937,46.47150058,36.68088406,63.80379992,84.02481582,54.80806514,44.4552152,61.30283055,88.17371074,78.09228383,43.27258627,74.05971307,35.67274137,73.55564172,57.81310585,43.19503684,73.12911981,56.10701822,42.84606437,66.18844513,50.32958511,87.32066693,80.69019,87.63086468,51.37650252,77.08414114,28.61574254,63.2415665,48.39084917,86.35129895,63.43544009,64.17215975,57.30903451,24.93214424,58.3171772,58.51105079,6.824350523,62.93136875,89.5308259,50.60100814,50.87243117,5.738658395,59.51919349,96.31640171,63.47421481,54.16828228,54.98255138,73.20666925,0,0,1
82,lig_00002157,ZINC000815499514_1,C[C@@](O)(C(=O)OCC(=O)C1CCC(F)(F)CC1)c1ccc(Cl)cc1,360.784,3.4853,4,1,4,0.816371814,1,63.6,0.03987442,0.987731469,0.926927722,0.117909478,0.447565019,0.18732899,0.225725123,0.0828601,0.118068501,0.744973516,0.158620435,0.091016299,0.044593615,0.25525108,0.99997921,0.142389016,0.145620926,0.024201455,0.086516917,0.02029938,0.095214441,0.011519082,0.967719162,0.250800033,0.066826252,0.007980978,0.009698183,0.35991756,0.03606945,0.106040182,0.195002989,-4.320346762,97.94070536,43.58286098,-0.588283347,-6.435360303,2.5944264,2.869731118,84.83270084,-3.771959647,11.39113085,56.14579294,69.4067468,46.47150058,36.68088406,63.80379992,91.08181466,54.80806514,41.60527336,15.97518418,90.07367197,82.35750291,62.34974796,81.62078325,59.20899573,77.85963552,44.16440481,64.94765413,79.75959674,62.69872043,34.85847228,33.57890655,37.02985653,94.06746801,92.28383094,89.68592478,50.13571152,70.76386196,53.78053509,53.27646375,63.0476929,86.42884839,63.97828616,35.55641722,52.46219465,43.27258627,80.4963164,59.5579682,6.359053897,41.95424583,90.50019387,89.56960062,73.55564172,35.9441644,80.06979449,54.55602947,77.54943777,63.31911594,36.25436216,93.05932532,0,0,1
82,lig_00053795,ZINC001182785852_1,C[C@H](C(=O)N1CC(C)(C)C[C@]1(C)CO)c1ccc(C#N)cc1,300.402,2.67128,3,1,4,0.933085432,2,64.33,0.070352736,0.716402543,0.639703536,0.003770295,0.143927776,0.092207309,0.035338685,0.079913673,0.036954991,0.63507331,0.627389616,0.114732148,0.264130421,0.084992067,0.999587595,0.006727395,0.016361817,0.00655641,0.073714449,0.01075931,0.01784618,0.001025988,0.959330201,0.040654099,0.058146366,0.000392665,0.004924446,0.013889028,0.00576033,0.416897771,0.438245386,-4.322961678,44.29998943,19.11874077,13.03745986,-10.81055086,2.549300792,1.651072525,56.45843919,-3.037627519,-1.48800558,40.51958123,56.72741373,31.17487398,36.68088406,63.80379992,99.96122528,68.86390074,42.3032183,25.90151221,47.80922838,29.31368748,22.3730128,56.02946879,33.38503296,48.89492051,43.23381155,45.87049244,64.94765413,84.33501357,41.95424583,73.32299341,18.30166731,74.60255913,38.61962001,38.77471888,29.1585886,67.66188445,37.61147732,6.010081427,26.21170997,83.21054672,39.66653742,33.2687088,14.61806902,30.24428073,37.26250485,29.89530826,49.4765413,60.68243505,90.42264444,57.42535867,51.80302443,58.66614967,38.42574641,51.5316014,53.3927879,28.22799535,50.05816208,25.08724312,0,0,1
82,lig_00059723,ZINC000934141726_1,C[C@H](C(=O)N1CCC[C@H]1C(=O)OC(C)(C)C)c1cccc(O)c1,319.401,2.8284,4,1,4,0.87005295,2,66.84,0.091232773,0.666942269,0.587808323,0.061559678,0.620737809,0.192749386,0.205363389,0.102319974,0.047033362,0.785665965,0.459883183,0.051792095,0.057674216,0.12797031,0.999677777,0.003437893,0.01192184,0.014884202,0.060380381,0.107785707,0.157448627,0.004602058,0.980299556,0.019660936,0.070678668,0.002835318,0.01395637,0.051215436,0.016629113,0.284302506,0.132728377,-4.68216375,125.4404852,77.22099112,2.43590321,-9.630289198,2.516578836,2.466410821,81.24199635,-3.55030704,7.792283661,46.87863513,59.28654517,46.47150058,36.68088406,63.80379992,97.01434665,68.86390074,44.4552152,31.52384645,43.69910818,24.66072121,54.36215587,88.56145793,60.41101202,76.3861962,49.43776658,49.43776658,86.00232648,78.67390461,20.97712292,39.82163629,24.35052346,76.3861962,25.20356727,29.11981388,41.83792168,64.6762311,88.7165568,72.31485072,49.39899186,92.36138038,31.60139589,36.56455991,36.68088406,50.05816208,54.32338116,45.9868166,33.65645599,34.50949981,68.55370299,96.00620396,89.91857309,41.45017449,50.17448623,49.16634354,69.32919736,58.08452889,40.09305933,86.31252423,0,0,1
82,lig_00070152,ZINC000485614589_1,C[C@H](C(=O)NC(C)(C)C)N(C)C(=O)CCC(=O)c1ccc2c(c1)CCC2,358.482,2.8998,3,1,4,0.79531405,1,66.48,0.182680777,0.912085795,0.799470687,0.051214707,0.563366455,0.284660427,0.057771429,0.215552785,0.136864635,0.851962352,0.687575668,0.256115311,0.105429906,0.24062818,0.999100363,0.008421848,0.023390041,0.051321963,0.043519007,0.020185675,0.075518987,0.003931585,0.985140324,0.423636729,0.169719842,0.003523998,0.009696178,0.110414045,0.007070433,0.431451172,0.195976504,-4.545296621,83.64222703,67.5549926,38.29686769,-8.021111668,2.532015828,2.848022032,78.761967,-3.088072498,7.136946394,55.56417216,60.48856146,31.17487398,36.68088406,63.80379992,88.32880962,54.80806514,43.95114385,49.2826677,69.4067468,50.87243117,52.26832105,86.27374952,75.95967429,56.14579294,67.62310973,67.62310973,95.11438542,86.8553703,66.92516479,52.26832105,35.9441644,67.00271423,43.1174874,49.63164017,61.57425359,58.47227608,53.62543622,42.84606437,46.29701435,94.61031408,72.15975184,56.64986429,39.97673517,43.27258627,64.94765413,32.68708802,50.94998061,42.07056999,77.2004653,84.45133773,86.31252423,81.23303606,65.99457154,50.32958511,77.2004653,55.0213261,49.12756883,84.21868941,0,0,1
82,lig_00004625,ZINC000881328033_1,C[C@@](O)(Cc1cn(Cc2cccc3c2CCOC3)nn1)c1cccs1,355.463,2.9108,6,1,4,0.764434882,1,60.17,0.279113357,0.89306736,0.821614766,0.169916737,0.920430589,0.154848173,0.527919716,0.080405504,0.666944015,0.667599189,0.888894284,0.067229092,0.264837649,0.445164388,0.999871385,0.003197897,0.008699174,0.115910397,0.176616836,0.023086675,0.103883354,0.020204261,0.943854332,0.456643224,0.149866921,0.004262204,0.073506254,0.084516567,0.021875504,0.407610059,0.427166462,-5.168464233,76.86964438,50.46549551,5.286903246,-8.866318156,2.798042058,2.355128788,78.74724041,-3.65088399,-4.278086381,54.78867778,60.60488561,69.5036836,36.68088406,63.80379992,83.86971694,54.80806514,38.38697169,63.90073672,66.57619232,54.40093059,67.81698333,97.16944552,51.76424971,90.84916634,43.35013571,89.68592478,68.86390074,94.61031408,26.79333075,73.47809228,50.56223342,83.94726638,23.88522683,22.29546336,73.7107406,83.13299729,57.38658395,57.46413339,71.69445522,77.74331136,73.43931756,53.85808453,43.19503684,80.65141528,61.38037999,50.32958511,48.15820085,59.98449011,38.69716945,81.07793718,77.78208608,46.87863513,57.92943001,67.77820861,67.50678558,55.0213261,38.27064754,10.97324544,0,0,1
82,lig_00055533,ZINC001274662116_1,C[C@H](C(=O)N1CC2(CCN2C(=O)Cc2ccsc2)C1)c1ccc(O)cc1,370.474,2.6132,4,1,4,0.899964992,1,60.85,0.080194848,0.581321317,0.357062954,0.022531633,0.302029115,0.242597011,0.127679387,0.126683613,0.08697442,0.798256624,0.711331922,0.04754239,0.092440495,0.122889792,0.996293926,0.064571794,0.047247802,0.01618995,0.067055277,0.081897483,0.390430409,0.007143806,0.830004299,0.072285908,0.294222024,0.01559245,0.038262913,0.062709539,0.099184708,0.32396653,0.336058888,-5.3766791,86.86621681,31.26217975,-3.962081425,-10.88681237,3.100538491,1.774881267,73.35090363,-3.690044731,-3.570472494,58.43350136,55.447848,46.47150058,36.68088406,63.80379992,99.14695618,54.80806514,39.39511439,28.69329197,36.17681272,11.86506398,42.84606437,72.70259791,69.98836758,69.29042264,54.90500194,59.51919349,87.39821636,87.70841411,19.46490888,49.43776658,23.69135324,51.68670027,87.28189221,71.26793331,43.31136099,66.14967041,85.53702986,92.59402869,55.91314463,57.65800698,47.34393176,70.88018612,63.66808841,70.18224118,56.76618845,75.45560295,38.15432338,53.74176037,27.87902288,85.73090345,62.69872043,29.50756107,37.68902675,83.24932144,55.83559519,47.57658007,37.72780147,13.53237689,0,0,1
82,lig_00001174,ZINC000933401533_1,C[C@@](NC(=O)N1CCn2c(CC3CC3)nnc2C1)(c1ccccc1)C(F)(F)F,393.413,3.2335,4,1,4,0.86758788,1,63.05,0.266591783,0.986369383,0.929386222,0.003563938,0.565292013,0.410750604,0.224033853,0.104842944,0.06015651,0.777645242,0.651169443,0.303070545,0.229283163,0.385457739,0.999923003,0.003934406,0.028257323,0.018510211,0.043246631,0.01201113,0.143057507,0.004188695,0.926892579,0.338318548,0.387573051,0.011110624,0.007408094,0.159740868,0.005845315,0.270244928,0.272517234,-4.748285972,9.100467164,28.54962381,-1.553342378,-7.200570406,4.025967034,3.053353828,75.43481305,-4.520759276,-7.21931778,64.01706088,65.18030244,46.47150058,36.68088406,63.80379992,96.89802249,54.80806514,40.28693292,62.46607212,89.5308259,83.13299729,21.86894145,86.42884839,88.13493602,77.78208608,50.05816208,53.47033734,84.8003102,85.14928267,72.74137263,69.44552152,46.72353625,86.77782086,27.41372625,56.61108957,45.71539356,58.39472664,40.20938348,69.17409849,47.8480031,72.74137263,68.12718108,77.43311361,57.27025979,38.54207057,69.71694455,30.01163242,31.36874758,49.01124467,64.71500582,22.1791392,60.44978674,33.50135712,73.59441644,97.71229159,81.96975572,50.17448623,21.79139201,3.916246607,0,0,1
82,lig_00003218,ZINC000795594282_1,C[C@@](O)(CC(=O)OCC(=O)Cc1cccc(Br)c1)c1ccccc1,391.261,3.4017,4,1,4,0.735309365,1,63.6,0.016543937,0.794611621,0.82301358,0.560973042,0.930366564,0.241323838,0.749374223,0.087369835,0.46761868,0.561738431,0.560996026,0.127381839,0.03822478,0.355639187,0.999841666,0.055027995,0.021394544,0.022228773,0.029359274,0.011949227,0.11951012,0.105450941,0.949842501,0.468010366,0.08221134,0.00587984,0.032754336,0.330049753,0.031356047,0.349938071,0.328865665,-4.558096258,128.7254449,84.78922964,23.31510639,-7.940012272,2.545925359,3.699478994,100.9875275,-4.538343487,0.525316349,63.39666537,67.93330748,46.47150058,36.68088406,63.80379992,79.91469562,54.80806514,41.60527336,6.514152772,55.13765025,54.63357891,84.72276076,97.47964327,69.71694455,95.6960062,45.44397053,84.91663435,56.84373788,82.47382706,44.47460256,31.17487398,43.97053121,82.59015122,85.53702986,46.87863513,49.05001939,52.61729352,40.05428461,63.20279178,91.70221016,79.75959674,74.05971307,39.4338891,48.11942613,67.27413726,79.37184955,56.84373788,41.52772392,53.08259015,76.50252036,96.82047305,92.59402869,69.98836758,66.84761535,51.37650252,92.28383094,92.24505622,21.5587437,41.17875145,0,0,1
109,lig_00026390,ZINC000836058051_1,Cc1coc(C)c1C(=O)OC[C@@]1(c2ccccc2)CCC(=O)NC1,327.38,2.90124,4,1,4,0.876843206,1,68.54,0.124950144,0.957197559,0.859929109,0.364894924,0.797459364,0.126794663,0.263368753,0.211673248,0.103645559,0.652468407,0.406445274,0.019738324,0.113585182,0.286320643,0.999967313,0.013125608,0.045878392,0.024335782,0.042933302,0.017449529,0.217869376,0.003458899,0.993586361,0.131850144,0.076478674,0.009477567,0.007955085,0.003721895,0.004469449,0.313954692,0.44056235,-4.652050838,95.90460437,64.50991996,28.21749186,-8.451816808,2.715895319,2.46420072,92.67472384,-3.530730238,0.17653575,48.58472276,60.48856146,46.47150058,36.68088406,63.80379992,97.47964327,54.80806514,45.25009694,39.0073672,77.89841024,62.38852268,78.82900349,94.18379217,43.62155874,80.30244281,67.19658782,62.50484684,67.3516867,76.77394339,8.530438154,54.05195812,39.20124079,91.93485847,55.87436991,70.60876309,50.13571152,58.3171772,49.20511826,81.96975572,43.89298178,98.759209,54.78867778,38.30942226,54.55602947,40.01550989,23.69135324,26.90965491,37.06863125,60.83753393,70.53121365,88.87165568,84.83908492,74.56378441,61.92322606,62.81504459,69.32919736,78.32493214,40.55835595,38.1930981,0,0,1
109,lig_00039943,ZINC000986844564_1,Cc1cocc1C(=O)N[C@@H](C)C1CCN(C(=O)c2ccn(C)c2)CC1,343.427,2.59722,4,1,4,0.927738867,1,67.48,0.047561343,0.758082092,0.789203191,0.028153009,0.202272093,0.212764873,0.103691963,0.349809736,0.03564292,0.656844711,0.335706297,0.038061078,0.156210639,0.267527023,0.999729943,0.005889487,0.021044687,0.019067675,0.012198711,0.007654417,0.187786138,0.000903777,0.93875252,0.25047324,0.099438492,0.002592767,0.020551868,0.002413619,0.001262413,0.225983259,0.37072334,-4.882499251,33.34867846,-2.681916762,35.16409529,-10.55866912,2.4886338,1.65806312,75.68835352,-2.568274236,-0.252293579,52.26832105,55.09887553,46.47150058,36.68088406,63.80379992,99.92245056,54.80806514,44.70725087,19.07716169,51.9581233,49.12756883,45.28887166,63.82318728,64.52113222,66.07212098,77.66576192,45.13377278,67.85575805,73.78829003,15.78131059,61.07018224,37.92167507,77.8208608,35.44009306,46.21946491,45.9868166,40.4420318,29.35246219,78.32493214,24.66072121,76.23109732,63.97828616,43.89298178,35.75029081,57.6967817,19.89143079,14.19154711,24.35052346,56.30089182,56.2621171,47.18883288,25.16479256,79.44939899,41.02365258,47.53780535,53.5866615,50.44590927,59.59674292,34.54827453,0,0,1
109,lig_00019236,ZINC001018774277_1,Cc1coc(C)c1C(=O)N1CCC2(CN(C(=O)c3ccc[nH]3)C2)C1,327.384,2.21284,3,1,4,0.919265957,0,69.55,0.082012982,0.589118892,0.87114687,0.018613138,0.01494587,0.160271768,0.007146434,0.283434573,0.003702525,0.573386687,0.04803967,0.03368277,0.143005788,0.216812091,0.998831785,0.014342515,0.031718727,0.010026574,0.004664563,0.010015476,0.213835332,0.00030108,0.792517102,0.023270256,0.040086491,0.002704163,0.003688582,0.001146186,0.003232882,0.258872287,0.421973729,-4.86090384,40.66726073,9.262447153,16.22805624,-12.68585216,2.914398403,1.584293156,71.26773026,-2.618552976,-2.752031351,48.58472276,48.58472276,31.17487398,36.68088406,63.80379992,99.80612641,22.48933695,46.02559131,29.04226444,36.48701047,65.37417604,40.32570764,21.09344707,53.08259015,25.97906165,73.32299341,14.65684374,57.81310585,46.49088794,14.19154711,59.05389686,34.39317565,64.63745638,57.58045754,60.72120977,35.28499418,30.20550601,36.138038,81.54323381,14.88949205,53.35401318,33.30748352,26.94842962,36.25436216,25.0484684,13.49360217,23.34238077,30.05040713,59.7518418,57.23148507,54.36215587,39.6277627,62.69872043,22.87708414,74.52500969,52.11322218,45.1725475,58.51105079,17.4486235,0,0,1
109,lig_00039858,ZINC000527903467_1,Cc1cocc1C(=O)NCc1cccc(C(=O)N(C)C)c1,286.331,2.21982,3,1,4,0.937055746,0,62.55,0.152189121,0.770334089,0.909655035,0.429736716,0.444629061,0.38150999,0.083062998,0.220650777,0.03047528,0.55099206,0.243437813,0.113251895,0.026608328,0.406546688,0.999744487,0.006100223,0.018490697,0.062522297,0.045748723,0.020593255,0.24264985,0.001480371,0.964727736,0.032749787,0.069638783,0.006178187,0.012401548,0.019946659,0.002010943,0.447231662,0.201372066,-4.644277641,72.80800297,37.39595798,15.41034995,-12.40309926,2.364806992,1.34486517,72.69954039,-2.231651696,-7.027036734,36.44823575,48.73982164,31.17487398,36.68088406,63.80379992,100,22.48933695,40.20938348,44.39705312,53.00504071,76.54129508,81.1167119,81.54323381,86.11865064,62.34974796,68.12718108,42.72974021,55.95191935,68.82512602,41.48894921,23.73012796,47.96432726,78.20860799,36.52578519,42.41954246,64.90887941,59.36409461,54.24583172,84.10236526,30.43815432,85.45948042,37.5727026,36.21558744,48.58472276,47.92555254,41.76037224,18.76696394,52.30709577,42.65219077,71.19038387,78.94532765,68.47615355,61.65180302,25.0484684,39.74408686,48.19697557,46.99495929,65.60682435,4.342768515,0,0,1
109,lig_00039941,ZINC000986767070_1,Cc1cocc1C(=O)N[C@@H](C)C1CCN(C(=O)c2cccn2C)CC1,343.427,2.59722,4,1,4,0.927738867,1,67.48,0.066253544,0.821868122,0.814248919,0.072884599,0.388566345,0.235692108,0.180790451,0.34796994,0.03196289,0.700948608,0.447835797,0.037623484,0.154320419,0.330923289,0.999875903,0.005265544,0.022612383,0.028941956,0.017959151,0.009240441,0.219774175,0.001269085,0.969082129,0.277367973,0.142041983,0.003948023,0.030754079,0.003136848,0.001724968,0.244252659,0.414699048,-4.894861385,37.49970608,-0.019556627,33.55380103,-10.53947206,2.563362386,1.816599204,78.60686062,-2.696188559,0.20033625,52.26832105,55.09887553,46.47150058,36.68088406,63.80379992,99.92245056,54.80806514,44.70725087,24.54439705,57.92943001,53.27646375,56.18456766,77.8208608,68.7863513,74.71888329,77.58821249,43.27258627,73.05157038,78.4412563,15.66498643,60.91508337,42.45831718,84.06359054,32.80341218,48.6622722,52.96626599,45.52151997,34.04420318,82.27995347,28.57696782,87.12679333,65.2966266,52.57851881,41.91547111,65.99457154,22.68321055,17.06087631,27.723924,59.32531989,55.37029857,51.18262893,28.61574254,78.51880574,41.10120202,52.69484296,56.53354013,54.74990306,56.92128732,38.34819698,0,0,1
109,lig_00001885,ZINC000939173896_1,Cc1coc(C(=O)N2CC[C@@H](N(C)C(=O)c3cc4c([nH]3)CCC4)C2)c1,341.411,2.39152,3,1,4,0.931832652,1,69.55,0.164582714,0.934984732,0.854768574,0.240457301,0.575122941,0.399033028,0.106229023,0.505481744,0.051462748,0.78508209,0.624716544,0.024642792,0.12069713,0.413992721,0.999987698,0.003258914,0.028089553,0.05904924,0.014371558,0.005460775,0.233875069,0.000708845,0.975406837,0.295769793,0.07367103,0.00716531,0.005764932,0.013313269,0.001674534,0.277635661,0.423353779,-4.802606718,67.1901429,24.83284905,18.06420665,-13.2128521,2.7375137,2.379899098,81.30026262,-2.981464179,-3.01606344,51.91934858,51.29895308,31.17487398,36.68088406,63.80379992,99.96122528,54.80806514,46.02559131,46.52966266,73.12911981,61.49670415,72.74137263,86.8553703,87.32066693,66.5374176,86.2349748,50.94998061,85.84722761,84.21868941,10.62427297,55.52539744,48.54594804,96.23885227,24.15664986,56.30089182,63.66808841,42.4970919,23.41993021,83.75339279,22.14036448,90.30632028,66.42109345,37.41760372,50.75610702,33.03606049,36.7584335,16.78945328,32.29934083,59.79061652,61.14773168,75.26172935,57.23148507,65.14152772,18.76696394,63.78441256,67.66188445,58.12330361,51.06630477,16.47925553,0,0,1
109,lig_00007313,ZINC000965866347_1,Cc1coc(C(=O)N2Cc3ccc(CNC(=O)C4CCC4)cc3C2)c1,338.407,3.16032,3,1,4,0.931296607,0,62.55,0.253225687,0.949109459,0.914937472,0.365026414,0.833623099,0.488022298,0.332868433,0.263678662,0.162538906,0.806374168,0.716439569,0.116440972,0.080913804,0.436029387,0.999982405,0.013823815,0.073237431,0.039109157,0.033569548,0.022341847,0.353287584,0.007427293,0.96530081,0.367294338,0.413366884,0.036358713,0.044156139,0.135069208,0.013194725,0.349572769,0.401061478,-4.786339629,62.24535235,51.38422302,34.69827829,-8.407154491,2.991200248,3.283206263,92.33296747,-3.647844706,-6.285479431,51.06630477,64.13338503,31.17487398,36.68088406,63.80379992,99.96122528,22.48933695,40.20938348,60.75998449,76.19232261,78.59635518,78.82900349,95.11438542,92.67157813,84.02481582,71.69445522,70.14346646,88.67778209,87.94106243,42.34199302,46.49088794,50.0969368,94.84296239,57.0763862,82.00853044,56.96006204,54.90500194,56.57231485,91.00426522,56.49476541,85.57580458,69.63939511,78.75145405,76.54129508,72.93524622,67.73943389,42.57464133,41.52772392,58.43350136,62.38852268,71.96587825,78.09228383,79.2555254,62.31097325,78.16983327,86.19620008,77.66576192,38.34819698,5.467235363,0,0,1
109,lig_00007885,ZINC001016947868_1,Cc1coc(C(=O)NC2CC(N(C)C(=O)[C@@H]3Cc4ccccc43)C2)c1,338.407,2.64712,3,1,4,0.932098658,1,62.55,0.292714614,0.945962226,0.885214162,0.140990457,0.581760418,0.580474842,0.097238356,0.289159887,0.066298383,0.814584839,0.656088543,0.084375966,0.081028517,0.439644653,0.999940443,0.013256555,0.061200783,0.023112882,0.021962812,0.018461384,0.252784462,0.003602279,0.966966414,0.316477214,0.249961829,0.014646406,0.019134793,0.038999707,0.004251187,0.296316183,0.242475823,-4.523281839,92.29799351,55.40411164,52.07036464,-9.790671338,2.750493689,3.035346175,88.34090567,-2.794326236,-2.178373741,51.06630477,56.2621171,31.17487398,36.68088406,63.80379992,99.96122528,54.80806514,40.20938348,65.60682435,75.22295463,68.86390074,65.14152772,87.12679333,96.31640171,64.83132997,73.94338891,55.17642497,89.84102365,85.34315626,32.68708802,46.56843738,50.29081039,88.13493602,56.06824351,78.16983327,49.43776658,48.11942613,51.02753005,84.95540907,44.51337728,86.35129895,67.23536254,66.69251648,62.58239628,56.53354013,50.75610702,26.05661109,34.89724699,46.37456378,79.10042652,88.01861187,80.80651415,87.74718883,48.6622722,64.59868166,81.65955797,70.29856534,54.78867778,20.1240791,0,0,1
109,lig_00036165,ZINC001016817530_1,Cc1cocc1C(=O)NC1CC(N(C)C(=O)c2ccc(F)cc2C)C1,344.386,3.06854,3,1,4,0.927091442,0,62.55,0.247540919,0.950219548,0.950878584,0.248591644,0.804283202,0.573450863,0.411095488,0.181847963,0.039618481,0.726821697,0.589586076,0.209744883,0.064938173,0.488621432,0.999932015,0.006982008,0.035879631,0.0413161,0.051203752,0.012662627,0.139782126,0.003039713,0.975601709,0.165292871,0.144293925,0.013691227,0.016576065,0.067481774,0.005859624,0.199581863,0.44980441,-4.449705098,68.87023078,33.77527725,49.64587781,-9.856121129,3.03460143,2.958443214,90.46786237,-3.198687233,-1.99247763,52.46219465,62.65994572,31.17487398,36.68088406,63.80379992,99.92245056,22.48933695,40.20938348,59.7518418,76.34742148,89.80224893,73.05157038,94.41644048,96.00620396,87.12679333,63.82318728,46.99495929,77.0065917,83.52074447,59.86816596,41.64404808,53.27646375,87.39821636,39.24001551,64.01706088,57.92943001,61.41915471,41.72159752,68.1659558,41.87669639,90.345095,58.62737495,52.92749128,61.49670415,53.97440869,57.73555642,30.08918185,20.43427685,61.30283055,83.63706863,76.30864676,65.02520357,87.04924389,47.88677782,80.57386584,79.72082202,74.44746026,46.83986041,21.40364482,0,0,1
109,lig_00033575,ZINC001008808068_1,Cc1cocc1C(=O)N1C[C@@H](C(F)(F)F)[C@H](NC(=O)C(C)(F)F)C1,354.275,2.36232,3,1,4,0.848025923,2,62.55,0.122714985,0.94538002,0.940423799,0.064319903,0.328900298,0.229306902,0.066862475,0.231392175,0.006848417,0.542861021,0.206358486,0.279068181,0.069370641,0.34910332,0.999782228,0.002924902,0.018085366,0.008187383,0.02158398,0.004831282,0.095839216,0.000912119,0.948355961,0.06325277,0.104602085,0.002756753,0.005094554,0.009119943,0.002463761,0.212295029,0.485268378,-4.565410926,17.48436692,1.742787493,15.09597844,-9.318831817,3.51259218,1.897418338,74.51242598,-2.465816559,-4.917767366,54.43970531,50.75610702,31.17487398,36.68088406,63.80379992,94.80418767,68.86390074,40.20938348,38.30942226,75.10663048,86.70027142,54.74990306,74.60255913,67.70065917,58.43350136,69.29042264,20.58937573,55.37029857,66.42109345,69.71694455,43.15626212,43.62155874,80.06979449,22.41178751,41.6828228,32.60953858,47.8480031,21.75261729,53.62543622,24.77704537,79.21675068,45.94804188,45.63784413,36.48701047,30.90345095,32.60953858,20.86079876,22.45056223,62.73749515,76.23109732,30.3993796,30.67080264,61.30283055,53.47033734,92.55525397,58.12330361,48.93369523,61.45792943,8.956960062,0,0,1
